split,class,path,reliable,reason,coverage,confidence,lesion_fraction,flip_iou,healthy
PV-Train,Tomato___Bacterial_spot,/home/dammar/TomatoLeafAI_Project_v5/data/pv_train/Tomato___Bacterial_spot/12440deb-4c37-42ed-a6ea-dcb018b52620___GCREC_Bact.Sp 3436.JPG,True,,0.4810068558673469,0.9942279144611912,0.06384918168634762,0.9991720140757607,False
PV-Train,Tomato___Bacterial_spot,/home/dammar/TomatoLeafAI_Project_v5/data/pv_train/Tomato___Bacterial_spot/287e0f27-ed49-42b0-b4f2-a8a95ff21dad___GCREC_Bact.Sp 5839.JPG,True,,0.5050821109693877,0.9910963844486191,0.01775638243301898,0.9904251993121775,False
PV-Train,Tomato___Bacterial_spot,/home/dammar/TomatoLeafAI_Project_v5/data/pv_train/Tomato___Bacterial_spot/19a19d0b-373f-497a-89bf-ea941ff5e12b___GCREC_Bact.Sp 3124.JPG,True,,0.5405572385204082,0.9952332000156245,0.00571470707517605,0.999483832909339,False
PV-Train,Tomato___Bacterial_spot,/home/dammar/TomatoLeafAI_Project_v5/data/pv_train/Tomato___Bacterial_spot/db5044bc-64df-4f7c-a591-5b79b9318805___GCREC_Bact.Sp 5546.JPG,True,,0.4756457270408163,0.9931039999922207,0.02400905053213777,0.9825588638345584,False
PV-Train,Tomato___Bacterial_spot,/home/dammar/TomatoLeafAI_Project_v5/data/pv_train/Tomato___Bacterial_spot/cda5f764-3abe-4d1f-8fa3-b317f08bf012___GCREC_Bact.Sp 3618.JPG,True,,0.5397600446428571,0.9942751316721328,0.04644980245910719,0.9963566775843669,False
PV-Train,Tomato___Bacterial_spot,/home/dammar/TomatoLeafAI_Project_v5/data/pv_train/Tomato___Bacterial_spot/9f3bb55d-b52d-4be3-b89b-e7c8cbe8e131___GCREC_Bact.Sp 3112.JPG,True,,0.4223134566326531,0.992807948911586,0.0,0.9980192416525184,False
PV-Train,Tomato___Bacterial_spot,/home/dammar/TomatoLeafAI_Project_v5/data/pv_train/Tomato___Bacterial_spot/91d2b551-c853-41b2-80b5-f982f6c30553___GCREC_Bact.Sp 2983.JPG,True,,0.44242267219387754,0.9965202968350426,0.0,0.9801874163319947,False
PV-Train,Tomato___Bacterial_spot,/home/dammar/TomatoLeafAI_Project_v5/data/pv_train/Tomato___Bacterial_spot/9579c6c6-2bd1-4bd9-ba38-22791662a30e___GCREC_Bact.Sp 3544.JPG,True,,0.46243223852040816,0.9946478964531886,0.003878808774727406,0.9993969416325652,False
PV-Train,Tomato___Bacterial_spot,/home/dammar/TomatoLeafAI_Project_v5/data/pv_train/Tomato___Bacterial_spot/f92bb674-d3ff-480e-aa28-53d227491d95___GCREC_Bact.Sp 5949.JPG,True,,0.43421157525510207,0.9955530996651036,0.0001376967916647542,0.9792197162604583,False
PV-Train,Tomato___Bacterial_spot,/home/dammar/TomatoLeafAI_Project_v5/data/pv_train/Tomato___Bacterial_spot/dfe0a874-9a6c-4121-9f20-b0e7a85a5996___GCREC_Bact.Sp 5684.JPG,True,,0.49882413903061223,0.9956274628600901,0.0,0.9999200926924767,False
PV-Train,Tomato___Bacterial_spot,/home/dammar/TomatoLeafAI_Project_v5/data/pv_train/Tomato___Bacterial_spot/e2061420-56a2-4612-9ba9-1d9c40e7fd13___GCREC_Bact.Sp 5824.JPG,True,,0.5083506058673469,0.9943254785937843,0.014780256400203865,1.0,False
PV-Train,Tomato___Bacterial_spot,/home/dammar/TomatoLeafAI_Project_v5/data/pv_train/Tomato___Bacterial_spot/3813824a-787e-437a-bdd2-2bd99f57edb6___GCREC_Bact.Sp 3416.JPG,True,,0.5138113839285714,0.9935952366809411,0.02897482642255925,0.9801311802385793,False
PV-Train,Tomato___Early_blight,/home/dammar/TomatoLeafAI_Project_v5/data/pv_train/Tomato___Early_blight/73bbd57a-8733-4b2a-a38d-f304ea890c62___RS_Erly.B 9548.JPG,True,,0.5280213647959183,0.993861448178549,0.03906544878085604,1.0,False
PV-Train,Tomato___Early_blight,/home/dammar/TomatoLeafAI_Project_v5/data/pv_train/Tomato___Early_blight/d44e75f7-59ac-4296-ac62-893125ddf04e___RS_Erly.B 7856.JPG,True,,0.36411830357142855,0.9674942538013491,0.3167487684729064,0.9297912713472486,False
PV-Train,Tomato___Early_blight,/home/dammar/TomatoLeafAI_Project_v5/data/pv_train/Tomato___Early_blight/22b8de0e-636d-4407-a270-ef3614c33227___RS_Erly.B 8257.JPG,True,,0.4932836415816326,0.9642845303700252,0.15623611167225568,0.9961749073924948,False
PV-Train,Tomato___Early_blight,/home/dammar/TomatoLeafAI_Project_v5/data/pv_train/Tomato___Early_blight/f899b748-cd86-460f-a202-a6946e04946e___RS_Erly.B 7494.JPG,True,,0.5397201849489796,0.9953319357024366,0.05324766441416491,1.0,False
PV-Train,Tomato___Early_blight,/home/dammar/TomatoLeafAI_Project_v5/data/pv_train/Tomato___Early_blight/27ba7432-8547-436c-9b97-adf3cbe15575___RS_Erly.B 7544.JPG,True,,0.42257254464285715,0.991977526498222,0.058435127104655,0.9982096584216725,False
PV-Train,Tomato___Early_blight,/home/dammar/TomatoLeafAI_Project_v5/data/pv_train/Tomato___Early_blight/4ee9cff7-9693-4d51-821b-da31e5df240c___RS_Erly.B 7427.JPG,True,,0.3606704400510204,0.958846397297564,0.022324142123003814,0.9997237569060774,False
PV-Train,Tomato___Early_blight,/home/dammar/TomatoLeafAI_Project_v5/data/pv_train/Tomato___Early_blight/b383b96d-13d9-454a-a179-3093e48d8708___RS_Erly.B 7500.JPG,True,,0.34468670280612246,0.9847843793730584,0.1213645562301243,0.9979188345473465,False
PV-Train,Tomato___Early_blight,/home/dammar/TomatoLeafAI_Project_v5/data/pv_train/Tomato___Early_blight/22742bf8-7e7f-41cc-bf74-5fe80d6cf0cd___RS_Erly.B 6370.JPG,True,,0.5233179209183674,0.9914033987157447,0.0668748571863813,0.9996193086645347,False
PV-Train,Tomato___Early_blight,/home/dammar/TomatoLeafAI_Project_v5/data/pv_train/Tomato___Early_blight/1f4c6478-a39b-4974-aeef-3fcfa5ea69a6___RS_Erly.B 7385.JPG,True,,0.40451610331632654,0.9931673669637762,0.023205399812780213,0.9763963088878096,False
PV-Train,Tomato___Early_blight,/home/dammar/TomatoLeafAI_Project_v5/data/pv_train/Tomato___Early_blight/42d072db-d17e-4050-882a-6a8d1c1ede05___RS_Erly.B 8430.JPG,True,,0.4932437818877551,0.9853798449539417,0.246151359650895,0.9991918865408703,False
PV-Train,Tomato___Early_blight,/home/dammar/TomatoLeafAI_Project_v5/data/pv_train/Tomato___Early_blight/6043e8e3-0ab2-4b30-b125-e2a26123b487___RS_Erly.B 8307.JPG,True,,0.5675023915816326,0.9501884760312282,0.021457418788410888,0.5694403218891197,False
PV-Train,Tomato___Early_blight,/home/dammar/TomatoLeafAI_Project_v5/data/pv_train/Tomato___Early_blight/c73fd35a-bc55-46c3-baf3-a943a6e396c5___RS_Erly.B 9563.JPG,True,,0.3848852040816326,0.9580340652148505,0.026097763048881523,1.0,False
PV-Train,Tomato___Late_blight,/home/dammar/TomatoLeafAI_Project_v5/data/pv_train/Tomato___Late_blight/e55af4aa-1f1c-4300-86ca-bdcff04bef80___GHLB_PS Leaf 2 Day 9.jpg,True,,0.28366151147959184,0.9913304009535711,0.011733295861729783,0.9677865339416563,False
PV-Train,Tomato___Late_blight,/home/dammar/TomatoLeafAI_Project_v5/data/pv_train/Tomato___Late_blight/1def69ef-c2f3-4052-8f02-b397428c7580___GHLB2 Leaf 8627.JPG,True,,0.319515306122449,0.9889048818233293,0.03592814371257485,0.9548216806825854,False
PV-Train,Tomato___Late_blight,/home/dammar/TomatoLeafAI_Project_v5/data/pv_train/Tomato___Late_blight/97e49ab1-3159-4659-9954-518c94690a9e___RS_Late.B 5534.JPG,True,,0.3833506058673469,0.9944903849809068,0.02225110475695347,1.0,False
PV-Train,Tomato___Late_blight,/home/dammar/TomatoLeafAI_Project_v5/data/pv_train/Tomato___Late_blight/3d43c9c6-7b87-4c79-819c-e202de44236c___GHLB2 Leaf 89.3.JPG,True,,0.35341597576530615,0.8683695717440019,0.17374386736592792,0.9999436079625557,False
PV-Train,Tomato___Late_blight,/home/dammar/TomatoLeafAI_Project_v5/data/pv_train/Tomato___Late_blight/8a2f5ea2-51e1-493d-93ff-61faa8221754___RS_Late.B 7069.JPG,True,,0.17091836734693877,0.8984500903579886,0.0012826492537313433,0.9550894790835518,False
PV-Train,Tomato___Late_blight,/home/dammar/TomatoLeafAI_Project_v5/data/pv_train/Tomato___Late_blight/c3a5ec63-9d0d-48a2-898a-9bc31b4443a9___GHLB_PS Leaf 1.2 Day 16.jpg,True,,0.411312181122449,0.9136619545437337,0.0010659947669347805,0.971290723225375,False
PV-Train,Tomato___Late_blight,/home/dammar/TomatoLeafAI_Project_v5/data/pv_train/Tomato___Late_blight/1f38b254-2338-4e4a-b772-2a8e60ca8bc0___GHLB2 Leaf 121.3.JPG,True,,0.3051060267857143,0.9699286728022356,0.1440329218106996,0.9752044657925484,False
PV-Train,Tomato___Late_blight,/home/dammar/TomatoLeafAI_Project_v5/data/pv_train/Tomato___Late_blight/a5fbcb1e-c1f2-4cc9-b69b-24ce89f7ec7a___RS_Late.B 5585.JPG,True,,0.2337970344387755,0.9063573674989596,0.0,0.9663090848139457,False
PV-Train,Tomato___Late_blight,/home/dammar/TomatoLeafAI_Project_v5/data/pv_train/Tomato___Late_blight/59cf2a70-1658-4f1d-b35c-dfe02630a28a___GHLB2 Leaf 8938.JPG,True,,0.2651865433673469,0.9892849564779032,0.06057417706297911,0.9981245311327832,False
PV-Train,Tomato___Late_blight,/home/dammar/TomatoLeafAI_Project_v5/data/pv_train/Tomato___Late_blight/1745208a-82b2-4a82-9791-d812cb016850___GHLB2 Leaf 95.JPG,True,,0.3970424107142857,0.9878319754397507,0.03563899206906937,0.9980932309699433,False
PV-Train,Tomato___Late_blight,/home/dammar/TomatoLeafAI_Project_v5/data/pv_train/Tomato___Late_blight/2fd3c2fb-ebd9-48f3-810a-8e365c0db1e2___RS_Late.B 5347.JPG,True,,0.381038743622449,0.9883100983279369,0.13672263193681677,0.9987970711297071,False
PV-Train,Tomato___Late_blight,/home/dammar/TomatoLeafAI_Project_v5/data/pv_train/Tomato___Late_blight/ce6a5c52-75d4-4d81-8d7e-3ece1c7812f3___GHLB2 Leaf 8872.JPG,True,,0.29091597576530615,0.9892557952582479,0.06720559018976502,0.9984943881741035,False
PV-Train,Tomato___Leaf_Mold,/home/dammar/TomatoLeafAI_Project_v5/data/pv_train/Tomato___Leaf_Mold/b193984f-18ce-4d09-af21-0b70e44d704e___Crnl_L.Mold 8705.JPG,True,,0.44038982780612246,0.9905463633147003,0.002760555731547269,0.999547572727684,False
PV-Train,Tomato___Leaf_Mold,/home/dammar/TomatoLeafAI_Project_v5/data/pv_train/Tomato___Leaf_Mold/dc84eefb-f6bf-4978-a58a-d11f1ed0b26f___Crnl_L.Mold 9125.JPG,True,,0.28023357780612246,0.9810258412919985,0.017210724699523505,0.9990048336650554,False
PV-Train,Tomato___Leaf_Mold,/home/dammar/TomatoLeafAI_Project_v5/data/pv_train/Tomato___Leaf_Mold/c2fd7cad-271c-49cc-aa49-85ebf0d4fd8d___Crnl_L.Mold 6820.JPG,True,,0.335140306122449,0.9880130724820362,0.012012369172216937,0.97856427772216,False
PV-Train,Tomato___Leaf_Mold,/home/dammar/TomatoLeafAI_Project_v5/data/pv_train/Tomato___Leaf_Mold/5232c7a2-7f94-4e6e-b47a-6264e1e49ff8___Crnl_L.Mold 7161.JPG,True,,0.26028380102040816,0.9911128536730633,0.0,0.999770290964778,False
PV-Train,Tomato___Leaf_Mold,/home/dammar/TomatoLeafAI_Project_v5/data/pv_train/Tomato___Leaf_Mold/9a5845de-1487-402e-ab3d-bdd3ccf48175___Crnl_L.Mold 6809.JPG,True,,0.4129663584183674,0.9906825795553267,0.018338883258529993,0.999951742109835,False
PV-Train,Tomato___Leaf_Mold,/home/dammar/TomatoLeafAI_Project_v5/data/pv_train/Tomato___Leaf_Mold/bb3b17dd-b745-4706-8e03-ff2660d77c23___Crnl_L.Mold 6512.JPG,True,,0.22385204081632654,0.9694750148394595,0.01379985754985755,1.0,False
PV-Train,Tomato___Leaf_Mold,/home/dammar/TomatoLeafAI_Project_v5/data/pv_train/Tomato___Leaf_Mold/fe52f026-be65-43bf-823e-d5fc9a9b0340___Crnl_L.Mold 6774.JPG,True,,0.3514429209183674,0.9867829021269887,0.01939435182034706,0.9998865955999092,False
PV-Train,Tomato___Leaf_Mold,/home/dammar/TomatoLeafAI_Project_v5/data/pv_train/Tomato___Leaf_Mold/697ae68d-7932-4320-a28e-c8228cd23f50___Crnl_L.Mold 8629.JPG,True,,0.3469387755102041,0.9859873589853845,0.01614200367647059,0.9973575367647058,False
PV-Train,Tomato___Leaf_Mold,/home/dammar/TomatoLeafAI_Project_v5/data/pv_train/Tomato___Leaf_Mold/119da3be-8512-492e-ac10-66bee5e73a5c___Crnl_L.Mold 8770.JPG,True,,0.4172911352040816,0.9940171405656384,0.05525838188938772,0.9901631591392764,False
PV-Train,Tomato___Leaf_Mold,/home/dammar/TomatoLeafAI_Project_v5/data/pv_train/Tomato___Leaf_Mold/0462054e-f0aa-41a7-a9cc-95d0784b9767___Crnl_L.Mold 6547.JPG,True,,0.3031529017857143,0.9880946469243175,0.001972256919334692,0.9814814814814815,False
PV-Train,Tomato___Leaf_Mold,/home/dammar/TomatoLeafAI_Project_v5/data/pv_train/Tomato___Leaf_Mold/600a933c-9490-4ae7-b7e7-5177992b9bb8___Crnl_L.Mold 8633.JPG,True,,0.31718351403061223,0.9884803921445573,0.0064090480678605085,0.9541868932038835,False
PV-Train,Tomato___Leaf_Mold,/home/dammar/TomatoLeafAI_Project_v5/data/pv_train/Tomato___Leaf_Mold/cf7130f7-50b1-4dce-81ed-841302e5f71d___Crnl_L.Mold 7072.JPG,True,,0.30213647959183676,0.9947194803741257,0.004617414248021108,0.9999340412901524,False
PV-Train,Tomato___Septoria_leaf_spot,/home/dammar/TomatoLeafAI_Project_v5/data/pv_train/Tomato___Septoria_leaf_spot/443e6a2f-2adf-4c66-88c9-153cdbf03e17___Matt.S_CG 2780.JPG,True,,0.5162228954081632,0.9954011655213857,0.014361825341672458,1.0,False
PV-Train,Tomato___Septoria_leaf_spot,/home/dammar/TomatoLeafAI_Project_v5/data/pv_train/Tomato___Septoria_leaf_spot/f7a66452-2777-44fa-b28a-041e7d7b4bd6___JR_Sept.L.S 8454.JPG,True,,0.2782405931122449,0.991424352553304,0.06532483346465152,0.9429596286397525,False
PV-Train,Tomato___Septoria_leaf_spot,/home/dammar/TomatoLeafAI_Project_v5/data/pv_train/Tomato___Septoria_leaf_spot/ce568d1c-fb5d-4d7a-bbff-13da7d3ec8ef___Matt.S_CG 1041.JPG,True,,0.38588169642857145,0.9901614208339298,0.06626381572151638,1.0,False
PV-Train,Tomato___Septoria_leaf_spot,/home/dammar/TomatoLeafAI_Project_v5/data/pv_train/Tomato___Septoria_leaf_spot/253ddc99-8132-4710-bb89-eb83ab271abc___Matt.S_CG 0698.JPG,True,,0.39646444515306123,0.9914198995975945,0.02317398079726537,0.9998994621223546,False
PV-Train,Tomato___Septoria_leaf_spot,/home/dammar/TomatoLeafAI_Project_v5/data/pv_train/Tomato___Septoria_leaf_spot/dbfb2b8b-eb80-46e6-bfd0-cb03eaa2210b___Matt.S_CG 7660.JPG,True,,0.44923867984693877,0.9916686362480445,0.10376646998802183,1.0,False
PV-Train,Tomato___Septoria_leaf_spot,/home/dammar/TomatoLeafAI_Project_v5/data/pv_train/Tomato___Septoria_leaf_spot/b029df2d-8ca4-40e4-98d3-72432599d4a2___Matt.S_CG 6306.JPG,True,,0.3853037308673469,0.9893411608581939,0.0011379506543216262,0.9983471928102887,False
PV-Train,Tomato___Septoria_leaf_spot,/home/dammar/TomatoLeafAI_Project_v5/data/pv_train/Tomato___Septoria_leaf_spot/22709956-4b66-48a8-a03b-e82f095153ba___JR_Sept.L.S 2491.JPG,True,,0.3401426977040816,0.9902749341795714,0.043241342942520654,0.9997071227741331,False
PV-Train,Tomato___Septoria_leaf_spot,/home/dammar/TomatoLeafAI_Project_v5/data/pv_train/Tomato___Septoria_leaf_spot/2ff033e7-73ea-49aa-b81a-164963cc464d___Matt.S_CG 6638.JPG,True,,0.35485092474489793,0.9948927368002349,0.0,0.9740714008106157,False
PV-Train,Tomato___Septoria_leaf_spot,/home/dammar/TomatoLeafAI_Project_v5/data/pv_train/Tomato___Septoria_leaf_spot/d8c33d6a-3aad-4714-9eec-3353a008e67f___Keller.St_CG 1980.JPG,True,,0.4225924744897959,0.9898683020438692,0.05418788907753254,0.9818674642489952,False
PV-Train,Tomato___Septoria_leaf_spot,/home/dammar/TomatoLeafAI_Project_v5/data/pv_train/Tomato___Septoria_leaf_spot/4a07823f-bbfe-4880-bbae-59fd1ae9de33___Matt.S_CG 6687.JPG,True,,0.3530173788265306,0.992297803719614,0.04262406142381302,0.9998871013265594,False
PV-Train,Tomato___Septoria_leaf_spot,/home/dammar/TomatoLeafAI_Project_v5/data/pv_train/Tomato___Septoria_leaf_spot/8bcfea5e-26a6-4a7a-9a36-068298b89029___JR_Sept.L.S 8429.JPG,True,,0.36826371173469385,0.9869572314569404,0.010390734928022513,0.9999458815889165,False
PV-Train,Tomato___Septoria_leaf_spot,/home/dammar/TomatoLeafAI_Project_v5/data/pv_train/Tomato___Septoria_leaf_spot/6e2dd387-240a-4b31-995e-3389310d8db3___Matt.S_CG 2542.JPG,True,,0.5256696428571429,0.9897072874072872,0.0579693660903852,0.9997346072186837,False
PV-Train,Tomato___Spider_mites Two-spotted_spider_mite,/home/dammar/TomatoLeafAI_Project_v5/data/pv_train/Tomato___Spider_mites Two-spotted_spider_mite/fe71b883-7106-4a92-85b6-09e6015ff0ff___Com.G_SpM_FL 9303.JPG,True,,0.3312141262755102,0.9955461415046694,0.0022263674107948733,1.0,False
PV-Train,Tomato___Spider_mites Two-spotted_spider_mite,/home/dammar/TomatoLeafAI_Project_v5/data/pv_train/Tomato___Spider_mites Two-spotted_spider_mite/e3687cbd-21d5-4560-a527-c0693c48d806___Com.G_SpM_FL 8454.JPG,True,,0.4358059630102041,0.994577006499171,0.0009146202039603055,0.9818733855984049,False
PV-Train,Tomato___Spider_mites Two-spotted_spider_mite,/home/dammar/TomatoLeafAI_Project_v5/data/pv_train/Tomato___Spider_mites Two-spotted_spider_mite/843caa57-9dc8-4737-8de7-ce70f07d5470___Com.G_SpM_FL 8990.JPG,True,,0.359375,0.9909310310389665,0.01791259982253771,1.0,False
PV-Train,Tomato___Spider_mites Two-spotted_spider_mite,/home/dammar/TomatoLeafAI_Project_v5/data/pv_train/Tomato___Spider_mites Two-spotted_spider_mite/92eebea8-e369-4cf4-ada9-5b4814be3566___Com.G_SpM_FL 8901.JPG,True,,0.36758609693877553,0.9874009638063628,0.09943613099110822,0.9994036970781157,False
PV-Train,Tomato___Spider_mites Two-spotted_spider_mite,/home/dammar/TomatoLeafAI_Project_v5/data/pv_train/Tomato___Spider_mites Two-spotted_spider_mite/54a61499-2018-48f7-a77f-90531d1483b9___Com.G_SpM_FL 8586.JPG,True,,0.3859813456632653,0.9910734336267082,0.023132131977074404,0.9990197595831398,False
PV-Train,Tomato___Spider_mites Two-spotted_spider_mite,/home/dammar/TomatoLeafAI_Project_v5/data/pv_train/Tomato___Spider_mites Two-spotted_spider_mite/e5d51758-c8ac-4e80-8770-b94c12502011___Com.G_SpM_FL 9260.JPG,True,,0.36754623724489793,0.9945010894937096,0.001084481075805227,0.99886141834743,False
PV-Train,Tomato___Spider_mites Two-spotted_spider_mite,/home/dammar/TomatoLeafAI_Project_v5/data/pv_train/Tomato___Spider_mites Two-spotted_spider_mite/ffb50767-1893-4379-ba42-8af6d8030057___Com.G_SpM_FL 8854.JPG,True,,0.4945790816326531,0.9904290734159291,0.09385074145712444,0.982370577653408,False
PV-Train,Tomato___Spider_mites Two-spotted_spider_mite,/home/dammar/TomatoLeafAI_Project_v5/data/pv_train/Tomato___Spider_mites Two-spotted_spider_mite/33b4120c-378e-4902-a3e7-6411fc4f0a2a___Com.G_SpM_FL 1694.JPG,True,,0.33852838010204084,0.9911689003176902,0.009478393971505947,0.9873772791023843,False
PV-Train,Tomato___Spider_mites Two-spotted_spider_mite,/home/dammar/TomatoLeafAI_Project_v5/data/pv_train/Tomato___Spider_mites Two-spotted_spider_mite/d39a5841-b206-4eb3-a84d-1df91c7205aa___Com.G_SpM_FL 9641.JPG,True,,0.3100087691326531,0.994264332681948,0.002507232401157184,0.9583253557980727,False
PV-Train,Tomato___Spider_mites Two-spotted_spider_mite,/home/dammar/TomatoLeafAI_Project_v5/data/pv_train/Tomato___Spider_mites Two-spotted_spider_mite/89f2d406-7506-4cd0-b075-cdbba849d8a8___Com.G_SpM_FL 8897.JPG,True,,0.421077806122449,0.9876125718746569,0.1338034835289663,0.9772280011245431,False
PV-Train,Tomato___Spider_mites Two-spotted_spider_mite,/home/dammar/TomatoLeafAI_Project_v5/data/pv_train/Tomato___Spider_mites Two-spotted_spider_mite/5b9ca8f7-fe90-49f6-934e-b27c980065f3___Com.G_SpM_FL 8736.JPG,True,,0.41745057397959184,0.9879001696236367,0.02038575384321589,0.9999045163754416,False
PV-Train,Tomato___Spider_mites Two-spotted_spider_mite,/home/dammar/TomatoLeafAI_Project_v5/data/pv_train/Tomato___Spider_mites Two-spotted_spider_mite/de70ab7d-d4fc-48c1-8fbb-fbb4f0d75c63___Com.G_SpM_FL 1651.JPG,True,,0.31702407525510207,0.9936301173659878,0.003520462689382033,1.0,False
PV-Train,Tomato___Target_Spot,/home/dammar/TomatoLeafAI_Project_v5/data/pv_train/Tomato___Target_Spot/7bd67c4c-0d39-44c4-8d00-71a23cad441b___Com.G_TgS_FL 9881.JPG,True,,0.39546795280612246,0.9859670669470539,0.0426850778612105,0.9779940119760479,False
PV-Train,Tomato___Target_Spot,/home/dammar/TomatoLeafAI_Project_v5/data/pv_train/Tomato___Target_Spot/4f72435f-b379-4954-8c28-27e8ec20bc76___Com.G_TgS_FL 0011.JPG,True,,0.4516701211734694,0.9918778372436521,0.010148700525084941,0.9919500285927946,False
PV-Train,Tomato___Target_Spot,/home/dammar/TomatoLeafAI_Project_v5/data/pv_train/Tomato___Target_Spot/6e5d20d1-485c-431f-8e3b-d9af7b28ee92___Com.G_TgS_FL 0656.JPG,True,,0.47074298469387754,0.9906424897207906,0.03619813717188823,0.9803806489477656,False
PV-Train,Tomato___Target_Spot,/home/dammar/TomatoLeafAI_Project_v5/data/pv_train/Tomato___Target_Spot/a3c89f44-7911-49e8-a5a8-a2abd3da3dcf___Com.G_TgS_FL 0729.JPG,True,,0.3899673150510204,0.9948003731973409,0.0293351050237645,0.9729879834393618,False
PV-Train,Tomato___Target_Spot,/home/dammar/TomatoLeafAI_Project_v5/data/pv_train/Tomato___Target_Spot/4d6e773b-af80-461b-b682-962579767e6b___Com.G_TgS_FL 8210.JPG,True,,0.44064891581632654,0.9859629089957096,0.03152419719583899,0.9817994351548841,False
PV-Train,Tomato___Target_Spot,/home/dammar/TomatoLeafAI_Project_v5/data/pv_train/Tomato___Target_Spot/6eddf6dc-415f-4e8d-b6b6-3080370e228b___Com.G_TgS_FL 0659.JPG,True,,0.4591039540816326,0.9865387809255426,0.024440006945650287,0.996657405799618,False
PV-Train,Tomato___Target_Spot,/home/dammar/TomatoLeafAI_Project_v5/data/pv_train/Tomato___Target_Spot/4acbd8cc-eab9-466d-9d1c-065213652abc___Com.G_TgS_FL 9855.JPG,True,,0.33500079719387754,0.9936750272495269,0.0,0.9945273927785379,False
PV-Train,Tomato___Target_Spot,/home/dammar/TomatoLeafAI_Project_v5/data/pv_train/Tomato___Target_Spot/fa98bbb6-2231-4489-ab05-1eeb55bae882___Com.G_TgS_FL 8105.JPG,True,,0.410335618622449,0.9946226624198158,0.005536937199475448,0.9782880199827073,False
PV-Train,Tomato___Target_Spot,/home/dammar/TomatoLeafAI_Project_v5/data/pv_train/Tomato___Target_Spot/ee3f8fd8-654e-498e-aee7-965fe25ee23d___Com.G_TgS_FL 8368.JPG,True,,0.5104830994897959,0.9932353818543187,0.03599593972046537,0.9988678066682283,False
PV-Train,Tomato___Target_Spot,/home/dammar/TomatoLeafAI_Project_v5/data/pv_train/Tomato___Target_Spot/4c935699-7ce3-4aa8-8180-9c96eb190b61___Com.G_TgS_FL 7920.JPG,True,,0.4753268494897959,0.9963779729390865,0.012410901467505241,0.999119496855346,False
PV-Train,Tomato___Target_Spot,/home/dammar/TomatoLeafAI_Project_v5/data/pv_train/Tomato___Target_Spot/4da7287d-0928-413c-8dbe-965e6db6c8bd___Com.G_TgS_FL 9666.JPG,True,,0.3323501275510204,0.9961570323892601,0.0004797313504437515,0.9997601343247782,False
PV-Train,Tomato___Target_Spot,/home/dammar/TomatoLeafAI_Project_v5/data/pv_train/Tomato___Target_Spot/29290d4b-f5ac-4c05-9408-60a0e5fcf867___Com.G_TgS_FL 1009.JPG,True,,0.4096580038265306,0.984679209569683,0.03356847482364388,0.9996108381573187,False
PV-Train,Tomato___Tomato_Yellow_Leaf_Curl_Virus,/home/dammar/TomatoLeafAI_Project_v5/data/pv_train/Tomato___Tomato_Yellow_Leaf_Curl_Virus/ccfe70d4-100b-4a06-a256-d49e94916ac1___YLCV_NREC 2041.JPG,True,,0.357421875,0.9870110024329151,0.05999776959964313,0.9768626148566367,False
PV-Train,Tomato___Tomato_Yellow_Leaf_Curl_Virus,/home/dammar/TomatoLeafAI_Project_v5/data/pv_train/Tomato___Tomato_Yellow_Leaf_Curl_Virus/de43da1d-a2c5-4840-b224-6bed63e56f51___YLCV_NREC 2635.JPG,True,,0.42151626275510207,0.992490008154949,0.135177304964539,0.9987708018154312,False
PV-Train,Tomato___Tomato_Yellow_Leaf_Curl_Virus,/home/dammar/TomatoLeafAI_Project_v5/data/pv_train/Tomato___Tomato_Yellow_Leaf_Curl_Virus/c8491238-5793-4466-b31b-967a58dbf9eb___YLCV_GCREC 5193.JPG,True,,0.3334462691326531,0.9828460142870108,0.09652740421971191,0.9971913469582885,False
PV-Train,Tomato___Tomato_Yellow_Leaf_Curl_Virus,/home/dammar/TomatoLeafAI_Project_v5/data/pv_train/Tomato___Tomato_Yellow_Leaf_Curl_Virus/fb5ec5d8-3bfd-4ea3-a303-4b07edfbeef8___YLCV_GCREC 2034.JPG,True,,0.4259406887755102,0.9924445227107277,0.0008890136627362905,0.9978043539194619,False
PV-Train,Tomato___Tomato_Yellow_Leaf_Curl_Virus,/home/dammar/TomatoLeafAI_Project_v5/data/pv_train/Tomato___Tomato_Yellow_Leaf_Curl_Virus/715c0428-2bd8-4c35-b39d-f90e1358544b___YLCV_GCREC 2437.JPG,True,,0.45603475765306123,0.991911521946454,0.013897386592081111,0.998121778631956,False
PV-Train,Tomato___Tomato_Yellow_Leaf_Curl_Virus,/home/dammar/TomatoLeafAI_Project_v5/data/pv_train/Tomato___Tomato_Yellow_Leaf_Curl_Virus/5857b6f9-fe50-4850-927b-26940a8255ff___YLCV_GCREC 2087.JPG,True,,0.40834263392857145,0.9851301115155942,0.0023915271609156134,0.9737489745693191,False
PV-Train,Tomato___Tomato_Yellow_Leaf_Curl_Virus,/home/dammar/TomatoLeafAI_Project_v5/data/pv_train/Tomato___Tomato_Yellow_Leaf_Curl_Virus/cc07d72c-2dc3-4a2e-9e35-fed03d6d8507___YLCV_NREC 2579.JPG,True,,0.3001235650510204,0.9852373208539873,0.042964340261637556,0.9969512195121951,False
PV-Train,Tomato___Tomato_Yellow_Leaf_Curl_Virus,/home/dammar/TomatoLeafAI_Project_v5/data/pv_train/Tomato___Tomato_Yellow_Leaf_Curl_Virus/065f7387-bc05-4989-b4b0-5ebc92ef9724___YLCV_NREC 2701.JPG,True,,0.25697544642857145,0.9735645887229951,0.12905227237474795,0.9968202264619203,False
PV-Train,Tomato___Tomato_Yellow_Leaf_Curl_Virus,/home/dammar/TomatoLeafAI_Project_v5/data/pv_train/Tomato___Tomato_Yellow_Leaf_Curl_Virus/3fd050dc-62ae-4f5d-a093-89aa6e7a1ed3___YLCV_GCREC 5122.JPG,True,,0.41637436224489793,0.9919897439539573,0.010291020486310549,0.9795085855231952,False
PV-Train,Tomato___Tomato_Yellow_Leaf_Curl_Virus,/home/dammar/TomatoLeafAI_Project_v5/data/pv_train/Tomato___Tomato_Yellow_Leaf_Curl_Virus/49909493-8fb3-4799-af5d-fbd22bba5696___UF.GRC_YLCV_Lab 01398.JPG,True,,0.4527064732142857,0.9857927411577272,0.0011446180937706362,0.9996918335901387,False
PV-Train,Tomato___Tomato_Yellow_Leaf_Curl_Virus,/home/dammar/TomatoLeafAI_Project_v5/data/pv_train/Tomato___Tomato_Yellow_Leaf_Curl_Virus/977a0667-709d-487f-8a93-7307452ee661___UF.GRC_YLCV_Lab 01566.JPG,True,,0.4059311224489796,0.9889651576922858,0.0,0.9996563236449332,False
PV-Train,Tomato___Tomato_Yellow_Leaf_Curl_Virus,/home/dammar/TomatoLeafAI_Project_v5/data/pv_train/Tomato___Tomato_Yellow_Leaf_Curl_Virus/050b52a2-3082-4b73-aee8-152756b42bfe___YLCV_GCREC 2185.JPG,True,,0.44094786352040816,0.9928699354495025,0.012022598870056498,0.998961531515261,False
PV-Train,Tomato___Tomato_mosaic_virus,/home/dammar/TomatoLeafAI_Project_v5/data/pv_train/Tomato___Tomato_mosaic_virus/263f99b9-9604-42c3-9a7f-687973b8dc79___PSU_CG 2280.JPG,True,,0.33986367984693877,0.9834392540597747,0.003283879669266405,1.0,False
PV-Train,Tomato___Tomato_mosaic_virus,/home/dammar/TomatoLeafAI_Project_v5/data/pv_train/Tomato___Tomato_mosaic_virus/b0ca678e-a79d-457e-8887-952d757b2205___PSU_CG 2266.JPG,True,,0.2840202487244898,0.9921197793401937,0.0,0.9982481956415108,False
PV-Train,Tomato___Tomato_mosaic_virus,/home/dammar/TomatoLeafAI_Project_v5/data/pv_train/Tomato___Tomato_mosaic_virus/ee5d3bda-66ef-4de8-878d-e345c3eae676___PSU_CG 2086.JPG,True,,0.2835020727040816,0.9901025042818499,0.003233743409490334,0.9711538461538461,False
PV-Train,Tomato___Tomato_mosaic_virus,/home/dammar/TomatoLeafAI_Project_v5/data/pv_train/Tomato___Tomato_mosaic_virus/7d688270-b9e9-41fb-a22a-6af2f6285b46___PSU_CG 2091.JPG,True,,0.30064174107142855,0.9886406058216288,0.0004640371229698376,1.0,False
PV-Train,Tomato___Tomato_mosaic_virus,/home/dammar/TomatoLeafAI_Project_v5/data/pv_train/Tomato___Tomato_mosaic_virus/d53047af-8624-4c80-a2be-8aa9ea6f0a35___PSU_CG 2208.JPG,True,,0.33846859056122447,0.99393867675166,0.003591827121238886,0.9954238779700793,False
PV-Train,Tomato___Tomato_mosaic_virus,/home/dammar/TomatoLeafAI_Project_v5/data/pv_train/Tomato___Tomato_mosaic_virus/9ef0e7b7-ce38-4829-aad9-23b954a26000___PSU_CG 2324.JPG,True,,0.34994818239795916,0.9802842208278155,0.005638134290107637,0.9954081632653061,False
PV-Train,Tomato___Tomato_mosaic_virus,/home/dammar/TomatoLeafAI_Project_v5/data/pv_train/Tomato___Tomato_mosaic_virus/0c676b36-7985-42e8-b550-83e2b1c55535___PSU_CG 2177.JPG,True,,0.26474808673469385,0.9879189264192798,0.0017314062029509184,0.966866150926872,False
PV-Train,Tomato___Tomato_mosaic_virus,/home/dammar/TomatoLeafAI_Project_v5/data/pv_train/Tomato___Tomato_mosaic_virus/c1ff629a-8390-43a4-88ed-86e462d688a7___PSU_CG 2083.JPG,True,,0.29354671556122447,0.9930845438724838,0.0012899721637585715,0.9733386923901394,False
PV-Train,Tomato___Tomato_mosaic_virus,/home/dammar/TomatoLeafAI_Project_v5/data/pv_train/Tomato___Tomato_mosaic_virus/43f4bccf-0e70-479a-9880-5523f8ffbe9b___PSU_CG 2367.JPG,True,,0.4009287308673469,0.9862241176007955,0.0024357508574837203,0.9842507949125596,False
PV-Train,Tomato___Tomato_mosaic_virus,/home/dammar/TomatoLeafAI_Project_v5/data/pv_train/Tomato___Tomato_mosaic_virus/597a2eac-2596-4aed-9b6c-0ec234998ed8___PSU_CG 2210.JPG,True,,0.37643494897959184,0.991405622480265,0.0021706903854299027,0.9705821313686832,False
PV-Train,Tomato___Tomato_mosaic_virus,/home/dammar/TomatoLeafAI_Project_v5/data/pv_train/Tomato___Tomato_mosaic_virus/9876590b-d8fd-48b0-9b48-c8ed707db6f8___PSU_CG 2127.JPG,True,,0.22359295280612246,0.9737704917876686,0.003743649166592388,0.9993764475325138,False
PV-Train,Tomato___Tomato_mosaic_virus,/home/dammar/TomatoLeafAI_Project_v5/data/pv_train/Tomato___Tomato_mosaic_virus/eec8df45-9f5b-4121-a630-8088c5422efd___PSU_CG 2157.JPG,True,,0.3373525191326531,0.9851754785672209,0.0002363088556743664,0.9711403917910447,False
PV-Train,Tomato___healthy,/home/dammar/TomatoLeafAI_Project_v5/data/pv_train/Tomato___healthy/de914baa-f72d-4cbf-a9fd-a60baf466e06___GH_HL Leaf 450.1.JPG,True,,0.38966836734693877,0.9930903801154887,0.0,0.9993355481727575,True
PV-Train,Tomato___healthy,/home/dammar/TomatoLeafAI_Project_v5/data/pv_train/Tomato___healthy/b0bf12cb-8868-4762-bd27-8cb3ebf69594___GH_HL Leaf 512.1.JPG,True,,0.26403061224489793,0.989803479365992,0.0,0.968193950177936,True
PV-Train,Tomato___healthy,/home/dammar/TomatoLeafAI_Project_v5/data/pv_train/Tomato___healthy/6890c333-c7d2-4d50-8734-f70b61cef213___GH_HL Leaf 447.1.JPG,True,,0.4174306441326531,0.9905503914745035,0.0,0.998473428108005,True
PV-Train,Tomato___healthy,/home/dammar/TomatoLeafAI_Project_v5/data/pv_train/Tomato___healthy/0cb10f98-491d-4e1f-b8ea-4fb0f1b3675f___GH_HL Leaf 333.JPG,True,,0.41410235969387754,0.9929013469150747,0.0,0.9998556234659993,True
PV-Train,Tomato___healthy,/home/dammar/TomatoLeafAI_Project_v5/data/pv_train/Tomato___healthy/af409ada-072e-4b27-ab15-5cd00116f82e___RS_HL 9824.JPG,True,,0.3931361607142857,0.9878267061766108,0.013028490317347662,0.9789890682980644,True
PV-Train,Tomato___healthy,/home/dammar/TomatoLeafAI_Project_v5/data/pv_train/Tomato___healthy/efe02473-2f94-4ff5-a478-cc9d8ebd79da___RS_HL 9671.JPG,True,,0.2190888073979592,0.8612710880339731,0.011734740289274993,0.9534186149095721,True
PV-Train,Tomato___healthy,/home/dammar/TomatoLeafAI_Project_v5/data/pv_train/Tomato___healthy/4e88356d-0238-4f3c-b718-34bddc184407___RS_HL 0136.JPG,True,,0.30203683035714285,0.9923344766530333,0.012207192345760474,0.9989453562718345,True
PV-Train,Tomato___healthy,/home/dammar/TomatoLeafAI_Project_v5/data/pv_train/Tomato___healthy/97f4f8ad-c220-43f4-b25e-a6ae315057f0___RS_HL 0078.JPG,True,,0.4750478316326531,0.985997278559666,0.026934049337137105,0.998282866356745,True
PV-Train,Tomato___healthy,/home/dammar/TomatoLeafAI_Project_v5/data/pv_train/Tomato___healthy/5575d52c-a773-41fa-a7bc-a09c1ad912f2___RS_HL 0353.JPG,True,,0.31014827806122447,0.946379022519128,0.15120164503277214,1.0,True
PV-Train,Tomato___healthy,/home/dammar/TomatoLeafAI_Project_v5/data/pv_train/Tomato___healthy/e9392a5e-2fac-48c5-a23d-df3aa3f61048___GH_HL Leaf 217.JPG,True,,0.38602120535714285,0.9829088080796069,0.0,0.9917486674866749,True
PV-Train,Tomato___healthy,/home/dammar/TomatoLeafAI_Project_v5/data/pv_train/Tomato___healthy/8ed42b66-acb0-42d9-a1d8-f624573e07d0___GH_HL Leaf 212.8.JPG,True,,0.5407366071428571,0.9953365263354526,0.0,0.9994471472799646,True
PV-Train,Tomato___healthy,/home/dammar/TomatoLeafAI_Project_v5/data/pv_train/Tomato___healthy/0326b4b6-0f25-47af-bfd9-d8fec314a4f5___RS_HL 0621.JPG,True,,0.3868383290816326,0.9907021574795272,0.03590932509015971,0.9773968059594877,True
PV-Test,Tomato___Bacterial_spot,/home/dammar/TomatoLeafAI_Project_v5/data/pv_test/Tomato___Bacterial_spot/a9113641-1f7b-4f81-8bdb-56efadec1cb3___GCREC_Bact.Sp 6203.JPG,True,,0.5005978954081632,0.9949741527783496,0.0,1.0,False
PV-Test,Tomato___Bacterial_spot,/home/dammar/TomatoLeafAI_Project_v5/data/pv_test/Tomato___Bacterial_spot/0893cbc5-7c6f-4ed2-863a-78f0bdb31ba0___GCREC_Bact.Sp 6174.JPG,True,,0.47303491709183676,0.9944170304218252,0.0005898462186644197,0.9992001347141534,False
PV-Test,Tomato___Bacterial_spot,/home/dammar/TomatoLeafAI_Project_v5/data/pv_test/Tomato___Bacterial_spot/bfd9caac-aa4c-4be2-91be-23f2ee32da9f___GCREC_Bact.Sp 5776.JPG,True,,0.43355389030612246,0.9922965985352177,0.07198676105543808,0.9997701572124666,False
PV-Test,Tomato___Bacterial_spot,/home/dammar/TomatoLeafAI_Project_v5/data/pv_test/Tomato___Bacterial_spot/965f8fae-c0d9-44a1-a203-3335b5f1fb74___GCREC_Bact.Sp 3391.JPG,True,,0.3837890625,0.9821369087178491,0.11575011684062939,0.9968323207145453,False
PV-Test,Tomato___Bacterial_spot,/home/dammar/TomatoLeafAI_Project_v5/data/pv_test/Tomato___Bacterial_spot/befc4ca2-a878-4f85-b983-c1506a4a1a69___GCREC_Bact.Sp 5883.JPG,True,,0.6083785076530612,0.9931082227261974,0.010417349144991156,0.9998689641616982,False
PV-Test,Tomato___Bacterial_spot,/home/dammar/TomatoLeafAI_Project_v5/data/pv_test/Tomato___Bacterial_spot/0c32d6d5-bf5b-4904-8108-d7a901f2cb6b___UF.GRC_BS_Lab Leaf 8662.JPG,True,,0.41159119897959184,0.9937820043802568,0.01820646910710827,0.9807369782931621,False
PV-Test,Tomato___Bacterial_spot,/home/dammar/TomatoLeafAI_Project_v5/data/pv_test/Tomato___Bacterial_spot/08fd8d64-fdb3-49bb-93d9-6635ced701d4___UF.GRC_BS_Lab Leaf 0272.JPG,True,,0.34225526147959184,0.9866615853478156,0.04559482909217959,0.999708845280382,False
PV-Test,Tomato___Bacterial_spot,/home/dammar/TomatoLeafAI_Project_v5/data/pv_test/Tomato___Bacterial_spot/c0937468-f1fc-4c71-b0e9-f7ab93d28650___GCREC_Bact.Sp 3469.JPG,True,,0.5139708227040817,0.9911516229363821,0.006087866920004653,0.9981419115085356,False
PV-Test,Tomato___Bacterial_spot,/home/dammar/TomatoLeafAI_Project_v5/data/pv_test/Tomato___Bacterial_spot/7712359a-9f55-4d3a-8bb5-c123ebf1957e___GCREC_Bact.Sp 6022.JPG,True,,0.43030532525510207,0.9936467598389225,0.020008336807002917,0.9809174311926605,False
PV-Test,Tomato___Bacterial_spot,/home/dammar/TomatoLeafAI_Project_v5/data/pv_test/Tomato___Bacterial_spot/051beef3-8c72-4fd8-9dd4-8fececd41a35___GCREC_Bact.Sp 5989.JPG,True,,0.5165617028061225,0.9950337441242654,0.0005787260310968788,0.9828331103039571,False
PV-Test,Tomato___Bacterial_spot,/home/dammar/TomatoLeafAI_Project_v5/data/pv_test/Tomato___Bacterial_spot/62b151e8-3ff6-444f-aa56-af06e198d9ed___GCREC_Bact.Sp 5971.JPG,True,,0.42775430484693877,0.9943030663594126,0.0027489167404370313,0.9772132126613682,False
PV-Test,Tomato___Bacterial_spot,/home/dammar/TomatoLeafAI_Project_v5/data/pv_test/Tomato___Bacterial_spot/b1bc2e49-8946-48ee-8b44-8f54270b2d84___GCREC_Bact.Sp 5999.JPG,True,,0.4832788584183674,0.9951942772430846,0.002103179512557219,0.997938229351367,False
PV-Test,Tomato___Early_blight,/home/dammar/TomatoLeafAI_Project_v5/data/pv_test/Tomato___Early_blight/26b721c9-94fd-4e19-bb7e-521238eb8a1b___RS_Erly.B 9380.JPG,True,,0.5222417091836735,0.9905565745660738,0.09376431079224545,0.9974116930572473,False
PV-Test,Tomato___Early_blight,/home/dammar/TomatoLeafAI_Project_v5/data/pv_test/Tomato___Early_blight/0ba3d536-8732-4ea1-b3e1-a1be86e5dc6a___RS_Erly.B 9499.JPG,True,,0.3481345663265306,0.9803346465115228,0.0898786352186856,0.974471930419067,False
PV-Test,Tomato___Early_blight,/home/dammar/TomatoLeafAI_Project_v5/data/pv_test/Tomato___Early_blight/3d8e1f90-be34-4da7-b124-a98eddb346d1___RS_Erly.B 7414.JPG,True,,0.4694276147959184,0.9907556991477022,0.20692875944637854,0.99266658237451,False
PV-Test,Tomato___Early_blight,/home/dammar/TomatoLeafAI_Project_v5/data/pv_test/Tomato___Early_blight/3a634ad7-1119-4ea1-9268-bedc8308fdc8___RS_Erly.B 7841.JPG,True,,0.4095982142857143,0.9875851063728687,0.10514791747761774,0.9996107434799533,False
PV-Test,Tomato___Early_blight,/home/dammar/TomatoLeafAI_Project_v5/data/pv_test/Tomato___Early_blight/2f3c483a-b18d-4571-8c00-fb24f166d328___RS_Erly.B 7667.JPG,True,,0.34313217474489793,0.9768985925186802,0.020619155485857,0.9834839155205156,False
PV-Test,Tomato___Early_blight,/home/dammar/TomatoLeafAI_Project_v5/data/pv_test/Tomato___Early_blight/d7f1e802-0b8e-4cba-88b4-e61328322cac___RS_Erly.B 8222.JPG,True,,0.3181002869897959,0.9809111482602666,0.14529164839295783,1.0,False
PV-Test,Tomato___Early_blight,/home/dammar/TomatoLeafAI_Project_v5/data/pv_test/Tomato___Early_blight/29f5538a-fda9-4040-81c2-02269a45ad68___RS_Erly.B 7670.JPG,True,,0.3101084183673469,0.9882823697927243,0.002892030848329049,0.9977522317127995,False
PV-Test,Tomato___Early_blight,/home/dammar/TomatoLeafAI_Project_v5/data/pv_test/Tomato___Early_blight/5bcb328c-9fa4-4abf-a3b6-8a015ada7d94___RS_Erly.B 7476.JPG,True,,0.19999601403061223,0.9751180249032492,0.003388141504733433,0.9716094569195766,False
PV-Test,Tomato___Early_blight,/home/dammar/TomatoLeafAI_Project_v5/data/pv_test/Tomato___Early_blight/0fc8cb27-a10f-4587-a91d-4dbec9f839c7___RS_Erly.B 7715.JPG,True,,0.38913026147959184,0.9919837947758541,0.04414852752880922,0.977818292312367,False
PV-Test,Tomato___Early_blight,/home/dammar/TomatoLeafAI_Project_v5/data/pv_test/Tomato___Early_blight/a6d7438a-35f6-40fb-ab5c-a46cdfef7e83___RS_Erly.B 9594.JPG,True,,0.4047751913265306,0.9920265470090848,0.06523879862136879,0.9995077528919517,False
PV-Test,Tomato___Early_blight,/home/dammar/TomatoLeafAI_Project_v5/data/pv_test/Tomato___Early_blight/29fb6588-a368-4143-9cdd-8a131f0d50f4___RS_Erly.B 7779.JPG,True,,0.37691326530612246,0.9878357061867888,0.028447546531302877,0.9983108108108109,False
PV-Test,Tomato___Early_blight,/home/dammar/TomatoLeafAI_Project_v5/data/pv_test/Tomato___Early_blight/2840c2f1-b901-41c2-8d0c-7827bc7f8ab3___RS_Erly.B 9574.JPG,True,,0.3787866709183674,0.9867265649646166,0.006787330316742082,0.9780402768382161,False
PV-Test,Tomato___Late_blight,/home/dammar/TomatoLeafAI_Project_v5/data/pv_test/Tomato___Late_blight/89996998-a74f-46f5-8e5f-790a66dbd652___GHLB2 Leaf 8826.JPG,True,,0.44583067602040816,0.9935479086143912,0.01868573983012964,0.9962002682163612,False
PV-Test,Tomato___Late_blight,/home/dammar/TomatoLeafAI_Project_v5/data/pv_test/Tomato___Late_blight/a4008f85-d333-4ca8-87c2-e8c9c68ed19a___RS_Late.B 6461.JPG,True,,0.30662069515306123,0.9847745959606025,0.3162820929476763,0.9740526653821452,False
PV-Test,Tomato___Late_blight,/home/dammar/TomatoLeafAI_Project_v5/data/pv_test/Tomato___Late_blight/2b3bc2ea-6604-4b73-9e6d-023211f1ebc4___GHLB2 Leaf 112.2.JPG,True,,0.45382254464285715,0.9749788303588369,0.14316455140310044,0.9749050757212063,False
PV-Test,Tomato___Late_blight,/home/dammar/TomatoLeafAI_Project_v5/data/pv_test/Tomato___Late_blight/aefc20fb-6226-4bb9-90e7-6619219ec15a___GHLB Leaf 23.2 Day 12.JPG,True,,0.41250797193877553,0.9570759887333153,0.0005797661609817374,0.998888781524785,False
PV-Test,Tomato___Late_blight,/home/dammar/TomatoLeafAI_Project_v5/data/pv_test/Tomato___Late_blight/fdbc3a0b-5da5-452d-a6e4-b5a5e6dc396a___GHLB2 Leaf 8575.JPG,True,,0.4886997767857143,0.988892891443357,0.0,1.0,False
PV-Test,Tomato___Late_blight,/home/dammar/TomatoLeafAI_Project_v5/data/pv_test/Tomato___Late_blight/cf2e943e-c8d7-43eb-a137-72f6b67b187a___RS_Late.B 7192.JPG,True,,0.5736806441326531,0.8821235364020759,0.0,0.7231981226952732,False
PV-Test,Tomato___Late_blight,/home/dammar/TomatoLeafAI_Project_v5/data/pv_test/Tomato___Late_blight/d63639eb-4a20-4321-b8b6-38de563a1ee6___GHLB_PS Leaf 26.4 Day 13.jpg,True,,0.2279376594387755,0.7877589287982134,0.004808953396869808,0.9547631263896015,False
PV-Test,Tomato___Late_blight,/home/dammar/TomatoLeafAI_Project_v5/data/pv_test/Tomato___Late_blight/766771e1-8e8e-4ce4-9af6-b4ed91c9e80a___RS_Late.B 6881.JPG,True,,0.41476004464285715,0.9869381413413449,0.030512709624717697,0.9608379730112296,False
PV-Test,Tomato___Late_blight,/home/dammar/TomatoLeafAI_Project_v5/data/pv_test/Tomato___Late_blight/cf21ccf7-0ad0-44cb-b541-a03d3921afcf___GHLB2 Leaf 8798.JPG,True,,0.2545639349489796,0.8650920457745426,0.010569169341579894,0.9455403419200124,False
PV-Test,Tomato___Late_blight,/home/dammar/TomatoLeafAI_Project_v5/data/pv_test/Tomato___Late_blight/cd042eac-79ff-4b4c-a561-b24bc69f9215___RS_Late.B 6486.JPG,True,,0.35738201530612246,0.9952459781720258,0.09982154807048851,0.9744268077601411,False
PV-Test,Tomato___Late_blight,/home/dammar/TomatoLeafAI_Project_v5/data/pv_test/Tomato___Late_blight/a01034d4-69a1-4a6f-b05a-9561acba2ff2___GHLB2 Leaf 9057.JPG,True,,0.377750318877551,0.9909327831338401,0.0032710773451514194,0.9730911362098579,False
PV-Test,Tomato___Late_blight,/home/dammar/TomatoLeafAI_Project_v5/data/pv_test/Tomato___Late_blight/dd84ae03-7d7d-4e12-8f9f-f684abdcb320___RS_Late.B 5637.JPG,True,,0.18879544005102042,0.9113073134813392,0.0,0.9990499313839333,False
PV-Test,Tomato___Leaf_Mold,/home/dammar/TomatoLeafAI_Project_v5/data/pv_test/Tomato___Leaf_Mold/28d202ba-1fd8-4200-9727-ad3d977d58f9___Crnl_L.Mold 6758.JPG,True,,0.45569595025510207,0.9916083333252799,0.007216269407391209,0.9998688008396747,False
PV-Test,Tomato___Leaf_Mold,/home/dammar/TomatoLeafAI_Project_v5/data/pv_test/Tomato___Leaf_Mold/82fc0697-cf02-48f0-8a16-23018cee64db___Crnl_L.Mold 6584.JPG,True,,0.29538026147959184,0.9901945763627908,0.0003373591525538088,0.972989155744794,False
PV-Test,Tomato___Leaf_Mold,/home/dammar/TomatoLeafAI_Project_v5/data/pv_test/Tomato___Leaf_Mold/32e7769c-b63c-413a-a623-deebcdb2ec82___Crnl_L.Mold 8757.JPG,True,,0.391422193877551,0.9945459104674825,0.0042260692464358455,0.981289086140811,False
PV-Test,Tomato___Leaf_Mold,/home/dammar/TomatoLeafAI_Project_v5/data/pv_test/Tomato___Leaf_Mold/df5a282e-d66e-4fb3-8ce4-eddfe5253c50___Crnl_L.Mold 8940.JPG,True,,0.38930963010204084,0.993573789607483,0.006091942254530562,0.9991815438129827,False
PV-Test,Tomato___Leaf_Mold,/home/dammar/TomatoLeafAI_Project_v5/data/pv_test/Tomato___Leaf_Mold/6bc4a7d2-eaf3-41d4-8129-3165658288d4___Crnl_L.Mold 8766.JPG,True,,0.4228515625,0.9897339293997285,0.0417589668661922,0.9835543269456027,False
PV-Test,Tomato___Leaf_Mold,/home/dammar/TomatoLeafAI_Project_v5/data/pv_test/Tomato___Leaf_Mold/7aec2458-4ab2-4525-9f08-91e3269c7420___Crnl_L.Mold 6845.JPG,True,,0.2770248724489796,0.9906926406796162,0.015971223021582735,0.9960550853536078,False
PV-Test,Tomato___Leaf_Mold,/home/dammar/TomatoLeafAI_Project_v5/data/pv_test/Tomato___Leaf_Mold/0ee63bfa-d01f-4adb-b954-924f271a4d4f___Crnl_L.Mold 9022.JPG,True,,0.32946029974489793,0.9896581507300819,0.05256790272820761,0.9995162363185583,False
PV-Test,Tomato___Leaf_Mold,/home/dammar/TomatoLeafAI_Project_v5/data/pv_test/Tomato___Leaf_Mold/8fbf1dbe-bce8-47a9-98a9-fc7b64576cc7___Crnl_L.Mold 6780.JPG,True,,0.3043686224489796,0.9872764958427092,0.00026191723415400735,0.9998690585308367,False
PV-Test,Tomato___Leaf_Mold,/home/dammar/TomatoLeafAI_Project_v5/data/pv_test/Tomato___Leaf_Mold/67146d7f-01d8-46e5-b772-3617f7b5d403___Crnl_L.Mold 8673.JPG,True,,0.34080038265306123,0.9880766136135315,0.049181286549707603,1.0,False
PV-Test,Tomato___Leaf_Mold,/home/dammar/TomatoLeafAI_Project_v5/data/pv_test/Tomato___Leaf_Mold/8cd36896-f066-47f4-a965-d5bf0c58f954___Crnl_L.Mold 7042.JPG,True,,0.2979711415816326,0.9901228967139457,0.0,0.9997325309261117,False
PV-Test,Tomato___Leaf_Mold,/home/dammar/TomatoLeafAI_Project_v5/data/pv_test/Tomato___Leaf_Mold/5af43679-cda7-4cdc-8d9f-e962e22e68c5___Crnl_L.Mold 8654.JPG,True,,0.2971141581632653,0.9863171355377842,0.010866648779178964,0.9981235759281598,False
PV-Test,Tomato___Leaf_Mold,/home/dammar/TomatoLeafAI_Project_v5/data/pv_test/Tomato___Leaf_Mold/8b30edb3-09a7-4419-a06a-9dddb5194a38___Crnl_L.Mold 8847.JPG,True,,0.33181202168367346,0.9832405421332888,0.03387590846297075,0.9989799591983679,False
PV-Test,Tomato___Septoria_leaf_spot,/home/dammar/TomatoLeafAI_Project_v5/data/pv_test/Tomato___Septoria_leaf_spot/962119e0-4165-4c4e-bf7e-fd68f89e4e6b___Keller.St_CG 2016.JPG,True,,0.3265904017857143,0.9867822285948877,0.05193140904375419,0.9750512233337351,False
PV-Test,Tomato___Septoria_leaf_spot,/home/dammar/TomatoLeafAI_Project_v5/data/pv_test/Tomato___Septoria_leaf_spot/25f7a39f-7fef-4f5d-af4f-cf21934f516a___JR_Sept.L.S 2493.JPG,True,,0.2923110650510204,0.9891337775254605,0.003749914774664212,0.9625203693644758,False
PV-Test,Tomato___Septoria_leaf_spot,/home/dammar/TomatoLeafAI_Project_v5/data/pv_test/Tomato___Septoria_leaf_spot/d5daea6b-a0cf-4a40-9cef-3cb43c63f6a9___Matt.S_CG 7776.JPG,True,,0.37802933673469385,0.9523397590472809,0.1703922395613665,0.9969949388443695,False
PV-Test,Tomato___Septoria_leaf_spot,/home/dammar/TomatoLeafAI_Project_v5/data/pv_test/Tomato___Septoria_leaf_spot/76d19414-641c-4c03-8039-52bc491ca7a3___Matt.S_CG 7606.JPG,True,,0.4168327487244898,0.9885195831750442,0.03256036337556777,0.99966531197705,False
PV-Test,Tomato___Septoria_leaf_spot,/home/dammar/TomatoLeafAI_Project_v5/data/pv_test/Tomato___Septoria_leaf_spot/2b400c69-36a9-4b78-90a0-3702cd38c896___Matt.S_CG 6876.JPG,True,,0.30775669642857145,0.9720914263074267,0.19550576350213703,0.965289470275871,False
PV-Test,Tomato___Septoria_leaf_spot,/home/dammar/TomatoLeafAI_Project_v5/data/pv_test/Tomato___Septoria_leaf_spot/63ff8ff8-0b4e-4587-8dd0-6961c34b370a___JR_Sept.L.S 2686.JPG,True,,0.33346619897959184,0.987456504644884,0.0065742290222328475,0.9777777777777777,False
PV-Test,Tomato___Septoria_leaf_spot,/home/dammar/TomatoLeafAI_Project_v5/data/pv_test/Tomato___Septoria_leaf_spot/87ba14ab-3b74-407b-977e-237258eb6947___Matt.S_CG 6787.JPG,True,,0.2866908482142857,0.9028949405875462,0.3867222801529371,0.9999304831421619,False
PV-Test,Tomato___Septoria_leaf_spot,/home/dammar/TomatoLeafAI_Project_v5/data/pv_test/Tomato___Septoria_leaf_spot/0176f68f-a3d8-473b-9bea-c075a5507b34___JR_Sept.L.S 2504.JPG,True,,0.38466597576530615,0.9870406532790674,0.006683591523755246,0.9872634271099744,False
PV-Test,Tomato___Septoria_leaf_spot,/home/dammar/TomatoLeafAI_Project_v5/data/pv_test/Tomato___Septoria_leaf_spot/7d807e8c-9e18-40e3-bc9b-599987279985___Matt.S_CG 1510.JPG,True,,0.45131138392857145,0.9921561539764268,0.016736586442923383,0.99951447740113,False
PV-Test,Tomato___Septoria_leaf_spot,/home/dammar/TomatoLeafAI_Project_v5/data/pv_test/Tomato___Septoria_leaf_spot/f83c5c25-a744-4f98-b2b3-1c1138759929___Matt.S_CG 0808.JPG,True,,0.5299545599489796,0.9937337147319663,0.041856267158061,0.9996240177463623,False
PV-Test,Tomato___Septoria_leaf_spot,/home/dammar/TomatoLeafAI_Project_v5/data/pv_test/Tomato___Septoria_leaf_spot/35624b1d-4848-4ccc-8554-76cc8f37fb34___JR_Sept.L.S 2599.JPG,True,,0.3571229272959184,0.9889705882252247,0.03420949829789609,0.9696619950535862,False
PV-Test,Tomato___Septoria_leaf_spot,/home/dammar/TomatoLeafAI_Project_v5/data/pv_test/Tomato___Septoria_leaf_spot/d086f972-4637-49e5-99cb-57cc43ec0146___Matt.S_CG 7452.JPG,True,,0.38950892857142855,0.9880598153567537,0.02670896438804748,0.9990287788171548,False
PV-Test,Tomato___Spider_mites Two-spotted_spider_mite,/home/dammar/TomatoLeafAI_Project_v5/data/pv_test/Tomato___Spider_mites Two-spotted_spider_mite/3a54bf13-626b-4d55-b445-127cc82a52a6___Com.G_SpM_FL 1243.JPG,True,,0.307796556122449,0.9851651889526394,0.008093758093758095,0.976073187895848,False
PV-Test,Tomato___Spider_mites Two-spotted_spider_mite,/home/dammar/TomatoLeafAI_Project_v5/data/pv_test/Tomato___Spider_mites Two-spotted_spider_mite/5fc25157-2201-4a95-a8dc-3ea633ac3509___Com.G_SpM_FL 8729.JPG,True,,0.4167530293367347,0.9841505028651527,0.0902874085409593,0.9978994605432759,False
PV-Test,Tomato___Spider_mites Two-spotted_spider_mite,/home/dammar/TomatoLeafAI_Project_v5/data/pv_test/Tomato___Spider_mites Two-spotted_spider_mite/529646d8-5a02-4db8-b693-dd8232dd189f___Com.G_SpM_FL 8592.JPG,True,,0.3841079400510204,0.9813149401672185,0.05235303274010274,0.9791538303553091,False
PV-Test,Tomato___Spider_mites Two-spotted_spider_mite,/home/dammar/TomatoLeafAI_Project_v5/data/pv_test/Tomato___Spider_mites Two-spotted_spider_mite/ff9a52b5-b200-4f23-9e0d-629b1a0e89db___Com.G_SpM_FL 8634.JPG,True,,0.44007095025510207,0.9862027283634536,0.010733209546669082,0.981297093649085,False
PV-Test,Tomato___Spider_mites Two-spotted_spider_mite,/home/dammar/TomatoLeafAI_Project_v5/data/pv_test/Tomato___Spider_mites Two-spotted_spider_mite/b4a5b3a6-b725-425a-a695-4507de7fd09a___Com.G_SpM_FL 1722.JPG,True,,0.434390943877551,0.9946103963214581,0.0022022389429253073,0.9957046243831109,False
PV-Test,Tomato___Spider_mites Two-spotted_spider_mite,/home/dammar/TomatoLeafAI_Project_v5/data/pv_test/Tomato___Spider_mites Two-spotted_spider_mite/81b7c9e5-7041-4b93-b369-236093916a13___Com.G_SpM_FL 9440.JPG,True,,0.3389867665816326,0.9884524235271663,0.0005291316361926039,0.9961344734684315,False
PV-Test,Tomato___Spider_mites Two-spotted_spider_mite,/home/dammar/TomatoLeafAI_Project_v5/data/pv_test/Tomato___Spider_mites Two-spotted_spider_mite/88edbc3c-7373-46fd-b08b-e99408ea58db___Com.G_SpM_FL 1569.JPG,True,,0.3972018494897959,0.9892975306552898,0.0015554440541896638,0.9999498243853487,False
PV-Test,Tomato___Spider_mites Two-spotted_spider_mite,/home/dammar/TomatoLeafAI_Project_v5/data/pv_test/Tomato___Spider_mites Two-spotted_spider_mite/03e18a00-ffbd-4863-a0c5-7c597c09b025___Com.G_SpM_FL 8798.JPG,True,,0.36722735969387754,0.9955169428540886,0.010474329751438185,0.977103329937262,False
PV-Test,Tomato___Spider_mites Two-spotted_spider_mite,/home/dammar/TomatoLeafAI_Project_v5/data/pv_test/Tomato___Spider_mites Two-spotted_spider_mite/338b9a2f-bdba-40e5-a861-b354fbf3e468___Com.G_SpM_FL 8630.JPG,True,,0.34725765306122447,0.9914982909946135,0.032196969696969696,0.9769645390070922,False
PV-Test,Tomato___Spider_mites Two-spotted_spider_mite,/home/dammar/TomatoLeafAI_Project_v5/data/pv_test/Tomato___Spider_mites Two-spotted_spider_mite/59d8c975-fd07-48b9-bef0-261ca3a7e9f0___Com.G_SpM_FL 9335.JPG,True,,0.2692123724489796,0.9904820839085053,0.0026650873556411016,0.9999259697956766,False
PV-Test,Tomato___Spider_mites Two-spotted_spider_mite,/home/dammar/TomatoLeafAI_Project_v5/data/pv_test/Tomato___Spider_mites Two-spotted_spider_mite/418da11b-7ab4-404a-8179-555235e3f283___Com.G_SpM_FL 1514.JPG,True,,0.3439891581632653,0.9932579146114016,0.0,0.9792918025284595,False
PV-Test,Tomato___Spider_mites Two-spotted_spider_mite,/home/dammar/TomatoLeafAI_Project_v5/data/pv_test/Tomato___Spider_mites Two-spotted_spider_mite/8fd420fe-6e79-46a5-917e-4cfaca97bd5a___Com.G_SpM_FL 8900.JPG,True,,0.3336654974489796,0.9890425195319217,0.05961056026759049,0.9991041032073105,False
PV-Test,Tomato___Target_Spot,/home/dammar/TomatoLeafAI_Project_v5/data/pv_test/Tomato___Target_Spot/fd5fba19-588d-4053-beef-c77be7b3db95___Com.G_TgS_FL 8044.JPG,True,,0.38845264668367346,0.9934041309336163,0.011133343594479504,0.9981036338475732,False
PV-Test,Tomato___Target_Spot,/home/dammar/TomatoLeafAI_Project_v5/data/pv_test/Tomato___Target_Spot/7209c1f5-561b-4efd-a7bc-3071d8cbf4fe___Com.G_TgS_FL 0746.JPG,True,,0.4461694834183674,0.9922151510943977,0.05279849912895877,0.9801761139873446,False
PV-Test,Tomato___Target_Spot,/home/dammar/TomatoLeafAI_Project_v5/data/pv_test/Tomato___Target_Spot/d48bd197-37e3-4484-a4a8-7cec4a8cbca6___Com.G_TgS_FL 9814.JPG,True,,0.33900669642857145,0.9858806918342051,0.03133450911228689,0.9753803274880967,False
PV-Test,Tomato___Target_Spot,/home/dammar/TomatoLeafAI_Project_v5/data/pv_test/Tomato___Target_Spot/b648c02d-081a-4511-8f1f-f24c7f21093f___Com.G_TgS_FL 0806.JPG,True,,0.44690688775510207,0.991149398150944,0.06519800214056368,0.9972421155642542,False
PV-Test,Tomato___Target_Spot,/home/dammar/TomatoLeafAI_Project_v5/data/pv_test/Tomato___Target_Spot/227541e4-58a7-4abe-aef0-0fab2131c907___Com.G_TgS_FL 0743.JPG,True,,0.41737085459183676,0.9908546543189674,0.02984433196447331,0.9999045072574484,False
PV-Test,Tomato___Target_Spot,/home/dammar/TomatoLeafAI_Project_v5/data/pv_test/Tomato___Target_Spot/f252ed58-7e35-499e-861a-c94005d7df94___Com.G_TgS_FL 7912.JPG,True,,0.45896444515306123,0.9883636243175966,0.006600373442181597,0.9996093410886362,False
PV-Test,Tomato___Target_Spot,/home/dammar/TomatoLeafAI_Project_v5/data/pv_test/Tomato___Target_Spot/096df0cf-7d61-4e67-8785-cba26db95895___Com.G_TgS_FL 9970.JPG,True,,0.34095982142857145,0.9250124068806909,0.09703062894552256,0.9751183466112459,False
PV-Test,Tomato___Target_Spot,/home/dammar/TomatoLeafAI_Project_v5/data/pv_test/Tomato___Target_Spot/953657b3-2482-4e49-b3d8-1d028be92a0b___Com.G_TgS_FL 9744.JPG,True,,0.47903380102040816,0.9956399924370194,0.02001164919287735,0.9997919786986187,False
PV-Test,Tomato___Target_Spot,/home/dammar/TomatoLeafAI_Project_v5/data/pv_test/Tomato___Target_Spot/47447629-2229-4b3a-97bb-45deb6f71a87___Com.G_TgS_FL 8254.JPG,True,,0.5044244260204082,0.9933386047549282,0.052390359541683126,0.9832850544116496,False
PV-Test,Tomato___Target_Spot,/home/dammar/TomatoLeafAI_Project_v5/data/pv_test/Tomato___Target_Spot/de6e0561-337d-4d7a-8253-bc93e7a40e20___Com.G_TgS_FL 1070.JPG,True,,0.4710220025510204,0.9914961595481349,0.03664212575103664,1.0,False
PV-Test,Tomato___Target_Spot,/home/dammar/TomatoLeafAI_Project_v5/data/pv_test/Tomato___Target_Spot/dfce437f-eb6d-4551-986a-ca8b87300c8a___Com.G_TgS_FL 8287.JPG,True,,0.49180883290816324,0.9926268702686218,0.027718118085666814,0.9823222177581358,False
PV-Test,Tomato___Target_Spot,/home/dammar/TomatoLeafAI_Project_v5/data/pv_test/Tomato___Target_Spot/fa0e012a-0bb8-4b98-9a4b-b414d64caca4___Com.G_TgS_FL 8232.JPG,True,,0.36684869260204084,0.99217588768612,0.01629814744390721,0.9775329212577264,False
PV-Test,Tomato___Tomato_Yellow_Leaf_Curl_Virus,/home/dammar/TomatoLeafAI_Project_v5/data/pv_test/Tomato___Tomato_Yellow_Leaf_Curl_Virus/bef82d6f-7347-4fa0-9de7-9eeb5229fee3___YLCV_NREC 2224.JPG,True,,0.27070711096938777,0.9873224868479638,0.016491202238091734,0.9999263785614371,False
PV-Test,Tomato___Tomato_Yellow_Leaf_Curl_Virus,/home/dammar/TomatoLeafAI_Project_v5/data/pv_test/Tomato___Tomato_Yellow_Leaf_Curl_Virus/ec2925d5-3189-4fff-bb9b-6fc1e9906df3___UF.GRC_YLCV_Lab 08492.JPG,True,,0.30807557397959184,0.9876391771920343,0.0007762970630094449,0.9762848376374329,False
PV-Test,Tomato___Tomato_Yellow_Leaf_Curl_Virus,/home/dammar/TomatoLeafAI_Project_v5/data/pv_test/Tomato___Tomato_Yellow_Leaf_Curl_Virus/9b43fb49-5c1a-4ee0-85d7-4752990dbd96___YLCV_GCREC 2892.JPG,True,,0.38442681760204084,0.9910613964590265,0.008709627248690963,0.9436973927324984,False
PV-Test,Tomato___Tomato_Yellow_Leaf_Curl_Virus,/home/dammar/TomatoLeafAI_Project_v5/data/pv_test/Tomato___Tomato_Yellow_Leaf_Curl_Virus/1d5d8433-3df8-4b82-9399-c139eaa3a8e6___YLCV_GCREC 1989.JPG,True,,0.467594068877551,0.9939055601687918,0.0,0.9917559068502465,False
PV-Test,Tomato___Tomato_Yellow_Leaf_Curl_Virus,/home/dammar/TomatoLeafAI_Project_v5/data/pv_test/Tomato___Tomato_Yellow_Leaf_Curl_Virus/a52cd19b-99e6-495e-bd59-c8695a0b3d17___YLCV_GCREC 5256.JPG,True,,0.46580038265306123,0.9914279305184444,0.0038507615950710253,0.9964180631955993,False
PV-Test,Tomato___Tomato_Yellow_Leaf_Curl_Virus,/home/dammar/TomatoLeafAI_Project_v5/data/pv_test/Tomato___Tomato_Yellow_Leaf_Curl_Virus/aebdd9c6-17de-4ded-8fb2-17d510f28616___YLCV_GCREC 2376.JPG,True,,0.34632095025510207,0.9918483302299699,0.031363296311215975,0.9664756934596404,False
PV-Test,Tomato___Tomato_Yellow_Leaf_Curl_Virus,/home/dammar/TomatoLeafAI_Project_v5/data/pv_test/Tomato___Tomato_Yellow_Leaf_Curl_Virus/3baecdfe-1140-446b-af35-7fd18205e325___UF.GRC_YLCV_Lab 01734.JPG,True,,0.4897560586734694,0.9914967011044047,0.0002848539106372589,0.999877919752584,False
PV-Test,Tomato___Tomato_Yellow_Leaf_Curl_Virus,/home/dammar/TomatoLeafAI_Project_v5/data/pv_test/Tomato___Tomato_Yellow_Leaf_Curl_Virus/ff46311d-9868-4313-8834-eaf2f3259b27___UF.GRC_YLCV_Lab 02625.JPG,True,,0.4917091836734694,0.9897167248667289,0.0018644617380025941,0.9767220902612826,False
PV-Test,Tomato___Tomato_Yellow_Leaf_Curl_Virus,/home/dammar/TomatoLeafAI_Project_v5/data/pv_test/Tomato___Tomato_Yellow_Leaf_Curl_Virus/6159812d-5f51-4c3e-b3b6-cddf626893a3___UF.GRC_YLCV_Lab 02640.JPG,True,,0.4559749681122449,0.9891831555878459,0.002010577385375235,0.970027364460407,False
PV-Test,Tomato___Tomato_Yellow_Leaf_Curl_Virus,/home/dammar/TomatoLeafAI_Project_v5/data/pv_test/Tomato___Tomato_Yellow_Leaf_Curl_Virus/2c7bfbfd-03a0-4a77-8e20-ba199809deb8___YLCV_GCREC 2790.JPG,True,,0.43612484056122447,0.9936494568869914,0.0,0.9795548302280248,False
PV-Test,Tomato___Tomato_Yellow_Leaf_Curl_Virus,/home/dammar/TomatoLeafAI_Project_v5/data/pv_test/Tomato___Tomato_Yellow_Leaf_Curl_Virus/1af87bdf-0bd0-4146-93e5-cc5f97d98b05___UF.GRC_YLCV_Lab 01968.JPG,True,,0.4377590880102041,0.9889541277103546,0.01538811745959481,0.9996357842021397,False
PV-Test,Tomato___Tomato_Yellow_Leaf_Curl_Virus,/home/dammar/TomatoLeafAI_Project_v5/data/pv_test/Tomato___Tomato_Yellow_Leaf_Curl_Virus/13ece3d5-a35e-4da2-9390-e58f4aa242e3___UF.GRC_YLCV_Lab 02403.JPG,True,,0.35560825892857145,0.9888980611193423,0.007061592781482934,0.9942303383374412,False
PV-Test,Tomato___Tomato_mosaic_virus,/home/dammar/TomatoLeafAI_Project_v5/data/pv_test/Tomato___Tomato_mosaic_virus/62416312-84be-45de-98ad-4df14365e38e___PSU_CG 2058.JPG,True,,0.22652264030612246,0.9847567646244069,0.01997184585606194,0.9634734665747761,False
PV-Test,Tomato___Tomato_mosaic_virus,/home/dammar/TomatoLeafAI_Project_v5/data/pv_test/Tomato___Tomato_mosaic_virus/b8972ee2-b576-4fdd-bb69-f8c43b87471b___PSU_CG 2060.JPG,True,,0.21723533163265307,0.9889137221343187,0.003944954128440367,0.9513813158851326,False
PV-Test,Tomato___Tomato_mosaic_virus,/home/dammar/TomatoLeafAI_Project_v5/data/pv_test/Tomato___Tomato_mosaic_virus/59e3d4c3-f6fe-4d68-82a5-d509b810b39d___PSU_CG 2303.JPG,True,,0.28968032525510207,0.9850071326542078,0.04004127966976264,0.9732899464443089,False
PV-Test,Tomato___Tomato_mosaic_virus,/home/dammar/TomatoLeafAI_Project_v5/data/pv_test/Tomato___Tomato_mosaic_virus/7ddb3878-8899-42bd-8ec1-5ee012f30cf2___PSU_CG 2188.JPG,True,,0.3020766900510204,0.9888444929647668,0.00171537903279013,0.9978275181040158,False
PV-Test,Tomato___Tomato_mosaic_virus,/home/dammar/TomatoLeafAI_Project_v5/data/pv_test/Tomato___Tomato_mosaic_virus/6ebb483a-d1b6-4d7d-aad1-e717c2a36167___PSU_CG 2286.JPG,True,,0.34901147959183676,0.9836872146012015,0.006395614435815441,0.9753260685449721,False
PV-Test,Tomato___Tomato_mosaic_virus,/home/dammar/TomatoLeafAI_Project_v5/data/pv_test/Tomato___Tomato_mosaic_virus/c16ac093-9b9b-4c37-b669-aa68f3cd55cf___PSU_CG 2270.JPG,True,,0.25540098852040816,0.9922940439575358,0.0,0.9899336714787359,False
PV-Test,Tomato___Tomato_mosaic_virus,/home/dammar/TomatoLeafAI_Project_v5/data/pv_test/Tomato___Tomato_mosaic_virus/5b9b782e-cabd-447c-b690-4b8a29bf7f7e___PSU_CG 2231.JPG,True,,0.2155811543367347,0.9783601088378229,0.046778219469353795,0.9751184834123223,False
PV-Test,Tomato___Tomato_mosaic_virus,/home/dammar/TomatoLeafAI_Project_v5/data/pv_test/Tomato___Tomato_mosaic_virus/b529189c-a83d-429e-ae68-5281906cd3a7___PSU_CG 2080.JPG,True,,0.3306162308673469,0.9903359410794599,0.007474832720477425,0.9837712519319938,False
PV-Test,Tomato___Tomato_mosaic_virus,/home/dammar/TomatoLeafAI_Project_v5/data/pv_test/Tomato___Tomato_mosaic_virus/3671c4a4-c7dd-40cb-a6a8-02fb84331246___PSU_CG 2383.JPG,True,,0.37595663265306123,0.9907202944142628,0.006202290076335878,0.9800939859549078,False
PV-Test,Tomato___Tomato_mosaic_virus,/home/dammar/TomatoLeafAI_Project_v5/data/pv_test/Tomato___Tomato_mosaic_virus/23987cfe-9866-46ce-b4ec-49ad82ede267___PSU_CG 2224.JPG,True,,0.2991470025510204,0.9912087627406283,0.004263824117255163,0.9747401657676622,False
PV-Test,Tomato___Tomato_mosaic_virus,/home/dammar/TomatoLeafAI_Project_v5/data/pv_test/Tomato___Tomato_mosaic_virus/c5132603-ce86-45c0-b9f9-d35c07f4057f___PSU_CG 2256.JPG,True,,0.3462013711734694,0.9858867112697951,0.00851994703816706,0.9995970295319786,False
PV-Test,Tomato___Tomato_mosaic_virus,/home/dammar/TomatoLeafAI_Project_v5/data/pv_test/Tomato___Tomato_mosaic_virus/65226438-efaa-4bf4-91e7-e459e3528565___PSU_CG 2143.JPG,True,,0.3314732142857143,0.9890424280695205,0.02320827320827321,0.9535916768952013,False
PV-Test,Tomato___healthy,/home/dammar/TomatoLeafAI_Project_v5/data/pv_test/Tomato___healthy/1479f22a-c0d6-4dac-a752-578f575f276d___GH_HL Leaf 173.5.JPG,True,,0.2704280931122449,0.9853088313610388,0.0,0.9723251252996296,True
PV-Test,Tomato___healthy,/home/dammar/TomatoLeafAI_Project_v5/data/pv_test/Tomato___healthy/c54a5152-b470-4037-ab1e-59b474c12fc6___RS_HL 9921.JPG,True,,0.2468311543367347,0.9719531098480945,0.006782398062171982,0.9997578301582176,True
PV-Test,Tomato___healthy,/home/dammar/TomatoLeafAI_Project_v5/data/pv_test/Tomato___healthy/b4c862d2-74e7-44c7-be0e-226be86da648___RS_HL 9725.JPG,True,,0.4112125318877551,0.9886797299193204,0.017302379683032037,0.9966568147681574,True
PV-Test,Tomato___healthy,/home/dammar/TomatoLeafAI_Project_v5/data/pv_test/Tomato___healthy/f60f6c8b-54f7-4002-b26d-636037912c4d___RS_HL 9956.JPG,True,,0.41579639668367346,0.976433951932566,0.03129942961223218,0.9809171176303048,True
PV-Test,Tomato___healthy,/home/dammar/TomatoLeafAI_Project_v5/data/pv_test/Tomato___healthy/acf28842-7821-4f31-ab73-2787e332e852___RS_HL 0011.JPG,True,,0.4415656887755102,0.9834654068792492,0.03791298068243365,0.9953511464163206,True
PV-Test,Tomato___healthy,/home/dammar/TomatoLeafAI_Project_v5/data/pv_test/Tomato___healthy/d676d2f7-13a7-4d79-91fc-757b5d0bde6f___RS_HL 0601.JPG,True,,0.3750597895408163,0.9916727155318303,0.09277857484457197,0.9669821240799159,True
PV-Test,Tomato___healthy,/home/dammar/TomatoLeafAI_Project_v5/data/pv_test/Tomato___healthy/66b194fd-6db3-453c-b851-e82862db9c24___RS_HL 0019.JPG,True,,0.3020766900510204,0.9243512349999146,0.014184865078841459,1.0,True
PV-Test,Tomato___healthy,/home/dammar/TomatoLeafAI_Project_v5/data/pv_test/Tomato___healthy/13688c77-f2ad-4f7c-972c-99d70652fac6___RS_HL 0458.JPG,True,,0.47018494897959184,0.9936339613492695,0.015217022719565954,0.9826876208084713,True
PV-Test,Tomato___healthy,/home/dammar/TomatoLeafAI_Project_v5/data/pv_test/Tomato___healthy/d0d0643e-c7f1-4cf3-8399-cfd8a73d1af3___RS_HL 9650.JPG,True,,0.47229751275510207,0.9825468805398914,0.0029116381129209216,0.9991562249504282,True
PV-Test,Tomato___healthy,/home/dammar/TomatoLeafAI_Project_v5/data/pv_test/Tomato___healthy/31e8eab6-d639-4055-a2ff-432955ef263b___RS_HL 9753.JPG,True,,0.4708227040816326,0.9880956734726221,0.008592956315611243,0.9995343718252624,True
PV-Test,Tomato___healthy,/home/dammar/TomatoLeafAI_Project_v5/data/pv_test/Tomato___healthy/b089aa0a-1778-4c3d-ad5d-7997a9b97dbb___GH_HL Leaf 481.JPG,True,,0.29946588010204084,0.990278940745223,0.0,0.9976041528018103,True
PV-Test,Tomato___healthy,/home/dammar/TomatoLeafAI_Project_v5/data/pv_test/Tomato___healthy/4463e5e9-8afc-4dfd-9317-3013a538f2c8___GH_HL Leaf 308.JPG,True,,0.4196627869897959,0.9886034538153454,0.0,0.9971983474998812,True
Field-Train,Tomato___Bacterial_spot,/home/dammar/TomatoLeafAI_Project_v5/data/field_real/train/Tomato___Bacterial_spot/93425b8b-4f69-47ec-bbd7-15723bd9b563___GCREC_Bact.Sp 6004.JPG,True,,0.5140904017857143,0.99499595826456,0.0,0.9832391496559413,False
Field-Train,Tomato___Bacterial_spot,/home/dammar/TomatoLeafAI_Project_v5/data/field_real/train/Tomato___Bacterial_spot/Bs14_change_270.jpg,True,,0.7153419961734694,0.9944111915299441,0.0,0.9977169585433082,False
Field-Train,Tomato___Bacterial_spot,/home/dammar/TomatoLeafAI_Project_v5/data/field_real/train/Tomato___Bacterial_spot/2f9b712f-708a-4e10-b63e-5c1c2208081d___GCREC_Bact.Sp 2966.JPG,True,,0.42153619260204084,0.9938807506789029,0.0,0.9793138952590443,False
Field-Train,Tomato___Bacterial_spot,/home/dammar/TomatoLeafAI_Project_v5/data/field_real/train/Tomato___Bacterial_spot/Bs24_hight__dup3830.jpg,True,,0.5070352359693877,0.9903325219754895,0.0010612790377736725,0.9996856458014067,False
Field-Train,Tomato___Bacterial_spot,/home/dammar/TomatoLeafAI_Project_v5/data/field_real/train/Tomato___Bacterial_spot/89e634fd-a7e1-4e7e-8c95-cbdcd96dd381___GCREC_Bact.Sp 3721.JPG,True,,0.5535315688775511,0.9949416342325808,0.0063008569165406494,0.9986693519384305,False
Field-Train,Tomato___Bacterial_spot,/home/dammar/TomatoLeafAI_Project_v5/data/field_real/train/Tomato___Bacterial_spot/8d79a02d-108c-4edc-ba25-9eb38a107093___UF.GRC_BS_Lab Leaf 0560.JPG,True,,0.2612205038265306,0.989416389458768,0.059281300068665596,0.9679184468930365,False
Field-Train,Tomato___Bacterial_spot,/home/dammar/TomatoLeafAI_Project_v5/data/field_real/train/Tomato___Bacterial_spot/e898c21e-d118-4ab7-8c8a-c7e5810e2bc6___UF.GRC_BS_Lab Leaf 8693.JPG,True,,0.42934869260204084,0.9923325445830755,0.007984031936127744,0.9759396420849243,False
Field-Train,Tomato___Bacterial_spot,/home/dammar/TomatoLeafAI_Project_v5/data/field_real/train/Tomato___Bacterial_spot/f8c5fd52-52f4-4dca-aed6-171813775027___GCREC_Bact.Sp 3036.JPG,True,,0.5287587691326531,0.9946182605177247,0.05766838792356112,0.999811548319011,False
Field-Train,Tomato___Bacterial_spot,/home/dammar/TomatoLeafAI_Project_v5/data/field_real/train/Tomato___Bacterial_spot/4cc672a5-b8d1-4f05-b95f-333e72fa6205___GCREC_Bact.Sp 5997__dup380.JPG,True,,0.4049545599489796,0.9927909371662602,0.0007874403267877356,0.9782904984423676,False
Field-Train,Tomato___Bacterial_spot,/home/dammar/TomatoLeafAI_Project_v5/data/field_real/train/Tomato___Bacterial_spot/807ff772-48f7-4e2e-b4ea-e05ce327a9a4___GCREC_Bact.Sp 6213.JPG,True,,0.49416055484693877,0.992681954127909,0.008187134502923977,0.9631551840259894,False
Field-Train,Tomato___Bacterial_spot,/home/dammar/TomatoLeafAI_Project_v5/data/field_real/train/Tomato___Bacterial_spot/e0c90a47-7d39-4bad-b6b2-b5ce16c9c95f___GCREC_Bact.Sp 5717__dup199.JPG,True,,0.5176977040816326,0.9941704379748344,0.010047736372035725,0.9817419477796836,False
Field-Train,Tomato___Bacterial_spot,/home/dammar/TomatoLeafAI_Project_v5/data/field_real/train/Tomato___Bacterial_spot/Bs38_change_270.jpg,True,,0.3303970025510204,0.7359335153051068,0.03384002895403547,0.9972275795564127,False
Field-Train,Tomato___Early_blight,/home/dammar/TomatoLeafAI_Project_v5/data/field_real/train/Tomato___Early_blight/Early Blight_284.jpg,True,,0.26949139030612246,0.9956210902152598,0.0,0.9713456655785274,False
Field-Train,Tomato___Early_blight,/home/dammar/TomatoLeafAI_Project_v5/data/field_real/train/Tomato___Early_blight/d4e4bce8-d7ca-492b-8dda-69f3e95f4e5a___RS_Erly.B 6418_flipTB.JPG,True,,0.5013751594387755,0.985250879633911,0.2091266844218309,0.999960251212338,False
Field-Train,Tomato___Early_blight,/home/dammar/TomatoLeafAI_Project_v5/data/field_real/train/Tomato___Early_blight/ba75cd48-68cb-49cb-9d79-d03c1b007852___RS_Erly.B 7432__dup551.JPG,True,,0.39351482780612246,0.9925270721970894,0.010635603950367181,0.9778679084672776,False
Field-Train,Tomato___Early_blight,/home/dammar/TomatoLeafAI_Project_v5/data/field_real/train/Tomato___Early_blight/Picture2.jpg,True,,0.43704161352040816,0.6749369716632094,0.13707875416115645,0.983884879023106,False
Field-Train,Tomato___Early_blight,/home/dammar/TomatoLeafAI_Project_v5/data/field_real/train/Tomato___Early_blight/Early Blight_378.jpg,True,,0.20063376913265307,0.9887060158368433,0.006556074302175425,1.0,False
Field-Train,Tomato___Early_blight,/home/dammar/TomatoLeafAI_Project_v5/data/field_real/train/Tomato___Early_blight/dc5fc62b-20c7-441b-bd70-aa24790302eb___RS_Erly.B 9510.JPG,True,,0.4111926020408163,0.9854100641388723,0.14555060100814268,0.9996607212097712,False
Field-Train,Tomato___Early_blight,/home/dammar/TomatoLeafAI_Project_v5/data/field_real/train/Tomato___Early_blight/Early Blight_475.jpg,True,,0.22636320153061223,0.920856032981316,0.07113928508540236,0.9958619475259729,False
Field-Train,Tomato___Early_blight,/home/dammar/TomatoLeafAI_Project_v5/data/field_real/train/Tomato___Early_blight/EB_(399)__dup876.JPG,True,,0.46097735969387754,0.9836020713074727,0.0408127972330307,0.8145855953673543,False
Field-Train,Tomato___Early_blight,/home/dammar/TomatoLeafAI_Project_v5/data/field_real/train/Tomato___Early_blight/eb94014e-83b7-46a4-9b1a-7cae23876302___RS_Erly.B 7471.JPG,True,,0.31570870535714285,0.9774881516449454,0.09791048544915094,0.9998737453443596,False
Field-Train,Tomato___Early_blight,/home/dammar/TomatoLeafAI_Project_v5/data/field_real/train/Tomato___Early_blight/71eb9b0a-a7ea-47a0-8108-71949d74e22d___RS_Erly.B 7557_180deg.JPG,True,,0.42970742984693877,0.9835297005285455,0.07355874031816706,0.9791905394875555,False
Field-Train,Tomato___Early_blight,/home/dammar/TomatoLeafAI_Project_v5/data/field_real/train/Tomato___Early_blight/671586ac-ff93-4825-b6a5-4b7bc7cbbff2___RS_Erly.B 9531_flipTB__dup736.JPG,True,,0.5199697066326531,0.9914495570499964,0.026063625910310462,0.9963327985331194,False
Field-Train,Tomato___Early_blight,/home/dammar/TomatoLeafAI_Project_v5/data/field_real/train/Tomato___Early_blight/Early Blight_402.jpg,False,coverage_too_low_likely_failed_segmentation,0.3244778380102041,0.6150196126300225,0.1265892758430072,0.9450616159776604,False
Field-Train,Tomato___Late_blight,/home/dammar/TomatoLeafAI_Project_v5/data/field_real/train/Tomato___Late_blight/75c6ecf4-8a75-4bc6-bfcb-2331f5c56b38___GHLB_PS Leaf 24.1 Day 13__dup1041.jpg,True,,0.4106345663265306,0.9969237079454267,0.0,0.9994661489929628,False
Field-Train,Tomato___Late_blight,/home/dammar/TomatoLeafAI_Project_v5/data/field_real/train/Tomato___Late_blight/2260ae60-08dc-4e6e-abd7-c9aed84163ea___RS_Late.B 5032.JPG,True,,0.3970224808673469,0.9919858191320725,0.19923698609507554,0.995431956227097,False
Field-Train,Tomato___Late_blight,/home/dammar/TomatoLeafAI_Project_v5/data/field_real/train/Tomato___Late_blight/9823fb17-3426-48be-a3de-ed8a3d742674___RS_Late.B 6320.JPG,True,,0.26307397959183676,0.9056818626603202,0.0020454545454545456,0.999242539009241,False
Field-Train,Tomato___Late_blight,/home/dammar/TomatoLeafAI_Project_v5/data/field_real/train/Tomato___Late_blight/c9bcf015-b951-4176-bc2c-d8c067b64c66___RS_Late.B 5489.JPG,True,,0.3823939732142857,0.9764294074715356,0.032938969093657164,0.9683758059564016,False
Field-Train,Tomato___Late_blight,/home/dammar/TomatoLeafAI_Project_v5/data/field_real/train/Tomato___Late_blight/9c8ae903-054b-4c55-bce9-5a1752771123___GHLB2 Leaf 8855.JPG,True,,0.32581313775510207,0.9896799366388058,0.021225838022999755,0.995853152823515,False
Field-Train,Tomato___Late_blight,/home/dammar/TomatoLeafAI_Project_v5/data/field_real/train/Tomato___Late_blight/f4c2eabd-d29b-44ac-bda7-46d4b07fe799___RS_Late.B 4852.JPG,True,,0.3946906887755102,0.983836797755155,0.0573621490607958,1.0,False
Field-Train,Tomato___Late_blight,/home/dammar/TomatoLeafAI_Project_v5/data/field_real/train/Tomato___Late_blight/Lb56_mirror_vertical.jpg,True,,0.5905213647959183,0.9883906673474123,0.033175835302058726,1.0,False
Field-Train,Tomato___Late_blight,/home/dammar/TomatoLeafAI_Project_v5/data/field_real/train/Tomato___Late_blight/0f67214c-eede-4292-b731-30ef1c47b7b6___RS_Late.B 4902__dup1233.JPG,True,,0.556022799744898,0.9938597743737021,0.18348327897057243,0.9988896450445933,False
Field-Train,Tomato___Late_blight,/home/dammar/TomatoLeafAI_Project_v5/data/field_real/train/Tomato___Late_blight/4ae26730-1f0b-4f49-aad5-774f0ed4df35___GHLB2 Leaf 8621_flipLR.JPG,True,,0.23395647321428573,0.9917287013861267,0.0,0.9617152888071554,False
Field-Train,Tomato___Late_blight,/home/dammar/TomatoLeafAI_Project_v5/data/field_real/train/Tomato___Late_blight/Lb83_mirror_vertical.jpg,True,,0.4510921556122449,0.7727084996883387,0.0,0.9215644276901988,False
Field-Train,Tomato___Late_blight,/home/dammar/TomatoLeafAI_Project_v5/data/field_real/train/Tomato___Late_blight/dsc_8151s_jpg.rf.2edf3b7faa0a0f214a5fd0e15275c0e8.jpg,True,,0.20212850765306123,0.7764623163221693,0.012719384736738316,0.9011804686102665,False
Field-Train,Tomato___Late_blight,/home/dammar/TomatoLeafAI_Project_v5/data/field_real/train/Tomato___Late_blight/Lb50_mirror_vertical__dup4176.jpg,True,,0.3664700255102041,0.9856604174286654,0.0,0.9974498100922409,False
Field-Train,Tomato___Leaf_Mold,/home/dammar/TomatoLeafAI_Project_v5/data/field_real/train/Tomato___Leaf_Mold/98a11218-40d3-4c27-afda-abf73e371f01___Crnl_L.Mold 9055_180deg__dup1577.JPG,True,,0.3418566645408163,0.9899594320347749,0.001457470996327173,0.9995338267000757,False
Field-Train,Tomato___Leaf_Mold,/home/dammar/TomatoLeafAI_Project_v5/data/field_real/train/Tomato___Leaf_Mold/a4a9faea-5038-4fa7-b056-8eed57e56525___Crnl_L.Mold 7179.JPG,True,,0.375797193877551,0.9923573369438567,0.0,0.9999469664828171,False
Field-Train,Tomato___Leaf_Mold,/home/dammar/TomatoLeafAI_Project_v5/data/field_real/train/Tomato___Leaf_Mold/b1b88c75-6e10-4dfe-b959-84f3db648a39___Crnl_L.Mold 6632.JPG,True,,0.34313217474489793,0.9886084164340341,0.0,0.9192008879023308,False
Field-Train,Tomato___Leaf_Mold,/home/dammar/TomatoLeafAI_Project_v5/data/field_real/train/Tomato___Leaf_Mold/d131dbb4-2255-496a-8e01-fb68f2e6db44___Crnl_L.Mold 6553_flipTB__dup1703.JPG,True,,0.31923628826530615,0.9888090490106025,0.00424522412286178,0.99769542198692,False
Field-Train,Tomato___Leaf_Mold,/home/dammar/TomatoLeafAI_Project_v5/data/field_real/train/Tomato___Leaf_Mold/9afdf72c-5e19-40bd-8035-daf70f1cf8ce___Crnl_L.Mold 6617__dup1775.JPG,True,,0.39724170918367346,0.9886420059464429,0.0076760987357013845,0.9783115787383989,False
Field-Train,Tomato___Leaf_Mold,/home/dammar/TomatoLeafAI_Project_v5/data/field_real/train/Tomato___Leaf_Mold/d7ee8962-2ee6-4da6-aadd-d181aa54a498___Crnl_L.Mold 8922_180deg.JPG,True,,0.303890306122449,0.9804301368600716,0.008984784889821617,1.0,False
Field-Train,Tomato___Leaf_Mold,/home/dammar/TomatoLeafAI_Project_v5/data/field_real/train/Tomato___Leaf_Mold/022a4dfb-84cc-45cb-81c5-a620817e31cb___Crnl_L.Mold 6926.JPG,True,,0.30466757015306123,0.992267386456509,0.0,0.9969999347811909,False
Field-Train,Tomato___Leaf_Mold,/home/dammar/TomatoLeafAI_Project_v5/data/field_real/train/Tomato___Leaf_Mold/69468833-8b43-4e43-8ebf-b86adcaeee0d___Crnl_L.Mold 6880.JPG,True,,0.28983976403061223,0.9820833936418067,0.0005500928281647528,0.9725990233315247,False
Field-Train,Tomato___Leaf_Mold,/home/dammar/TomatoLeafAI_Project_v5/data/field_real/train/Tomato___Leaf_Mold/Blm4_change_270.jpg,True,,0.40140704719387754,0.5570751403767292,0.0,0.9457898030908478,False
Field-Train,Tomato___Leaf_Mold,/home/dammar/TomatoLeafAI_Project_v5/data/field_real/train/Tomato___Leaf_Mold/16cf47c0-abb4-47e3-bab3-4a7c6348b7ab___Crnl_L.Mold 6995.JPG,True,,0.2206433354591837,0.9846112310761759,0.0011742390028001083,0.9562677053824362,False
Field-Train,Tomato___Leaf_Mold,/home/dammar/TomatoLeafAI_Project_v5/data/field_real/train/Tomato___Leaf_Mold/ffb2d848-e46c-485c-a633-8d6137dd3dbf___Crnl_L.Mold 8735.JPG,True,,0.3495495854591837,0.9859752223484133,0.023433491077028336,0.9706147264129701,False
Field-Train,Tomato___Leaf_Mold,/home/dammar/TomatoLeafAI_Project_v5/data/field_real/train/Tomato___Leaf_Mold/6337ca93-b6c5-439e-964b-9ad0b984c227___Crnl_L.Mold 6642.JPG,True,,0.3113639987244898,0.9867380678380724,0.0,0.9986576323191,False
Field-Train,Tomato___Septoria_leaf_spot,/home/dammar/TomatoLeafAI_Project_v5/data/field_real/train/Tomato___Septoria_leaf_spot/Gls39_change_180.jpg,True,,0.48728475765306123,0.9945262942400439,0.09746421267893661,0.9974234182651016,False
Field-Train,Tomato___Septoria_leaf_spot,/home/dammar/TomatoLeafAI_Project_v5/data/field_real/train/Tomato___Septoria_leaf_spot/547f63fd-7d0e-4815-b750-65e66cb523aa___Matt.S_CG 7741.JPG,True,,0.4435985331632653,0.9931352413161079,0.019543534908796838,0.9995958144339157,False
Field-Train,Tomato___Septoria_leaf_spot,/home/dammar/TomatoLeafAI_Project_v5/data/field_real/train/Tomato___Septoria_leaf_spot/a1b6deb1-e0f7-4eb4-a2ca-77d1f1e45aaa___Matt.S_CG 7818.JPG,True,,0.4510921556122449,0.994254767543534,0.008173544225501457,0.999205298013245,False
Field-Train,Tomato___Septoria_leaf_spot,/home/dammar/TomatoLeafAI_Project_v5/data/field_real/train/Tomato___Septoria_leaf_spot/8f7043f7-a79e-4c9b-86d2-80b032b659b6___JR_Sept.L.S 2684.JPG,True,,0.438297193877551,0.9873425059722236,0.14559839941797018,0.9992725288715104,False
Field-Train,Tomato___Septoria_leaf_spot,/home/dammar/TomatoLeafAI_Project_v5/data/field_real/train/Tomato___Septoria_leaf_spot/55830b60a7cf2-image_jpg.rf.131d8ca6025871a61eea778657c6b656.jpg,True,,0.4614955357142857,0.7985532956534125,0.014596648816721368,0.5406889339172495,False
Field-Train,Tomato___Septoria_leaf_spot,/home/dammar/TomatoLeafAI_Project_v5/data/field_real/train/Tomato___Septoria_leaf_spot/47059235-9299-4d05-98d7-ea2ae09768fd___JR_Sept.L.S 8459.JPG,True,,0.28892299107142855,0.9888612762724007,0.03062702628129958,1.0,False
Field-Train,Tomato___Septoria_leaf_spot,/home/dammar/TomatoLeafAI_Project_v5/data/field_real/train/Tomato___Septoria_leaf_spot/648d66b5-7f12-4baa-beba-4938ede59013___JR_Sept.L.S 2625.JPG,True,,0.4318000637755102,0.9931831721624498,0.0642942859780301,1.0,False
Field-Train,Tomato___Septoria_leaf_spot,/home/dammar/TomatoLeafAI_Project_v5/data/field_real/train/Tomato___Septoria_leaf_spot/c1e4747a-8752-49e5-83a8-c9aac9b4216a___Matt.S_CG 7592.JPG,True,,0.5078125,0.9936215035211009,0.02759026687598116,0.9998038061604866,False
Field-Train,Tomato___Septoria_leaf_spot,/home/dammar/TomatoLeafAI_Project_v5/data/field_real/train/Tomato___Septoria_leaf_spot/fc6d77f4-f1c0-4daf-ade7-54bca87bfce9___Matt.S_CG 6596__dup2382.JPG,True,,0.5727638711734694,0.9905573985679537,0.037927554890566824,0.9995476530150667,False
Field-Train,Tomato___Septoria_leaf_spot,/home/dammar/TomatoLeafAI_Project_v5/data/field_real/train/Tomato___Septoria_leaf_spot/septoria_tomato_jpg.rf.960b2606b37e9cd2d7f654ef4628d88c__dup4667.jpg,True,,0.5229193239795918,0.8405081487984432,0.0,0.8953496996217459,False
Field-Train,Tomato___Septoria_leaf_spot,/home/dammar/TomatoLeafAI_Project_v5/data/field_real/train/Tomato___Septoria_leaf_spot/c680ff81-bb1f-48c3-a68d-50ba12a94392___Matt.S_CG 7419.JPG,True,,0.44591039540816324,0.9949953701554304,0.006391347099311701,0.9997318915054292,False
Field-Train,Tomato___Septoria_leaf_spot,/home/dammar/TomatoLeafAI_Project_v5/data/field_real/train/Tomato___Septoria_leaf_spot/f867e311-fc63-4516-80bb-2ba2af70a630___JR_Sept.L.S 8477__dup2291.JPG,True,,0.33980389030612246,0.9924398303876769,0.08914956011730206,0.9508018327605956,False
Field-Train,Tomato___Spider_mites Two-spotted_spider_mite,/home/dammar/TomatoLeafAI_Project_v5/data/field_real/train/Tomato___Spider_mites Two-spotted_spider_mite/0a2b122a-0f23-4c92-8b7a-21b274dffbe5___Com.G_SpM_FL 9350_180deg__dup2436.JPG,True,,0.32969945790816324,0.9917151162634552,0.0009671764492534606,0.9993956973652405,False
Field-Train,Tomato___Spider_mites Two-spotted_spider_mite,/home/dammar/TomatoLeafAI_Project_v5/data/field_real/train/Tomato___Spider_mites Two-spotted_spider_mite/ac10f03c-f71d-4419-bf58-1d166d703075___Com.G_SpM_FL 1777__dup2437.JPG,True,,0.31766183035714285,0.9878496962245669,0.00834431269213878,0.9974924774322969,False
Field-Train,Tomato___Spider_mites Two-spotted_spider_mite,/home/dammar/TomatoLeafAI_Project_v5/data/field_real/train/Tomato___Spider_mites Two-spotted_spider_mite/eaf27f54-d679-4fec-831a-41d1d18b286d___Com.G_SpM_FL 8455.JPG,True,,0.45374282525510207,0.9938254310239731,0.0017130056660956648,0.9888377345378735,False
Field-Train,Tomato___Spider_mites Two-spotted_spider_mite,/home/dammar/TomatoLeafAI_Project_v5/data/field_real/train/Tomato___Spider_mites Two-spotted_spider_mite/58d5cbab-162b-4091-8add-21a336398731___Com.G_SpM_FL 8933__dup2808.JPG,True,,0.33141342474489793,0.9903271139672092,0.1390943532383186,0.9977159343631664,False
Field-Train,Tomato___Spider_mites Two-spotted_spider_mite,/home/dammar/TomatoLeafAI_Project_v5/data/field_real/train/Tomato___Spider_mites Two-spotted_spider_mite/2ae5364f-20a9-46e9-8ca8-e47710c50446___Com.G_SpM_FL 1295_180deg__dup2471.JPG,True,,0.34213568239795916,0.9923664121996174,0.001922292771014155,1.0,False
Field-Train,Tomato___Spider_mites Two-spotted_spider_mite,/home/dammar/TomatoLeafAI_Project_v5/data/field_real/train/Tomato___Spider_mites Two-spotted_spider_mite/df8b8483-a90f-4287-8d4f-251359950ced___Com.G_SpM_FL 1518.JPG,True,,0.31088568239795916,0.9914861650030371,0.0005128533880376947,0.9731832268673708,False
Field-Train,Tomato___Spider_mites Two-spotted_spider_mite,/home/dammar/TomatoLeafAI_Project_v5/data/field_real/train/Tomato___Spider_mites Two-spotted_spider_mite/d58dce86-2332-4c60-92c7-d033ddb9d0ef___Com.G_SpM_FL 1709.JPG,True,,0.3239596619897959,0.9920804923524962,0.002399261765610581,0.9995695486410036,False
Field-Train,Tomato___Spider_mites Two-spotted_spider_mite,/home/dammar/TomatoLeafAI_Project_v5/data/field_real/train/Tomato___Spider_mites Two-spotted_spider_mite/3b90769e-82f9-4b5f-93dd-6c2666f3c952___Com.G_SpM_FL 8924_flipTB__dup2783.JPG,True,,0.3903061224489796,0.9913901582726412,0.001991421568627451,0.9793699752237448,False
Field-Train,Tomato___Spider_mites Two-spotted_spider_mite,/home/dammar/TomatoLeafAI_Project_v5/data/field_real/train/Tomato___Spider_mites Two-spotted_spider_mite/e33fa280-f5cc-404b-a205-36966e9ceb38___Com.G_SpM_FL 8950.JPG,True,,0.2974330357142857,0.989001344469749,0.02204502814258912,0.9738129877000397,False
Field-Train,Tomato___Spider_mites Two-spotted_spider_mite,/home/dammar/TomatoLeafAI_Project_v5/data/field_real/train/Tomato___Spider_mites Two-spotted_spider_mite/f718db12-7a16-437d-905c-f804e21383c8___Com.G_SpM_FL 1353__dup2729.JPG,True,,0.41304607780612246,0.962733876876579,0.04675512665862485,0.980598298767084,False
Field-Train,Tomato___Spider_mites Two-spotted_spider_mite,/home/dammar/TomatoLeafAI_Project_v5/data/field_real/train/Tomato___Spider_mites Two-spotted_spider_mite/003b7929-a364-4e74-be1c-37c4c0a6ec63___Com.G_SpM_FL 1414__dup2523.JPG,True,,0.32932079081632654,0.9932410737064448,0.0,0.9765381853004549,False
Field-Train,Tomato___Spider_mites Two-spotted_spider_mite,/home/dammar/TomatoLeafAI_Project_v5/data/field_real/train/Tomato___Spider_mites Two-spotted_spider_mite/791891fa-a130-475d-b39a-f224bef3d67f___Com.G_SpM_FL 8931.JPG,True,,0.3127989477040816,0.9908108304650405,0.064606562599554,0.9953565294828574,False
Field-Train,Tomato___Target_Spot,/home/dammar/TomatoLeafAI_Project_v5/data/field_real/train/Tomato___Target_Spot/ad431cb2-5bf6-4fe4-870d-dbe2b92ba49d___Com.G_TgS_FL 0988.JPG,True,,0.4123684630102041,0.9914899754679798,0.016383935044222125,0.9784935958707704,False
Field-Train,Tomato___Target_Spot,/home/dammar/TomatoLeafAI_Project_v5/data/field_real/train/Tomato___Target_Spot/01e0b8b1-e713-4c6d-973b-f7636280c58a___Com.G_TgS_FL 9816_flipTB.JPG,True,,0.4324577487244898,0.9818668596103117,0.008064887782847136,0.9826893212752352,False
Field-Train,Tomato___Target_Spot,/home/dammar/TomatoLeafAI_Project_v5/data/field_real/train/Tomato___Target_Spot/e8fae6c5-9d62-4f65-81a0-807e3082ea8d___Com.G_TgS_FL 0641.JPG,True,,0.44577088647959184,0.9557590683459731,0.09402244377878125,0.9725362770408618,False
Field-Train,Tomato___Target_Spot,/home/dammar/TomatoLeafAI_Project_v5/data/field_real/train/Tomato___Target_Spot/4f72435f-b379-4954-8c28-27e8ec20bc76___Com.G_TgS_FL 0011.JPG,True,,0.45326450892857145,0.9914870976216421,0.007254979554148529,0.994968718554491,False
Field-Train,Tomato___Target_Spot,/home/dammar/TomatoLeafAI_Project_v5/data/field_real/train/Tomato___Target_Spot/62009ea1-a36b-455f-84e0-f60e424d3c05___Com.G_TgS_FL 9924.JPG,True,,0.35678411989795916,0.9927988080651806,0.002010948497374595,0.994302312590772,False
Field-Train,Tomato___Target_Spot,/home/dammar/TomatoLeafAI_Project_v5/data/field_real/train/Tomato___Target_Spot/35b0ec56-80f9-4fee-bbf4-b80f782ad37b___Com.G_TgS_FL 9985.JPG,True,,0.42954799107142855,0.9936670528626677,0.005428478634064864,0.9999536027467174,False
Field-Train,Tomato___Target_Spot,/home/dammar/TomatoLeafAI_Project_v5/data/field_real/train/Tomato___Target_Spot/dbb50cba-a410-49af-a95f-ac53d5fc9af3___Com.G_TgS_FL 8295.JPG,True,,0.44021045918367346,0.9922711322239475,0.006609923940601232,0.9992756247736327,False
Field-Train,Tomato___Target_Spot,/home/dammar/TomatoLeafAI_Project_v5/data/field_real/train/Tomato___Target_Spot/cfbda6c6-fe86-4638-899d-4509b0bcf21d___Com.G_TgS_FL 8270__dup2968.JPG,True,,0.48654735331632654,0.9877620951196149,0.010854872404047025,0.9815716837148888,False
Field-Train,Tomato___Target_Spot,/home/dammar/TomatoLeafAI_Project_v5/data/field_real/train/Tomato___Target_Spot/0f32cb0d-8a87-4d7b-beb1-945c4e1cd374___Com.G_TgS_FL 0642_flipTB.JPG,True,,0.3933952487244898,0.9776776030065848,0.07052028978165054,0.9983812221772562,False
Field-Train,Tomato___Target_Spot,/home/dammar/TomatoLeafAI_Project_v5/data/field_real/train/Tomato___Target_Spot/ef37abe7-f6e6-4735-9f2e-f68ef47f3d81___Com.G_TgS_FL 8312.JPG,True,,0.4756457270408163,0.9881441205559902,0.013198692700913433,0.9917307292748805,False
Field-Train,Tomato___Target_Spot,/home/dammar/TomatoLeafAI_Project_v5/data/field_real/train/Tomato___Target_Spot/0b0e5158-180e-487c-b4a7-1ee496473147___Com.G_TgS_FL 9932_flipTB.JPG,True,,0.408023756377551,0.9866015312400525,0.00039075856005470617,0.9978530301551674,False
Field-Train,Tomato___Target_Spot,/home/dammar/TomatoLeafAI_Project_v5/data/field_real/train/Tomato___Target_Spot/e46de0d5-a376-4c3d-9076-5559595549fe___Com.G_TgS_FL 8180.JPG,True,,0.3679049744897959,0.9855896425423254,0.020205850487540627,0.9661349303089724,False
Field-Train,Tomato___Tomato_Yellow_Leaf_Curl_Virus,/home/dammar/TomatoLeafAI_Project_v5/data/field_real/train/Tomato___Tomato_Yellow_Leaf_Curl_Virus/ccd87fc5-bd24-436e-8aed-ac4b24fb031b___UF.GRC_YLCV_Lab 09577.JPG,True,,0.45178970025510207,0.9920545815596316,0.005646477568485597,0.960967993754879,False
Field-Train,Tomato___Tomato_Yellow_Leaf_Curl_Virus,/home/dammar/TomatoLeafAI_Project_v5/data/field_real/train/Tomato___Tomato_Yellow_Leaf_Curl_Virus/60771ea8-e60e-407b-98cc-885e6c7e78b5___YLCV_NREC 2778__dup3471.JPG,True,,0.43185985331632654,0.9914656879738166,0.03498084821634593,0.9722171945701358,False
Field-Train,Tomato___Tomato_Yellow_Leaf_Curl_Virus,/home/dammar/TomatoLeafAI_Project_v5/data/field_real/train/Tomato___Tomato_Yellow_Leaf_Curl_Virus/a5416516-80f0-4004-88f6-186b79696707___UF.GRC_YLCV_Lab 01840__dup3484.JPG,True,,0.42721619897959184,0.9910396285000207,0.0011662623623810411,0.9788943795317047,False
Field-Train,Tomato___Tomato_Yellow_Leaf_Curl_Virus,/home/dammar/TomatoLeafAI_Project_v5/data/field_real/train/Tomato___Tomato_Yellow_Leaf_Curl_Virus/a05153d6-05c7-4271-bd9e-60cbfbc8f8c7___UF.GRC_YLCV_Lab 01556__dup3480.JPG,True,,0.3403818558673469,0.988353242307261,0.0,0.9980099502487563,False
Field-Train,Tomato___Tomato_Yellow_Leaf_Curl_Virus,/home/dammar/TomatoLeafAI_Project_v5/data/field_real/train/Tomato___Tomato_Yellow_Leaf_Curl_Virus/31104960-ccf3-41eb-a690-873b0663de4e___UF.GRC_YLCV_Lab 03056__dup3321.JPG,True,,0.5666055484693877,0.9917581477978947,0.0,0.9986988324658883,False
Field-Train,Tomato___Tomato_Yellow_Leaf_Curl_Virus,/home/dammar/TomatoLeafAI_Project_v5/data/field_real/train/Tomato___Tomato_Yellow_Leaf_Curl_Virus/ca760ff6-395c-47ed-b024-2d352856c281___YLCV_NREC 2004.JPG,True,,0.3343032525510204,0.9832463011158032,0.047812090139501606,1.0,False
Field-Train,Tomato___Tomato_Yellow_Leaf_Curl_Virus,/home/dammar/TomatoLeafAI_Project_v5/data/field_real/train/Tomato___Tomato_Yellow_Leaf_Curl_Virus/c5fa23b9-ed96-4f25-84ab-9242b085f2b5___YLCV_GCREC 2565.JPG,True,,0.40658880739795916,0.9861373735352115,0.0008332924856624675,0.9994117935395324,False
Field-Train,Tomato___Tomato_Yellow_Leaf_Curl_Virus,/home/dammar/TomatoLeafAI_Project_v5/data/field_real/train/Tomato___Tomato_Yellow_Leaf_Curl_Virus/c24697e2-09bc-4c4c-8018-b145d6cae716___UF.GRC_YLCV_Lab 09496__dup3222.JPG,True,,0.37894610969387754,0.9100898928236296,0.0,0.9998422464111059,False
Field-Train,Tomato___Tomato_Yellow_Leaf_Curl_Virus,/home/dammar/TomatoLeafAI_Project_v5/data/field_real/train/Tomato___Tomato_Yellow_Leaf_Curl_Virus/59375be6-ea91-4194-8dbf-9a5433690f89___UF.GRC_YLCV_Lab 02061.JPG,True,,0.4061304209183674,0.9903949032078401,0.0,0.9803082608061457,False
Field-Train,Tomato___Tomato_Yellow_Leaf_Curl_Virus,/home/dammar/TomatoLeafAI_Project_v5/data/field_real/train/Tomato___Tomato_Yellow_Leaf_Curl_Virus/ddc91cb5-d489-40eb-8d54-b6e723749209___UF.GRC_YLCV_Lab 02161.JPG,True,,0.34763632015306123,0.9832896285864663,0.0,0.9721737171182335,False
Field-Train,Tomato___Tomato_Yellow_Leaf_Curl_Virus,/home/dammar/TomatoLeafAI_Project_v5/data/field_real/train/Tomato___Tomato_Yellow_Leaf_Curl_Virus/db88046b-79ab-4524-b8ea-b03a7505712d___YLCV_NREC 2745__dup3420.JPG,True,,0.37699298469387754,0.9943169338763278,0.04757876929583421,0.9794660118083495,False
Field-Train,Tomato___Tomato_Yellow_Leaf_Curl_Virus,/home/dammar/TomatoLeafAI_Project_v5/data/field_real/train/Tomato___Tomato_Yellow_Leaf_Curl_Virus/624648c0-26ab-4f26-acf2-53e7bef00fbf___UF.GRC_YLCV_Lab 02440__dup3343.JPG,True,,0.5746572066326531,0.9883778600635373,0.0,0.9981965734896303,False
Field-Train,Tomato___Tomato_mosaic_virus,/home/dammar/TomatoLeafAI_Project_v5/data/field_real/train/Tomato___Tomato_mosaic_virus/38748c94-80b0-4a2b-b330-61d2619f5913___PSU_CG 2081.JPG,True,,0.36192602040816324,0.9889823249833387,0.006387665198237885,0.9776119402985075,False
Field-Train,Tomato___Tomato_mosaic_virus,/home/dammar/TomatoLeafAI_Project_v5/data/field_real/train/Tomato___Tomato_mosaic_virus/b386eecb-c3b8-4b92-8352-b3b687c2db15___PSU_CG 2236__dup3612.JPG,True,,0.2560985331632653,0.9808539613689935,0.013696498054474707,1.0,False
Field-Train,Tomato___Tomato_mosaic_virus,/home/dammar/TomatoLeafAI_Project_v5/data/field_real/train/Tomato___Tomato_mosaic_virus/69d3740b-5aba-47e2-ae2f-46541333c3a5___PSU_CG 2420.JPG,True,,0.265625,0.9764438910573987,0.03811524609843937,0.9673125277325839,False
Field-Train,Tomato___Tomato_mosaic_virus,/home/dammar/TomatoLeafAI_Project_v5/data/field_real/train/Tomato___Tomato_mosaic_virus/2d053972-2f30-414c-9de9-e37c98e44648___PSU_CG 2104__dup3634.JPG,True,,0.2967554209183674,0.9881836707705638,0.02659503022162525,0.974748810153358,False
Field-Train,Tomato___Tomato_mosaic_virus,/home/dammar/TomatoLeafAI_Project_v5/data/field_real/train/Tomato___Tomato_mosaic_virus/bf950cb4-985f-4174-b32b-9ae2d6e99a84___PSU_CG 2320.JPG,True,,0.3046277104591837,0.9832834331078639,0.0018318613019299968,0.9995422443107507,False
Field-Train,Tomato___Tomato_mosaic_virus,/home/dammar/TomatoLeafAI_Project_v5/data/field_real/train/Tomato___Tomato_mosaic_virus/65d7e8ff-9197-4211-a1b7-850c3a74f740___PSU_CG 2073__dup3634.JPG,True,,0.28886320153061223,0.9861405918047021,0.013936801435076583,0.9723317471108089,False
Field-Train,Tomato___Tomato_mosaic_virus,/home/dammar/TomatoLeafAI_Project_v5/data/field_real/train/Tomato___Tomato_mosaic_virus/cfd8a28f-7af7-4102-b848-0b6d1b2c60e4___PSU_CG 2404.JPG,True,,0.36240433673469385,0.9749649859718923,0.04239991201055873,0.9993405143987689,False
Field-Train,Tomato___Tomato_mosaic_virus,/home/dammar/TomatoLeafAI_Project_v5/data/field_real/train/Tomato___Tomato_mosaic_virus/f404ec4e-80d9-4392-900e-43a28f689145___PSU_CG 2323.JPG,True,,0.3029934630102041,0.9830283744158907,0.0081562849437611,1.0,False
Field-Train,Tomato___Tomato_mosaic_virus,/home/dammar/TomatoLeafAI_Project_v5/data/field_real/train/Tomato___Tomato_mosaic_virus/2ffd2426-1463-48aa-a3bb-622ece568219___PSU_CG 2137.JPG,True,,0.28812579719387754,0.9873162481803934,0.0,0.9737866065943068,False
Field-Train,Tomato___Tomato_mosaic_virus,/home/dammar/TomatoLeafAI_Project_v5/data/field_real/train/Tomato___Tomato_mosaic_virus/03b6acc7-41a6-4670-b47c-bef6d4baea18___PSU_CG 2363__dup3594.JPG,True,,0.2795360331632653,0.983347853616874,0.00983887066875802,0.9737545735997748,False
Field-Train,Tomato___Tomato_mosaic_virus,/home/dammar/TomatoLeafAI_Project_v5/data/field_real/train/Tomato___Tomato_mosaic_virus/3d028390-f367-423b-b0f7-a44e2cac2393___PSU_CG 2205__dup3578.JPG,True,,0.3176419005102041,0.9862295664324601,0.002635211444346844,0.998745373565021,False
Field-Train,Tomato___Tomato_mosaic_virus,/home/dammar/TomatoLeafAI_Project_v5/data/field_real/train/Tomato___Tomato_mosaic_virus/7d688270-b9e9-41fb-a22a-6af2f6285b46___PSU_CG 2091.JPG,True,,0.29884805484693877,0.9904020345428928,0.0014004668222740914,0.9995332399813296,False
Field-Train,Tomato___healthy,/home/dammar/TomatoLeafAI_Project_v5/data/field_real/train/Tomato___healthy/Healthy_28.jpg,True,,0.21432557397959184,0.9973289383669779,0.0,0.9995352727948694,True
Field-Train,Tomato___healthy,/home/dammar/TomatoLeafAI_Project_v5/data/field_real/train/Tomato___healthy/Healthy_340.jpg,True,,0.3130381058673469,0.9977936850119833,0.0,0.9763640935378426,True
Field-Train,Tomato___healthy,/home/dammar/TomatoLeafAI_Project_v5/data/field_real/train/Tomato___healthy/Healthy_50.jpg,True,,0.29384566326530615,0.996846025213038,0.019194248507867606,0.9999321804001357,True
Field-Train,Tomato___healthy,/home/dammar/TomatoLeafAI_Project_v5/data/field_real/train/Tomato___healthy/Healthy_147.jpg,True,,0.19642857142857142,0.9982167710076171,0.0,0.963084904719146,True
Field-Train,Tomato___healthy,/home/dammar/TomatoLeafAI_Project_v5/data/field_real/train/Tomato___healthy/Healthy_33.jpg,True,,0.19983657525510204,0.9985440491054063,0.0,0.957824855999219,True
Field-Train,Tomato___healthy,/home/dammar/TomatoLeafAI_Project_v5/data/field_real/train/Tomato___healthy/Healthy_337__dup4730.jpg,True,,0.35361527423469385,0.996115973714867,0.0,0.9558831741776959,True
Field-Train,Tomato___healthy,/home/dammar/TomatoLeafAI_Project_v5/data/field_real/train/Tomato___healthy/Healthy_113.jpg,True,,0.1882374043367347,0.9981958762566758,0.0,0.9565848098642628,True
Field-Train,Tomato___healthy,/home/dammar/TomatoLeafAI_Project_v5/data/field_real/train/Tomato___healthy/Healthy_17.jpg,True,,0.30076132015306123,0.9980073244024119,0.0,0.9779229261920314,True
Field-Train,Tomato___healthy,/home/dammar/TomatoLeafAI_Project_v5/data/field_real/train/Tomato___healthy/Healthy_286.jpg,True,,0.24075255102040816,0.9976391853959896,0.0,0.9995862639635912,True
Field-Train,Tomato___healthy,/home/dammar/TomatoLeafAI_Project_v5/data/field_real/train/Tomato___healthy/Healthy_353.jpg,True,,0.21103714923469388,0.8794382021440728,0.00859382377939371,1.0,True
Field-Train,Tomato___healthy,/home/dammar/TomatoLeafAI_Project_v5/data/field_real/train/Tomato___healthy/Healthy_213.jpg,True,,0.30398995535714285,0.9963279764564839,0.0,0.9980987346751459,True
Field-Train,Tomato___healthy,/home/dammar/TomatoLeafAI_Project_v5/data/field_real/train/Tomato___healthy/Healthy_80.jpg,True,,0.27818080357142855,0.9972535484885034,0.0,0.9727247032221594,True
Field-Test,Tomato___Bacterial_spot,/home/dammar/TomatoLeafAI_Project_v5/data/field_real/test/Tomato___Bacterial_spot/bfd9caac-aa4c-4be2-91be-23f2ee32da9f___GCREC_Bact.Sp 5776.JPG,True,,0.42721619897959184,0.9908328298442706,0.05658704982272812,0.9770040635389731,False
Field-Test,Tomato___Bacterial_spot,/home/dammar/TomatoLeafAI_Project_v5/data/field_real/test/Tomato___Bacterial_spot/0f952ca0-e30b-4075-8bb9-1ebccb8aeb9f___GCREC_Bact.Sp 3326.JPG,True,,0.39090401785714285,0.980875333195036,0.12598144182726623,0.9809712284974882,False
Field-Test,Tomato___Bacterial_spot,/home/dammar/TomatoLeafAI_Project_v5/data/field_real/test/Tomato___Bacterial_spot/15dde11a-b359-46d2-abbd-c1f56a86a083___GCREC_Bact.Sp 5799.JPG,True,,0.49489795918367346,0.9956071729351463,0.0015705541237113403,0.9971005154639175,False
Field-Test,Tomato___Bacterial_spot,/home/dammar/TomatoLeafAI_Project_v5/data/field_real/test/Tomato___Bacterial_spot/f3bbf9c8-06fd-4f1e-930a-f576c0fbc06d___GCREC_Bact.Sp 3717.JPG,True,,0.456851881377551,0.993685838226722,0.01941281682153296,0.997472436484072,False
Field-Test,Tomato___Bacterial_spot,/home/dammar/TomatoLeafAI_Project_v5/data/field_real/test/Tomato___Bacterial_spot/744d7841-7130-4c98-b20f-0f6581115783___GCREC_Bact.Sp 5618.JPG,True,,0.4742904974489796,0.9951751102135773,0.005756786284561728,0.9938279380274594,False
Field-Test,Tomato___Bacterial_spot,/home/dammar/TomatoLeafAI_Project_v5/data/field_real/test/Tomato___Bacterial_spot/Bacteiral Spot_21.jpg,True,,0.21360809948979592,0.9954230578314145,0.011196118678857996,0.9973005678115983,False
Field-Test,Tomato___Bacterial_spot,/home/dammar/TomatoLeafAI_Project_v5/data/field_real/test/Tomato___Bacterial_spot/974bfda6-f0ea-48a4-965e-9346c8f2f17b___GCREC_Bact.Sp 6237.JPG,True,,0.5168606505102041,0.9938782450877119,0.005282640549086142,0.9985349115163665,False
Field-Test,Tomato___Bacterial_spot,/home/dammar/TomatoLeafAI_Project_v5/data/field_real/test/Tomato___Bacterial_spot/741e2f09-1b62-42c2-b218-6504d57c0f27___GCREC_Bact.Sp 3302.JPG,True,,0.4554966517857143,0.9927327470327629,0.0007438197330999781,0.9809726074895978,False
Field-Test,Tomato___Bacterial_spot,/home/dammar/TomatoLeafAI_Project_v5/data/field_real/test/Tomato___Bacterial_spot/Bacteiral Spot_35.jpg,True,,0.16003667091836735,0.9979609928638367,0.0,0.9990047275441652,False
Field-Test,Tomato___Bacterial_spot,/home/dammar/TomatoLeafAI_Project_v5/data/field_real/test/Tomato___Bacterial_spot/TC3_jpg.rf.edad1a271ccfb8506119310b8509313e.jpg,True,,0.44252232142857145,0.5993921656844038,0.0,0.974883434503387,False
Field-Test,Tomato___Bacterial_spot,/home/dammar/TomatoLeafAI_Project_v5/data/field_real/test/Tomato___Bacterial_spot/8491569f-a7d8-453c-86ae-c2accdc964c9___GCREC_Bact.Sp 5943.JPG,True,,0.4894969706632653,0.995795168993848,0.011196612515777044,0.9825637713916694,False
Field-Test,Tomato___Bacterial_spot,/home/dammar/TomatoLeafAI_Project_v5/data/field_real/test/Tomato___Bacterial_spot/6cf1c4d7-d99f-4f70-a003-37054e9f617a___GCREC_Bact.Sp 3417.JPG,True,,0.5127949617346939,0.993935829692494,0.02289156626506024,0.999689090979752,False
Field-Test,Tomato___Early_blight,/home/dammar/TomatoLeafAI_Project_v5/data/field_real/test/Tomato___Early_blight/Early Blight_503.jpg,True,,0.16288663903061223,0.9565599181263107,0.12161996818793588,1.0,False
Field-Test,Tomato___Early_blight,/home/dammar/TomatoLeafAI_Project_v5/data/field_real/test/Tomato___Early_blight/Early Blight_224.jpg,True,,0.37270806760204084,0.9935011709031614,0.07069140687663761,0.997970410724777,False
Field-Test,Tomato___Early_blight,/home/dammar/TomatoLeafAI_Project_v5/data/field_real/test/Tomato___Early_blight/Early Blight_181.jpg,True,,0.16759008290816327,0.9966628307832768,0.008086573908907123,1.0,False
Field-Test,Tomato___Early_blight,/home/dammar/TomatoLeafAI_Project_v5/data/field_real/test/Tomato___Early_blight/29fb6588-a368-4143-9cdd-8a131f0d50f4___RS_Erly.B 7779.JPG,True,,0.37661431760204084,0.988021740264998,0.01952690903317987,0.9769838363760004,False
Field-Test,Tomato___Early_blight,/home/dammar/TomatoLeafAI_Project_v5/data/field_real/test/Tomato___Early_blight/Early Blight_340.jpg,True,,0.29609773596938777,0.997687027432582,0.008548159116914585,0.999394428744449,False
Field-Test,Tomato___Early_blight,/home/dammar/TomatoLeafAI_Project_v5/data/field_real/test/Tomato___Early_blight/Early Blight_233.jpg,True,,0.26191804846938777,0.9858875958811866,0.17508750570689394,0.9943939393939394,False
Field-Test,Tomato___Early_blight,/home/dammar/TomatoLeafAI_Project_v5/data/field_real/test/Tomato___Early_blight/EB_(991).jpg,True,,0.543586575255102,0.6781346749133073,0.0013932172318973418,0.8544780806431352,False
Field-Test,Tomato___Early_blight,/home/dammar/TomatoLeafAI_Project_v5/data/field_real/test/Tomato___Early_blight/0ae44a6c-1213-4312-a11b-c7c5d4e585d0___RS_Erly.B 9442.JPG,True,,0.4102160395408163,0.97939171346539,0.09187193314871496,0.9748632831238607,False
Field-Test,Tomato___Early_blight,/home/dammar/TomatoLeafAI_Project_v5/data/field_real/test/Tomato___Early_blight/Early Blight_434.jpg,True,,0.3082748724489796,0.8319914556542312,0.18897077838117404,0.9763729246487867,False
Field-Test,Tomato___Early_blight,/home/dammar/TomatoLeafAI_Project_v5/data/field_real/test/Tomato___Early_blight/Tomato-Early-Blight-Leaf-Examples-Cornell-University_jpg.rf.8099b18748ef1801290210810ff8ccc1.jpg,True,,0.3787866709183674,0.7566987758355792,0.002420288330001052,0.9992635842407027,False
Field-Test,Tomato___Early_blight,/home/dammar/TomatoLeafAI_Project_v5/data/field_real/test/Tomato___Early_blight/Early Blight_104.jpg,True,,0.3479751275510204,0.9953074123496162,0.01993127147766323,0.9993131868131868,False
Field-Test,Tomato___Early_blight,/home/dammar/TomatoLeafAI_Project_v5/data/field_real/test/Tomato___Early_blight/0ecc2ee7-fb66-41fa-a23b-9bdeaf31078a___RS_Erly.B 6381.JPG,True,,0.5442641900510204,0.9892123473700514,0.10275000915449119,0.9953895129715686,False
Field-Test,Tomato___Late_blight,/home/dammar/TomatoLeafAI_Project_v5/data/field_real/test/Tomato___Late_blight/a03417ff-445e-429e-aa3e-d90c23886f6e___RS_Late.B 6356.JPG,True,,0.37611607142857145,0.6836601306291195,0.18699660873251378,0.9822488342518017,False
Field-Test,Tomato___Late_blight,/home/dammar/TomatoLeafAI_Project_v5/data/field_real/test/Tomato___Late_blight/93c80433-e24f-4b39-9f44-10141243b588___GHLB2 Leaf 8940.JPG,True,,0.22443000637755103,0.9819068184489064,0.035964834384157714,0.9669782475757841,False
Field-Test,Tomato___Late_blight,/home/dammar/TomatoLeafAI_Project_v5/data/field_real/test/Tomato___Late_blight/c451aa60-ebde-4dfd-a008-ad6e4cfef3fe___RS_Late.B 6857.JPG,True,,0.3901267538265306,0.9825256898319064,0.1556066411238825,0.9998467667790377,False
Field-Test,Tomato___Late_blight,/home/dammar/TomatoLeafAI_Project_v5/data/field_real/test/Tomato___Late_blight/Late Blight_92.jpg,True,,0.3922791772959184,0.9864679945143953,0.07122897932225779,0.9986808057232737,False
Field-Test,Tomato___Late_blight,/home/dammar/TomatoLeafAI_Project_v5/data/field_real/test/Tomato___Late_blight/ecfdf723-18dd-46d5-9d22-a54289e9d765___GHLB_PS Leaf 31 Day 12.jpg,True,,0.47969148596938777,0.9972582046828931,0.027213428060991317,0.9993768176152887,False
Field-Test,Tomato___Late_blight,/home/dammar/TomatoLeafAI_Project_v5/data/field_real/test/Tomato___Late_blight/Bacterial_spots2277_jpg.rf.c46abfcc1c79042508d38d2a08e0bc5e.jpg,True,,0.486328125,0.7575900096857384,0.0782722727645275,0.7318208664836883,False
Field-Test,Tomato___Late_blight,/home/dammar/TomatoLeafAI_Project_v5/data/field_real/test/Tomato___Late_blight/fce57140-eb13-4c01-8a18-88dc5e8a75dc___RS_Late.B 4923.JPG,True,,0.6052893813775511,0.9917880232403256,0.12492180040169899,0.9991439765581273,False
Field-Test,Tomato___Late_blight,/home/dammar/TomatoLeafAI_Project_v5/data/field_real/test/Tomato___Late_blight/late_blight_tomato_leaf4x1200_jpg.rf.0a196e60aaf2ff4e1ccf44ccd272d89f.jpg,True,,0.3233019770408163,0.7725730656174914,0.023240044384169645,0.5858859514966135,False
Field-Test,Tomato___Late_blight,/home/dammar/TomatoLeafAI_Project_v5/data/field_real/test/Tomato___Late_blight/804affe6-213e-4bcc-8736-e5034a31e454___GHLB2 Leaf 8659.JPG,True,,0.40172592474489793,0.9865596247092623,0.036562980602272165,0.9715920299861905,False
Field-Test,Tomato___Late_blight,/home/dammar/TomatoLeafAI_Project_v5/data/field_real/test/Tomato___Late_blight/bd5a4716-1cf0-46d3-a905-320e4d84d34a___RS_Late.B 6199.JPG,True,,0.4163145727040816,0.9840738043100716,0.13614821197759586,0.8598192638307252,False
Field-Test,Tomato___Late_blight,/home/dammar/TomatoLeafAI_Project_v5/data/field_real/test/Tomato___Late_blight/ff735d59-0023-4c97-853c-ff4083ba96d6___RS_Late.B 6263.JPG,True,,0.6243024553571429,0.9929244537127115,0.09992019154030327,0.9984060696866333,False
Field-Test,Tomato___Late_blight,/home/dammar/TomatoLeafAI_Project_v5/data/field_real/test/Tomato___Late_blight/6e594cdd-0b3f-41d2-b056-f03819790e8c___RS_Late.B 5348.JPG,True,,0.4305444834183674,0.9917349695388189,0.2298291903902236,0.999121021465581,False
Field-Test,Tomato___Leaf_Mold,/home/dammar/TomatoLeafAI_Project_v5/data/field_real/test/Tomato___Leaf_Mold/BM_(983).jpg,True,,0.381038743622449,0.9894320200522817,0.0,0.9924925707731609,False
Field-Test,Tomato___Leaf_Mold,/home/dammar/TomatoLeafAI_Project_v5/data/field_real/test/Tomato___Leaf_Mold/BM_(970).jpg,True,,0.424984056122449,0.6578487614777841,0.0,0.4930896275309239,False
Field-Test,Tomato___Leaf_Mold,/home/dammar/TomatoLeafAI_Project_v5/data/field_real/test/Tomato___Leaf_Mold/abc565cd-fe1c-4839-ad1f-5721d4506a2c___Crnl_L.Mold 9082_180deg.JPG,False,coverage_too_low_likely_failed_segmentation,0.14997209821428573,0.7237355480222647,0.10325581395348837,0.8977176669484361,False
Field-Test,Tomato___Leaf_Mold,/home/dammar/TomatoLeafAI_Project_v5/data/field_real/test/Tomato___Leaf_Mold/607-155-0_jpg.rf.a9a034a65cb66019f0efe658b88e4d55.jpg,True,,0.5344188456632653,0.884772531687654,0.005407421219466716,0.9967222884386174,False
Field-Test,Tomato___Leaf_Mold,/home/dammar/TomatoLeafAI_Project_v5/data/field_real/test/Tomato___Leaf_Mold/BM_(972).jpg,True,,0.5417330994897959,0.6834334080795257,0.02921050695313075,0.39825421301905495,False
Field-Test,Tomato___Leaf_Mold,/home/dammar/TomatoLeafAI_Project_v5/data/field_real/test/Tomato___Leaf_Mold/28d202ba-1fd8-4200-9727-ad3d977d58f9___Crnl_L.Mold 6758.JPG,True,,0.4557557397959184,0.9910667653098422,0.0036732552037782055,0.9988643312658338,False
Field-Test,Tomato___Leaf_Mold,/home/dammar/TomatoLeafAI_Project_v5/data/field_real/test/Tomato___Leaf_Mold/ff01be71-2cc9-4e83-b907-81c21d31983b___Crnl_L.Mold 9117.JPG,True,,0.4165537308673469,0.8763311549814543,0.014544758623989283,1.0,False
Field-Test,Tomato___Leaf_Mold,/home/dammar/TomatoLeafAI_Project_v5/data/field_real/test/Tomato___Leaf_Mold/top-leaf-mold-Fulva-fulvea-WN_jpg.rf.93a8c90f0ddae9e367f5519fd26ea211.jpg,True,,0.38351004464285715,0.6338563800706192,0.0,0.9216771000145582,False
Field-Test,Tomato___Leaf_Mold,/home/dammar/TomatoLeafAI_Project_v5/data/field_real/test/Tomato___Leaf_Mold/Blm24_lower.jpg,True,,0.37314652423469385,0.9899682354310924,0.06959354804251455,0.9991994876721102,False
Field-Test,Tomato___Leaf_Mold,/home/dammar/TomatoLeafAI_Project_v5/data/field_real/test/Tomato___Leaf_Mold/BM_(16).jpg,True,,0.46115672831632654,0.5536720330847098,0.08375469985738364,0.5522098694374602,False
Field-Test,Tomato___Leaf_Mold,/home/dammar/TomatoLeafAI_Project_v5/data/field_real/test/Tomato___Leaf_Mold/BM_(986).jpg,True,,0.23521205357142858,0.6706298321288648,0.06117607185222844,0.9394140592580297,False
Field-Test,Tomato___Leaf_Mold,/home/dammar/TomatoLeafAI_Project_v5/data/field_real/test/Tomato___Leaf_Mold/BM_(21).jpg,True,,0.5032087053571429,0.9863661276969673,0.15711513327260485,1.0,False
Field-Test,Tomato___Septoria_leaf_spot,/home/dammar/TomatoLeafAI_Project_v5/data/field_real/test/Tomato___Septoria_leaf_spot/TomatoDisease_IMG_2744_2016Jul01_original-JPG-1472858324_jpg.rf.a032d4e0c042ee620e6866023299cbef.jpg,True,,0.43275669642857145,0.969801819289589,0.11688311688311688,0.998158548936562,False
Field-Test,Tomato___Septoria_leaf_spot,/home/dammar/TomatoLeafAI_Project_v5/data/field_real/test/Tomato___Septoria_leaf_spot/a8573a9e-d9de-4a2b-835a-bd1390c1d6d9___Matt.S_CG 7463.JPG,True,,0.5375876913265306,0.9888533284477377,0.0071921109216282345,0.9991850040749797,False
Field-Test,Tomato___Septoria_leaf_spot,/home/dammar/TomatoLeafAI_Project_v5/data/field_real/test/Tomato___Septoria_leaf_spot/SS_ (53).jpg,True,,0.6411631058673469,0.9719708716882225,0.21177457959031426,0.9995338719701679,False
Field-Test,Tomato___Septoria_leaf_spot,/home/dammar/TomatoLeafAI_Project_v5/data/field_real/test/Tomato___Septoria_leaf_spot/tomato-leaf-spot-septoria-lycopersici-on-a-tomato-leaflet-acg9j5_jpg.rf.fee0982e44d95b271fc0502b3853645e.jpg,True,,0.3666892538265306,0.8039481882861956,0.28795043208870047,0.9959236915049731,False
Field-Test,Tomato___Septoria_leaf_spot,/home/dammar/TomatoLeafAI_Project_v5/data/field_real/test/Tomato___Septoria_leaf_spot/481c8d4a-1bfa-48a7-9385-3352286bd765___Keller.St_CG 2036.JPG,True,,0.33729272959183676,0.9897471423457052,0.04608839517844481,0.9772302662307333,False
Field-Test,Tomato___Septoria_leaf_spot,/home/dammar/TomatoLeafAI_Project_v5/data/field_real/test/Tomato___Septoria_leaf_spot/ce0bad5b-8752-4d85-af7f-d4d6ad672865___JR_Sept.L.S 2529.JPG,True,,0.46584024234693877,0.9918487466022252,0.010353384101993669,0.9956545818600093,False
Field-Test,Tomato___Septoria_leaf_spot,/home/dammar/TomatoLeafAI_Project_v5/data/field_real/test/Tomato___Septoria_leaf_spot/SS_ (942).jpg,True,,0.42197464923469385,0.8327999861708582,0.0,0.7706265293873217,False
Field-Test,Tomato___Septoria_leaf_spot,/home/dammar/TomatoLeafAI_Project_v5/data/field_real/test/Tomato___Septoria_leaf_spot/7387cd69-82f1-4fe3-95d9-b0109e32d4ef___Matt.S_CG 7505.JPG,True,,0.39291693239795916,0.9924079178029364,0.014100938371798124,0.9991382369341512,False
Field-Test,Tomato___Septoria_leaf_spot,/home/dammar/TomatoLeafAI_Project_v5/data/field_real/test/Tomato___Septoria_leaf_spot/cc24a097-d7aa-46b3-808d-d31acc19c97b___Matt.S_CG 2645.JPG,True,,0.3807796556122449,0.978096807752594,0.10347534805820162,0.9801513266998342,False
Field-Test,Tomato___Septoria_leaf_spot,/home/dammar/TomatoLeafAI_Project_v5/data/field_real/test/Tomato___Septoria_leaf_spot/7c00659c-19a4-404b-a244-b4798daa6c76___Matt.S_CG 0795.JPG,True,,0.4729751275510204,0.9886894982637824,0.03956682959716838,0.9998314583069987,False
Field-Test,Tomato___Septoria_leaf_spot,/home/dammar/TomatoLeafAI_Project_v5/data/field_real/test/Tomato___Septoria_leaf_spot/76d19414-641c-4c03-8039-52bc491ca7a3___Matt.S_CG 7606.JPG,True,,0.421875,0.9890906564025066,0.02971466364323507,0.9999527588813303,False
Field-Test,Tomato___Septoria_leaf_spot,/home/dammar/TomatoLeafAI_Project_v5/data/field_real/test/Tomato___Septoria_leaf_spot/0751d5c2-c59a-4c96-b348-2a9d3c8c8333___Matt.S_CG 6845.JPG,True,,0.38797433035714285,0.9890877067470345,0.10551189191965892,0.9492077817890092,False
Field-Test,Tomato___Spider_mites Two-spotted_spider_mite,/home/dammar/TomatoLeafAI_Project_v5/data/field_real/test/Tomato___Spider_mites Two-spotted_spider_mite/b4a5b3a6-b725-425a-a695-4507de7fd09a___Com.G_SpM_FL 1722.JPG,True,,0.4411073022959184,0.9937381745993452,0.0011747164866940767,0.9683487474185148,False
Field-Test,Tomato___Spider_mites Two-spotted_spider_mite,/home/dammar/TomatoLeafAI_Project_v5/data/field_real/test/Tomato___Spider_mites Two-spotted_spider_mite/851ea0ae-63c2-4f43-825e-e5e60b636ec0___Com.G_SpM_FL 1747.JPG,True,,0.3434311224489796,0.9893024451417218,0.008704735376044569,0.9993041057759221,False
Field-Test,Tomato___Spider_mites Two-spotted_spider_mite,/home/dammar/TomatoLeafAI_Project_v5/data/field_real/test/Tomato___Spider_mites Two-spotted_spider_mite/29919d99-e33e-43f0-b313-73eef0221636___Com.G_SpM_FL 1673.JPG,True,,0.3620455994897959,0.9930232558008101,0.0004403831333259936,0.9776277829187306,False
Field-Test,Tomato___Spider_mites Two-spotted_spider_mite,/home/dammar/TomatoLeafAI_Project_v5/data/field_real/test/Tomato___Spider_mites Two-spotted_spider_mite/0cee18fc-bbbd-40dd-8d73-93df072c09ea___Com.G_SpM_FL 8904_180deg.JPG,True,,0.4268773915816326,0.9944812106514032,0.02539801111162986,0.9761033668318436,False
Field-Test,Tomato___Spider_mites Two-spotted_spider_mite,/home/dammar/TomatoLeafAI_Project_v5/data/field_real/test/Tomato___Spider_mites Two-spotted_spider_mite/b8bc8c7e-5309-4018-be6b-3a3db6318cdb___Com.G_SpM_FL 8909.JPG,True,,0.42930883290816324,0.989384336793147,0.07149157420732556,0.9943223781388478,False
Field-Test,Tomato___Spider_mites Two-spotted_spider_mite,/home/dammar/TomatoLeafAI_Project_v5/data/field_real/test/Tomato___Spider_mites Two-spotted_spider_mite/4a6a93a5-d51c-4769-8669-12ec54d87ce6___Com.G_SpM_FL 9441_flipTB.JPG,True,,0.3175422512755102,0.9924990852365534,0.003263666603903847,0.9996235648409562,False
Field-Test,Tomato___Spider_mites Two-spotted_spider_mite,/home/dammar/TomatoLeafAI_Project_v5/data/field_real/test/Tomato___Spider_mites Two-spotted_spider_mite/ba6d3f0a-490b-46fd-87e0-bcb1e3b033dd___Com.G_SpM_FL 1655.JPG,True,,0.4503547512755102,0.9885239630450557,0.012568040005310439,0.9994690265486725,False
Field-Test,Tomato___Spider_mites Two-spotted_spider_mite,/home/dammar/TomatoLeafAI_Project_v5/data/field_real/test/Tomato___Spider_mites Two-spotted_spider_mite/312bee2d-2595-4d86-992f-cca44dbaad4a___Com.G_SpM_FL 9492.JPG,True,,0.3692004145408163,0.9927886056825914,0.003670715249662618,0.9794304642838062,False
Field-Test,Tomato___Spider_mites Two-spotted_spider_mite,/home/dammar/TomatoLeafAI_Project_v5/data/field_real/test/Tomato___Spider_mites Two-spotted_spider_mite/c52251d2-be10-4b22-8d88-53497d408b25___Com.G_SpM_FL 1672.JPG,True,,0.29195232780612246,0.9902977139659559,0.004710219127585501,0.9604911906033102,False
Field-Test,Tomato___Spider_mites Two-spotted_spider_mite,/home/dammar/TomatoLeafAI_Project_v5/data/field_real/test/Tomato___Spider_mites Two-spotted_spider_mite/88ce9b84-50b8-4ffa-8628-1d5fe9e9a94e___Com.G_SpM_FL 1547.JPG,True,,0.36421795280612246,0.991016275434226,0.0,0.9975957597945467,False
Field-Test,Tomato___Spider_mites Two-spotted_spider_mite,/home/dammar/TomatoLeafAI_Project_v5/data/field_real/test/Tomato___Spider_mites Two-spotted_spider_mite/dd65aea5-06e3-4e06-b3e0-3466c629c389___Com.G_SpM_FL 9001.JPG,True,,0.33474170918367346,0.9935948149803071,0.0,0.9731464578057829,False
Field-Test,Tomato___Spider_mites Two-spotted_spider_mite,/home/dammar/TomatoLeafAI_Project_v5/data/field_real/test/Tomato___Spider_mites Two-spotted_spider_mite/df5798c3-0d5d-4fdd-9a4e-4b53299c5017___Com.G_SpM_FL 8952.JPG,True,,0.3714126275510204,0.9803789338323456,0.036595836016312513,0.9997854077253219,False
Field-Test,Tomato___Target_Spot,/home/dammar/TomatoLeafAI_Project_v5/data/field_real/test/Tomato___Target_Spot/8a5b87db-6aa8-4f1b-96bc-a98bcce04b1c___Com.G_TgS_FL 8042.JPG,True,,0.4031608737244898,0.9919505023160033,0.014039250580849276,0.9797396496036018,False
Field-Test,Tomato___Target_Spot,/home/dammar/TomatoLeafAI_Project_v5/data/field_real/test/Tomato___Target_Spot/280c585c-d0d6-4558-87ff-04c5f67a1d56___Com.G_TgS_FL 8027.JPG,True,,0.40407764668367346,0.9936376514144374,0.0032552404438964243,0.9998520491196923,False
Field-Test,Tomato___Target_Spot,/home/dammar/TomatoLeafAI_Project_v5/data/field_real/test/Tomato___Target_Spot/14b33831-3899-46b9-b987-8654111ecf84___Com.G_TgS_FL 1115.JPG,True,,0.4710220025510204,0.9871040440617209,0.03672674959803673,0.9972149548485104,False
Field-Test,Tomato___Target_Spot,/home/dammar/TomatoLeafAI_Project_v5/data/field_real/test/Tomato___Target_Spot/451eda81-5134-4d6c-aa4b-2d0ce9341159___Com.G_TgS_FL 7898.JPG,True,,0.5470344387755102,0.9949947408420081,0.04051296997959779,0.996767984893053,False
Field-Test,Tomato___Target_Spot,/home/dammar/TomatoLeafAI_Project_v5/data/field_real/test/Tomato___Target_Spot/0ff11bec-6751-47dc-86a0-cf28682f13d3___Com.G_TgS_FL 7907_new30degFlipLR.JPG,True,,0.4096779336734694,0.9939600840214107,0.01201595641175326,0.9815876994264231,False
Field-Test,Tomato___Target_Spot,/home/dammar/TomatoLeafAI_Project_v5/data/field_real/test/Tomato___Target_Spot/f252ed58-7e35-499e-861a-c94005d7df94___Com.G_TgS_FL 7912.JPG,True,,0.45790816326530615,0.9892892654775285,0.005614554317548747,0.9999129526462396,False
Field-Test,Tomato___Target_Spot,/home/dammar/TomatoLeafAI_Project_v5/data/field_real/test/Tomato___Target_Spot/9c35d282-72c1-458b-b430-2cefb43bebad___Com.G_TgS_FL 9883.JPG,True,,0.3109654017857143,0.9843516124483365,0.009421265141318977,0.9062381852551985,False
Field-Test,Tomato___Target_Spot,/home/dammar/TomatoLeafAI_Project_v5/data/field_real/test/Tomato___Target_Spot/63d1a91a-4deb-4f35-a7d9-07b69211494f___Com.G_TgS_FL 9839.JPG,True,,0.38905054209183676,0.9935570234577613,0.0013831258644536654,0.9991293659735737,False
Field-Test,Tomato___Target_Spot,/home/dammar/TomatoLeafAI_Project_v5/data/field_real/test/Tomato___Target_Spot/387d80fd-1770-43a6-9937-6a55fd99d461___Com.G_TgS_FL 9990.JPG,True,,0.3946109693877551,0.9875451442023675,0.010757575757575757,0.9957249911985113,False
Field-Test,Tomato___Target_Spot,/home/dammar/TomatoLeafAI_Project_v5/data/field_real/test/Tomato___Target_Spot/d2fbf6aa-07fb-4ae1-8e82-2980be399705___Com.G_TgS_FL 0767.JPG,True,,0.5315090880102041,0.991146121236737,0.011736473058607371,0.9886865239808599,False
Field-Test,Tomato___Target_Spot,/home/dammar/TomatoLeafAI_Project_v5/data/field_real/test/Tomato___Target_Spot/efa8a3d8-caf5-438e-bcce-ad8ed2f2929f___Com.G_TgS_FL 7881.JPG,True,,0.45585538903061223,0.9911853044773784,0.019280374240370744,0.9986901279308388,False
Field-Test,Tomato___Target_Spot,/home/dammar/TomatoLeafAI_Project_v5/data/field_real/test/Tomato___Target_Spot/6edeac14-5ac4-4810-a3c0-ff35feb176fb___Com.G_TgS_FL 7911_new30degFlipLR.JPG,True,,0.5045838647959183,0.9886626007301824,0.01552255312425942,0.9881920859331806,False
Field-Test,Tomato___Tomato_Yellow_Leaf_Curl_Virus,/home/dammar/TomatoLeafAI_Project_v5/data/field_real/test/Tomato___Tomato_Yellow_Leaf_Curl_Virus/363682e5-90f5-4ba5-a5c8-1f7cd2d8d8f2___UF.GRC_YLCV_Lab 09590.JPG,True,,0.44375797193877553,0.9888994266396991,0.015494475882511452,0.9963184124276029,False
Field-Test,Tomato___Tomato_Yellow_Leaf_Curl_Virus,/home/dammar/TomatoLeafAI_Project_v5/data/field_real/test/Tomato___Tomato_Yellow_Leaf_Curl_Virus/45512956-577c-451b-9f04-e18fab013fe8___YLCV_GCREC 2131.JPG,True,,0.4105747767857143,0.9936169704951983,0.0,0.9978641813504199,False
Field-Test,Tomato___Tomato_Yellow_Leaf_Curl_Virus,/home/dammar/TomatoLeafAI_Project_v5/data/field_real/test/Tomato___Tomato_Yellow_Leaf_Curl_Virus/c80318ed-c297-4589-a1f9-6a91031addd4___YLCV_GCREC 2226.JPG,True,,0.49539620535714285,0.9952286282208658,0.0,0.9911978874929983,False
Field-Test,Tomato___Tomato_Yellow_Leaf_Curl_Virus,/home/dammar/TomatoLeafAI_Project_v5/data/field_real/test/Tomato___Tomato_Yellow_Leaf_Curl_Virus/f52769aa-5d5c-4ab1-b4bd-940ef25d4cc1___YLCV_NREC 2431.JPG,True,,0.28854432397959184,0.9933748066748647,0.007666804807293825,0.9990336830480397,False
Field-Test,Tomato___Tomato_Yellow_Leaf_Curl_Virus,/home/dammar/TomatoLeafAI_Project_v5/data/field_real/test/Tomato___Tomato_Yellow_Leaf_Curl_Virus/d0be6c81-9b1e-43e2-a468-373cd0987885___UF.GRC_YLCV_Lab 01907.JPG,True,,0.6086575255102041,0.9920362422431399,0.0007203667321545515,0.9883431565160445,False
Field-Test,Tomato___Tomato_Yellow_Leaf_Curl_Virus,/home/dammar/TomatoLeafAI_Project_v5/data/field_real/test/Tomato___Tomato_Yellow_Leaf_Curl_Virus/d70b74cb-5b1d-4ce1-868c-01825007c9f7___UF.GRC_YLCV_Lab 09352.JPG,True,,0.4811862244897959,0.9879557291572776,0.0,0.9797554292257985,False
Field-Test,Tomato___Tomato_Yellow_Leaf_Curl_Virus,/home/dammar/TomatoLeafAI_Project_v5/data/field_real/test/Tomato___Tomato_Yellow_Leaf_Curl_Virus/f527ed8b-e5c2-4412-948f-d940039d60d3___YLCV_GCREC 5168.JPG,True,,0.3076769770408163,0.986537973060926,0.10778598264023838,0.9709003113285469,False
Field-Test,Tomato___Tomato_Yellow_Leaf_Curl_Virus,/home/dammar/TomatoLeafAI_Project_v5/data/field_real/test/Tomato___Tomato_Yellow_Leaf_Curl_Virus/ecd0a945-c9a3-457c-9884-e3693c043168___YLCV_GCREC 2830.JPG,True,,0.4071667729591837,0.9932745603859292,0.0006363191385217817,0.9986294664708761,False
Field-Test,Tomato___Tomato_Yellow_Leaf_Curl_Virus,/home/dammar/TomatoLeafAI_Project_v5/data/field_real/test/Tomato___Tomato_Yellow_Leaf_Curl_Virus/d5b1f472-2775-499a-98b0-4be2107f61bd___YLCV_GCREC 5207.JPG,True,,0.33199139030612246,0.9931848007490345,0.00030015608116220433,0.9974212893553224,False
Field-Test,Tomato___Tomato_Yellow_Leaf_Curl_Virus,/home/dammar/TomatoLeafAI_Project_v5/data/field_real/test/Tomato___Tomato_Yellow_Leaf_Curl_Virus/cdb067df-5377-4fcf-8531-00d123621957___UF.GRC_YLCV_Lab 02182.JPG,True,,0.40702726403061223,0.9857832494001117,0.0,1.0,False
Field-Test,Tomato___Tomato_Yellow_Leaf_Curl_Virus,/home/dammar/TomatoLeafAI_Project_v5/data/field_real/test/Tomato___Tomato_Yellow_Leaf_Curl_Virus/b99920fb-c886-43e6-a079-80f28baffd20___UF.GRC_YLCV_Lab 03059.JPG,True,,0.3926379145408163,0.9882299454314898,0.0,0.9755206247496997,False
Field-Test,Tomato___Tomato_Yellow_Leaf_Curl_Virus,/home/dammar/TomatoLeafAI_Project_v5/data/field_real/test/Tomato___Tomato_Yellow_Leaf_Curl_Virus/7734544d-f6ec-4df7-956d-99697a51c5f2___YLCV_NREC 0089.JPG,True,,0.37968351403061223,0.9895106800218227,0.02797753398771718,0.9774517934895294,False
Field-Test,Tomato___Tomato_mosaic_virus,/home/dammar/TomatoLeafAI_Project_v5/data/field_real/test/Tomato___Tomato_mosaic_virus/c5132603-ce86-45c0-b9f9-d35c07f4057f___PSU_CG 2256.JPG,True,,0.33693399234693877,0.9863243004082924,0.005264403170472022,0.9979338842975206,False
Field-Test,Tomato___Tomato_mosaic_virus,/home/dammar/TomatoLeafAI_Project_v5/data/field_real/test/Tomato___Tomato_mosaic_virus/3671c4a4-c7dd-40cb-a6a8-02fb84331246___PSU_CG 2383.JPG,True,,0.37009725765306123,0.9917631651335979,0.0034464189553042542,0.9954765751211632,False
Field-Test,Tomato___Tomato_mosaic_virus,/home/dammar/TomatoLeafAI_Project_v5/data/field_real/test/Tomato___Tomato_mosaic_virus/5a006502-4484-463c-8ed3-48d61e803520___PSU_CG 2388.JPG,True,,0.3209901147959184,0.9823732622798325,0.02719483422327083,0.9990066430744396,False
Field-Test,Tomato___Tomato_mosaic_virus,/home/dammar/TomatoLeafAI_Project_v5/data/field_real/test/Tomato___Tomato_mosaic_virus/2767e072-0e76-4860-abc3-769fb4af3aae___PSU_CG 2257.JPG,True,,0.3407605229591837,0.9873010258056385,0.00883144227395017,0.9978390374956196,False
Field-Test,Tomato___Tomato_mosaic_virus,/home/dammar/TomatoLeafAI_Project_v5/data/field_real/test/Tomato___Tomato_mosaic_virus/b529189c-a83d-429e-ae68-5281906cd3a7___PSU_CG 2080.JPG,True,,0.33547911352040816,0.9888640013321897,0.006534782866987465,0.9998217786490822,False
Field-Test,Tomato___Tomato_mosaic_virus,/home/dammar/TomatoLeafAI_Project_v5/data/field_real/test/Tomato___Tomato_mosaic_virus/8b75624a-5775-4d44-a2e0-62243632b4a9___PSU_CG 2279.JPG,True,,0.34548389668367346,0.9844123064169172,0.0,0.9754985754985755,False
Field-Test,Tomato___Tomato_mosaic_virus,/home/dammar/TomatoLeafAI_Project_v5/data/field_real/test/Tomato___Tomato_mosaic_virus/23987cfe-9866-46ce-b4ec-49ad82ede267___PSU_CG 2224.JPG,True,,0.29751275510204084,0.9907780689215362,0.0018086816720257234,1.0,False
Field-Test,Tomato___Tomato_mosaic_virus,/home/dammar/TomatoLeafAI_Project_v5/data/field_real/test/Tomato___Tomato_mosaic_virus/59e3d4c3-f6fe-4d68-82a5-d509b810b39d___PSU_CG 2303.JPG,True,,0.2760483099489796,0.9904806860010635,0.015233557143888528,0.9672989807474519,False
Field-Test,Tomato___Tomato_mosaic_virus,/home/dammar/TomatoLeafAI_Project_v5/data/field_real/test/Tomato___Tomato_mosaic_virus/2370fa79-6f15-4ae5-a3cb-2d585a0043c2___PSU_CG 2178.JPG,True,,0.2850366709183674,0.9868864946961708,0.007201789959446231,1.0,False
Field-Test,Tomato___Tomato_mosaic_virus,/home/dammar/TomatoLeafAI_Project_v5/data/field_real/test/Tomato___Tomato_mosaic_virus/7e30ae4f-05e2-4806-ad63-c86fb601d445___PSU_CG 2412.JPG,True,,0.29434390943877553,0.9779735682591135,0.03845893425418106,0.9702508004268944,False
Field-Test,Tomato___Tomato_mosaic_virus,/home/dammar/TomatoLeafAI_Project_v5/data/field_real/test/Tomato___Tomato_mosaic_virus/14c21616-aa9e-4d85-8aff-bdf7f4cf3720___PSU_CG 2079.JPG,True,,0.34177694515306123,0.9832307117983738,0.00892180302058429,0.9937852122901784,False
Field-Test,Tomato___Tomato_mosaic_virus,/home/dammar/TomatoLeafAI_Project_v5/data/field_real/test/Tomato___Tomato_mosaic_virus/5e990ddc-28f3-4624-8498-28f3b10111fd___PSU_CG 2182.JPG,True,,0.311344068877551,0.9827124139602494,0.005569069261298169,0.9397627015515668,False
Field-Test,Tomato___healthy,/home/dammar/TomatoLeafAI_Project_v5/data/field_real/test/Tomato___healthy/Healthy_32.jpg,True,,0.3133968431122449,0.9978379857418898,0.0,0.999872830164685,True
Field-Test,Tomato___healthy,/home/dammar/TomatoLeafAI_Project_v5/data/field_real/test/Tomato___healthy/Healthy_195.jpg,True,,0.24525669642857142,0.996202791410878,0.006175849179262148,0.9988623435722411,True
Field-Test,Tomato___healthy,/home/dammar/TomatoLeafAI_Project_v5/data/field_real/test/Tomato___healthy/Healthy_363.jpg,True,,0.25175382653061223,0.8694311535250233,0.0,0.9989708676377455,True
Field-Test,Tomato___healthy,/home/dammar/TomatoLeafAI_Project_v5/data/field_real/test/Tomato___healthy/Healthy_35.jpg,True,,0.17414700255102042,0.9971681672600685,0.0,0.9526256983240223,True
Field-Test,Tomato___healthy,/home/dammar/TomatoLeafAI_Project_v5/data/field_real/test/Tomato___healthy/Healthy_320.jpg,True,,0.3318718112244898,0.9981857318420551,0.0,0.976504093983624,True
Field-Test,Tomato___healthy,/home/dammar/TomatoLeafAI_Project_v5/data/field_real/test/Tomato___healthy/Healthy_185.jpg,True,,0.3238002232142857,0.9960139765081746,0.009294023512032991,0.9987691550249246,True
Field-Test,Tomato___healthy,/home/dammar/TomatoLeafAI_Project_v5/data/field_real/test/Tomato___healthy/Healthy_124.jpg,True,,0.30309311224489793,0.9970537437522042,0.0,0.9997370496976071,True
Field-Test,Tomato___healthy,/home/dammar/TomatoLeafAI_Project_v5/data/field_real/test/Tomato___healthy/Healthy_82.jpg,True,,0.3411192602040816,0.9985068455160795,0.0,1.0,True
Field-Test,Tomato___healthy,/home/dammar/TomatoLeafAI_Project_v5/data/field_real/test/Tomato___healthy/Healthy_372.jpg,True,,0.22692123724489796,0.9595846874973362,0.0023713332162304587,0.9675049693198513,True
Field-Test,Tomato___healthy,/home/dammar/TomatoLeafAI_Project_v5/data/field_real/test/Tomato___healthy/Healthy_9.jpg,True,,0.2492625956632653,0.9969312017565142,0.0,0.9710544995662118,True
Field-Test,Tomato___healthy,/home/dammar/TomatoLeafAI_Project_v5/data/field_real/test/Tomato___healthy/Healthy_262.jpg,True,,0.45029496173469385,0.9959110758042151,0.013454899530848897,0.9994249568717654,True
Field-Test,Tomato___healthy,/home/dammar/TomatoLeafAI_Project_v5/data/field_real/test/Tomato___healthy/Healthy_313.jpg,True,,0.3419563137755102,0.9945816531949871,0.0,0.977076373689667,True
