model,split,image,true,pred,correct,seg_reliable,lfs,pointing_leaf,top10_in_leaf,lefs,lesion_area_frac_of_leaf,lesion_enrichment,pointing_lesion,top10_in_lesion
CNN_Only,PV-Test,a8c12fae-22eb-46c8-a7dc-374225d050ba___GCREC_Bact.Sp 3122.JPG,Tomato___Bacterial_spot,Tomato___Bacterial_spot,True,True,0.9131760163585944,True,1.0,0.015331771340288685,0.013243335611756665,1.267769945151399,False,0.11478676763650857
CNN_Only,PV-Test,d9a91bb5-35d8-459c-8c04-8a155bc6a158___GCREC_Bact.Sp 5592.JPG,Tomato___Bacterial_spot,Tomato___Bacterial_spot,True,True,0.9047142919205818,True,0.9904344360302909,0.058427463726245056,0.056326226608323246,1.146555086644278,False,0.24073335990434436
CNN_Only,PV-Test,aaa27c3b-ff24-4d91-9c0c-fe68862ab77e___GCREC_Bact.Sp 3616.JPG,Tomato___Bacterial_spot,Tomato___Bacterial_spot,True,True,0.7838282857365898,True,0.9878437624551614,0.050818382270111914,0.055922124470511564,1.1593544740190302,False,0.15942606616181745
CNN_Only,PV-Test,4ceb9395-b11a-4290-bfc4-db6afe8ad21e___UF.GRC_BS_Lab Leaf 0806.JPG,Tomato___Bacterial_spot,Tomato___Bacterial_spot,True,True,0.7146015521103091,True,0.988242327620566,0.09741394651723147,0.11991916593946632,1.1367594776977339,True,0.5390593862096453
CNN_Only,PV-Test,1838f883-5e4b-4b24-bf4b-77d4a82f5f46___GCREC_Bact.Sp 6335.JPG,Tomato___Bacterial_spot,Tomato___Bacterial_spot,True,True,0.9356544696277379,True,1.0,0.015201031011785927,0.036670876703976306,0.44303318261578206,False,0.0011956954962136308
CNN_Only,PV-Test,bab7f756-d2e7-483e-8155-2bead1b5f4ce___GCREC_Bact.Sp 6313.JPG,Tomato___Bacterial_spot,Tomato___Bacterial_spot,True,True,0.8663291668194291,True,0.997010761259466,0.0006884864946910964,0.08289775332416323,0.009586713065144678,False,0.0
CNN_Only,PV-Test,1b3ccbf3-c1e1-476e-b34a-6af0a6fbb349___GCREC_Bact.Sp 3735.JPG,Tomato___Bacterial_spot,Tomato___Bacterial_spot,True,True,0.9426033083493944,True,0.9990035870864886,0.1054717033353312,0.075647961751384,1.479141659984775,True,0.22279792746113988
CNN_Only,PV-Test,fca8f33c-6416-4ef3-91e8-8ea21346f242___GCREC_Bact.Sp 3018.JPG,Tomato___Bacterial_spot,Tomato___Bacterial_spot,True,True,0.9419044428732601,True,1.0,0.013466354368901753,0.03617865149163649,0.39517623412972885,False,0.0
CNN_Only,PV-Test,c0caae76-1327-4d16-95dd-138603f7573b___RS_Erly.B 8362.JPG,Tomato___Early_blight,Tomato___Early_blight,True,True,0.755526396393334,True,0.9505779194898366,0.5440319751180847,0.25640815658013266,2.808296425844352,True,0.915703467516939
CNN_Only,PV-Test,22b653c4-9e15-4081-8ece-9b5950a94120___RS_Erly.B 7814.JPG,Tomato___Early_blight,Tomato___Septoria_leaf_spot,False,True,0.7170279335119987,True,0.9900358708648864,0.09097025282534643,0.11864406779661017,1.0693436587025287,True,0.3870067756078119
CNN_Only,PV-Test,257ffdcb-bd8b-4d18-98cc-e63a118155ea___RS_Erly.B 9520.JPG,Tomato___Early_blight,Tomato___Early_blight,True,True,0.4475489869963267,True,0.44161020326823436,0.04033618579425395,0.08769158519404005,1.0277709293512576,False,0.1237544838581108
CNN_Only,PV-Test,1cebc4a1-5fb6-4168-8e18-e2973ef6d18f___RS_Erly.B 9552.JPG,Tomato___Early_blight,Tomato___Early_blight,True,True,0.33433871312990393,False,0.36588282184137105,0.05338721904580296,0.1068386965169055,1.494589929353089,False,0.19988043045037865
CNN_Only,PV-Test,9e8f1cbd-f128-47f3-b90d-9c8dc1efcb78___RS_Erly.B 7425.JPG,Tomato___Early_blight,Tomato___Early_blight,True,True,0.5982567520974377,False,0.6484655241131925,0.0636015985662543,0.04844847775175644,2.1943216416365945,True,0.2959346353128737
CNN_Only,PV-Test,620df2cc-834d-48b9-b9a8-11da26395739___RS_Erly.B 9557.JPG,Tomato___Early_blight,Tomato___Early_blight,True,True,0.5679579077237058,False,0.5787166201673973,0.22256759378161906,0.19187165040538684,2.042372568528702,False,0.4647269828616979
CNN_Only,PV-Test,c83d0821-505b-4270-acd7-1a5c79f671b4___RS_Erly.B 7629.JPG,Tomato___Early_blight,Tomato___Early_blight,True,True,0.6665825659954709,True,0.7257871662016739,0.017195452178664597,0.015398846446838612,1.6752185043851924,False,0.12355520127540853
CNN_Only,PV-Test,25b96058-36c9-4213-bb16-088e76cb30b1___RS_Erly.B 9417.JPG,Tomato___Early_blight,Tomato___Early_blight,True,True,0.5490686965724488,True,0.507373455559984,0.11924576880014119,0.19871908913004804,1.0928906377793337,True,0.25428457552809886
CNN_Only,PV-Test,f8024ad7-ded1-42aa-ab6d-139f7069d10e___RS_Late.B 7157.JPG,Tomato___Late_blight,Tomato___Septoria_leaf_spot,False,True,0.6284460194807809,True,0.8339976086090076,0.07603189962280758,0.09907565287624517,1.2211272381271483,False,0.33180550019928257
CNN_Only,PV-Test,5be6f633-9ae7-40b9-b1aa-f92a1ab919fb___RS_Late.B 5011.JPG,Tomato___Late_blight,Tomato___Late_blight,True,True,0.5351927770502846,False,0.5490235153447589,0.23232657179375568,0.22739951529562394,1.9089700106445397,False,0.399561578318055
CNN_Only,PV-Test,4ceb4156-66d9-4405-9472-82a35f0fa245___GHLB2 Leaf 8662.JPG,Tomato___Late_blight,Tomato___Late_blight,True,True,0.4777817802889051,False,0.5247110402550818,,0.0,,,
CNN_Only,PV-Test,efe3a784-f4d6-4635-bef8-c81fffeee36b___GHLB2 Leaf 8651.JPG,Tomato___Late_blight,Tomato___Septoria_leaf_spot,False,True,0.9182150019318114,True,1.0,0.029424169628987515,0.020621038273288934,1.55399387682107,False,0.15025906735751296
CNN_Only,PV-Test,d56280c8-1442-476c-bdc8-8bb99edad8dd___GHLB2 Leaf 8847.JPG,Tomato___Late_blight,Tomato___Early_blight,False,True,0.611444519287368,False,0.6400956556396971,0.24062814520093811,0.0742626404494382,5.299305784064287,True,0.5878836189717018
CNN_Only,PV-Test,a4008f85-d333-4ca8-87c2-e8c9c68ed19a___RS_Late.B 6461.JPG,Tomato___Late_blight,Tomato___Late_blight,True,True,0.6819979528004295,True,0.7857712235950578,0.37278835965576884,0.3281767955801105,1.6656026452467674,True,0.7072538860103627
CNN_Only,PV-Test,0ac3df5b-d713-42ef-b0ad-20b5410237ad___RS_Late.B 4969.JPG,Tomato___Late_blight,Tomato___Late_blight,True,True,0.29994617484507685,False,0.3146671980868872,0.01676527817324617,0.13517694836588667,0.4134897972550359,False,0.02949382223993623
CNN_Only,PV-Test,8a2f5ea2-51e1-493d-93ff-61faa8221754___RS_Late.B 7069.JPG,Tomato___Late_blight,Tomato___Late_blight,True,True,0.3200375450963837,False,0.4721004384216819,,0.0,,,
CNN_Only,PV-Test,d76eb906-9957-4572-bf7f-60936f30f8f3___Crnl_L.Mold 8640.JPG,Tomato___Leaf_Mold,Tomato___Leaf_Mold,True,True,0.7426745248181427,True,0.8457552809884417,0.0520334071508059,0.10219619326500733,0.685565601358565,False,0.1853328019131128
CNN_Only,PV-Test,b1b88c75-6e10-4dfe-b959-84f3db648a39___Crnl_L.Mold 6632.JPG,Tomato___Leaf_Mold,Tomato___Leaf_Mold,True,True,0.7573066689259206,True,0.9557592666400957,0.013465728441383641,0.044639947865754315,0.39832208993028906,False,0.022319649262654444
CNN_Only,PV-Test,ba913a0e-102c-4fc0-b617-22f85f9f6d31___Crnl_L.Mold 6504.JPG,Tomato___Leaf_Mold,Tomato___Leaf_Mold,True,True,0.7974522690458258,True,0.826225587883619,,0.0,,,
CNN_Only,PV-Test,bf7b77e1-6438-45ee-b226-cb69b745a4bc___Crnl_L.Mold 8756.JPG,Tomato___Leaf_Mold,Tomato___Leaf_Mold,True,True,0.8878930851031986,True,1.0,0.022306403574689385,0.034528838692990775,0.7275903151897087,False,0.1703866082104424
CNN_Only,PV-Test,6e230511-861d-4ae8-8212-374417841b4c___Crnl_L.Mold 8894.JPG,Tomato___Leaf_Mold,Tomato___Leaf_Mold,True,True,0.7067730899549253,True,0.938421681944998,0.01454425533947933,0.04338474451788899,0.47432327994878654,False,0.11578318055001993
CNN_Only,PV-Test,7e0d709c-7399-4cad-84d4-892854831ee7___Crnl_L.Mold 6694.JPG,Tomato___Leaf_Mold,Tomato___Leaf_Mold,True,True,0.7294718342945959,True,0.8114786767636508,0.06906701864777094,0.0928318907716689,1.0199173636745131,False,0.21861299322439218
CNN_Only,PV-Test,9c42ac1e-d48f-4644-bf35-a9b0478330e2___Crnl_L.Mold 6709.JPG,Tomato___Leaf_Mold,Tomato___Leaf_Mold,True,True,0.7224032891259814,True,0.8409724990035871,0.009562545135417027,0.0391058012070452,0.33849526279285347,False,0.019529693104822637
CNN_Only,PV-Test,81de0497-5011-4330-b2f1-b12c7b83576f___Crnl_L.Mold 7120.JPG,Tomato___Leaf_Mold,Tomato___Leaf_Mold,True,True,0.7183229560568506,True,0.8471502590673575,0.013356441365961964,0.023294957247694068,0.7981951754562168,True,0.13551215623754484
CNN_Only,PV-Test,60e32ab3-a35e-4de9-b23b-ab88a6cbe021___JR_Sept.L.S 8542.JPG,Tomato___Septoria_leaf_spot,Tomato___Septoria_leaf_spot,True,True,0.620224609147885,True,0.9483858110801116,0.025341202048014343,0.09070294784580499,0.45046060484959205,False,0.12196094061379036
CNN_Only,PV-Test,ffe98ff9-be33-4e8f-82f0-7b7c21b02958___JR_Sept.L.S 8455.JPG,Tomato___Septoria_leaf_spot,Tomato___Septoria_leaf_spot,True,True,0.4110773761640429,True,0.6096054204862495,0.11137785477659373,0.19339013684482315,1.4010090872915177,True,0.44938222399362293
CNN_Only,PV-Test,2d640131-6b73-4b67-bb77-00266ff41bb8___JR_Sept.L.S 8531.JPG,Tomato___Septoria_leaf_spot,Tomato___Septoria_leaf_spot,True,True,0.8185553664026105,True,1.0,0.09574967115676634,0.12059395948965616,0.9699820027619278,False,0.38082901554404147
CNN_Only,PV-Test,47540ec0-31bf-4ad5-84e9-601d0d0829e4___Matt.S_CG 6002.JPG,Tomato___Septoria_leaf_spot,Tomato___Septoria_leaf_spot,True,True,0.6740011346132134,True,0.7166201673973694,0.023647446027041465,0.05523446019629226,0.6352044051300191,True,0.0346751693901953
CNN_Only,PV-Test,aae2d0b1-30cb-4ba8-a017-f9051d38192b___JR_Sept.L.S 8464.JPG,Tomato___Septoria_leaf_spot,Tomato___Septoria_leaf_spot,True,True,0.8061508864899146,True,1.0,0.04196719177563148,0.09086856851757515,0.5729014046425487,False,0.16381028298126743
CNN_Only,PV-Test,d2871bcd-6d69-4d4f-be2a-b11648666d55___Keller.St_CG 2015.JPG,Tomato___Septoria_leaf_spot,Tomato___Septoria_leaf_spot,True,True,0.7852616203827978,True,0.9386209645277003,0.049752566584986634,0.0479907683953299,1.3202112041702583,True,0.2489039457951375
CNN_Only,PV-Test,c7c2e116-d4da-4b0f-a2dc-24d3ecedf587___Keller.St_CG 1846.JPG,Tomato___Septoria_leaf_spot,Tomato___Septoria_leaf_spot,True,True,0.7604776413875685,True,0.9131127939418094,0.24788297137674495,0.3106227663295567,1.0493659313362662,True,0.6542447190115583
CNN_Only,PV-Test,a90aa234-3af2-4fe7-b8eb-415427e16700___Matt.S_CG 2484.JPG,Tomato___Septoria_leaf_spot,Tomato___Septoria_leaf_spot,True,True,0.7355106284033702,True,0.9445994420087684,0.5134370407564446,0.6712708397483834,1.0399212724532916,True,0.9559585492227979
CNN_Only,PV-Test,fbac63f2-cfbc-4c5c-a623-e40b1314fc83___Com.G_SpM_FL 8784.JPG,Tomato___Spider_mites Two-spotted_spider_mite,Tomato___Spider_mites Two-spotted_spider_mite,True,True,0.3806142470135365,False,0.4214826624153049,0.007643019463529656,0.08318144997974888,0.24140898964963733,False,0.06675966520526105
CNN_Only,PV-Test,e1c88203-3d8b-410f-9d4b-d35c7a735ddf___Com.G_SpM_FL 1267.JPG,Tomato___Spider_mites Two-spotted_spider_mite,Tomato___Spider_mites Two-spotted_spider_mite,True,True,0.1663277451676512,False,0.08190514149063371,0.00646922643724946,0.01781394325929184,2.1833712532055434,False,0.038860103626943004
CNN_Only,PV-Test,e872312d-c093-4320-992a-410031e3fa58___Com.G_SpM_FL 1571.JPG,Tomato___Spider_mites Two-spotted_spider_mite,Tomato___Spider_mites Two-spotted_spider_mite,True,True,0.5310508091911912,False,0.5334794738939816,0.00020482116444307545,0.013286934514394179,0.029027789252435394,False,0.0
CNN_Only,PV-Test,2339bb0d-0389-46c0-9c13-dd5689506143___Com.G_SpM_FL 8516.JPG,Tomato___Spider_mites Two-spotted_spider_mite,Tomato___Spider_mites Two-spotted_spider_mite,True,True,0.7677600529453477,True,0.8162614587485054,0.09058457836873487,0.15912546531746447,0.7414622911582018,False,0.3826225587883619
CNN_Only,PV-Test,187be065-ec6f-4e93-a647-e7385dca9272___Com.G_SpM_FL 9305.JPG,Tomato___Spider_mites Two-spotted_spider_mite,Tomato___Spider_mites Two-spotted_spider_mite,True,True,0.6537624657378227,True,0.6956954962136309,0.026771054566139263,0.02332199195793381,1.755819447858492,True,0.24451972897568752
CNN_Only,PV-Test,71c23873-073d-4ab2-a608-edaff9d2cda1___Com.G_SpM_FL 9499.JPG,Tomato___Spider_mites Two-spotted_spider_mite,Tomato___Spider_mites Two-spotted_spider_mite,True,True,0.5055660912511296,False,0.5442407333599043,0.004228655865229668,0.026980090553867145,0.3100137827057973,False,0.021522518931845355
CNN_Only,PV-Test,1f100e65-f5ab-4991-8665-f9fb28f5c0e2___Com.G_SpM_FL 1179.JPG,Tomato___Spider_mites Two-spotted_spider_mite,Tomato___Spider_mites Two-spotted_spider_mite,True,True,0.41394887980384343,False,0.33997608609007574,0.01314679493949039,0.03864662767453913,0.8217913660697506,False,0.013551215623754484
CNN_Only,PV-Test,85247ca8-8c30-4c83-9315-0755cd4be8c2___Com.G_SpM_FL 9503.JPG,Tomato___Spider_mites Two-spotted_spider_mite,Tomato___Spider_mites Two-spotted_spider_mite,True,True,0.5172101143496378,False,0.5284974093264249,,0.0,,,
CNN_Only,PV-Test,939c6274-f21d-4d60-88db-c882d85d0b19___Com.G_TgS_FL 1025.JPG,Tomato___Target_Spot,Tomato___Target_Spot,True,True,0.8849626256345129,True,1.0,0.2979994296581286,0.24094693028095734,1.3975556347527813,False,0.776404942208051
CNN_Only,PV-Test,b2bf7586-9182-403a-b639-2eb26a2440b4___Com.G_TgS_FL 9688.JPG,Tomato___Target_Spot,Tomato___Spider_mites Two-spotted_spider_mite,False,True,0.3974752617864718,False,0.39776803507373454,0.01075303900946316,0.06446670595167943,0.41964846375565634,False,0.06915105619768833
CNN_Only,PV-Test,4ab417ba-7f9c-44ee-a7d1-1cd78fe68b58___Com.G_TgS_FL 0046.JPG,Tomato___Target_Spot,Tomato___Target_Spot,True,True,0.9287861773982808,True,0.9469908330011957,0.002456422722639567,0.005909310178485287,0.4475592898316004,False,0.0
CNN_Only,PV-Test,8f2a090d-92c1-4bf4-8806-a15a6de7d304___Com.G_TgS_FL 8219.JPG,Tomato___Target_Spot,Tomato___Target_Spot,True,True,0.9675982828881495,True,1.0,0.11504642503102065,0.12358742551880009,0.9620635339554355,False,0.16500597847748108
CNN_Only,PV-Test,9c35d282-72c1-458b-b430-2cefb43bebad___Com.G_TgS_FL 9883.JPG,Tomato___Target_Spot,Tomato___Target_Spot,True,True,0.9454572565114636,True,0.9972100438421682,0.0043155055108484676,0.061073170731707316,0.07473762766049319,False,0.03487445197289757
CNN_Only,PV-Test,3f56fdf7-aa72-42e5-9add-2ecdf310a32f___Com.G_TgS_FL 7959.JPG,Tomato___Target_Spot,Tomato___Target_Spot,True,True,0.9716499657567844,True,1.0,0.01419683586816291,0.10121457489878542,0.14435727198137882,False,0.09087285771223595
CNN_Only,PV-Test,99c0eb04-8170-42e3-9dcf-392415815f44___Com.G_TgS_FL 8309.JPG,Tomato___Target_Spot,Tomato___Target_Spot,True,True,0.9418382470046311,True,1.0,0.14922488520053523,0.16013955516790232,0.9893872581210623,False,0.3842168194499801
CNN_Only,PV-Test,160f7688-821b-4d25-a867-62d0cf492777___Com.G_TgS_FL 0808.JPG,Tomato___Target_Spot,Tomato___Target_Spot,True,True,0.9339253655182289,True,0.9916301315265046,0.00951121459112931,0.025627786904482516,0.3973861302337411,False,0.06994818652849741
CNN_Only,PV-Test,be5ad5cb-4b22-46bb-bcc9-dcb86b64673f___YLCV_GCREC 5290.JPG,Tomato___Tomato_Yellow_Leaf_Curl_Virus,Tomato___Tomato_Yellow_Leaf_Curl_Virus,True,True,0.8480912252782924,True,0.8706656038262256,0.059886423056627155,0.20412014467683598,0.3459393273750974,False,0.14766839378238342
CNN_Only,PV-Test,d8da67f2-2a7e-4b78-9069-169cd2867d82___UF.GRC_YLCV_Lab 01424.JPG,Tomato___Tomato_Yellow_Leaf_Curl_Virus,Tomato___Tomato_Yellow_Leaf_Curl_Virus,True,True,0.6163235977724213,True,0.8507373455559984,0.0014411372386973075,0.0018722901064249114,1.2488877383618977,False,0.0
CNN_Only,PV-Test,a5e84295-fbcc-4353-af35-59aca809604f___UF.GRC_YLCV_Lab 01898.JPG,Tomato___Tomato_Yellow_Leaf_Curl_Virus,Tomato___Tomato_Yellow_Leaf_Curl_Virus,True,True,0.7681461980994998,True,1.0,0.0057932325332691464,0.012899855328725285,0.5846449945159036,False,0.0
CNN_Only,PV-Test,88c24e1f-e1a5-4803-8eee-99f06ae0a059___UF.GRC_YLCV_Lab 01716.JPG,Tomato___Tomato_Yellow_Leaf_Curl_Virus,Tomato___Tomato_Yellow_Leaf_Curl_Virus,True,True,0.7408168339539688,True,0.7251893184535672,0.008073911620009536,0.008548047318100794,1.2749883929444585,False,0.07114388202471104
CNN_Only,PV-Test,4258a0bb-8c13-4ef0-b9bf-b3cfb6ffab4b___UF.GRC_YLCV_Lab 03253.JPG,Tomato___Tomato_Yellow_Leaf_Curl_Virus,Tomato___Tomato_Yellow_Leaf_Curl_Virus,True,True,0.8850325456425782,True,0.9894380231167796,0.008078179060516727,0.08515362767880197,0.10718921236393116,False,0.0023913909924272616
CNN_Only,PV-Test,3ec5af5c-981d-4f81-82d4-bb91c0cb07ac___YLCV_GCREC 5121.JPG,Tomato___Tomato_Yellow_Leaf_Curl_Virus,Tomato___Tomato_Yellow_Leaf_Curl_Virus,True,True,0.7572874365499881,True,0.8349940215225189,0.024872281406436336,0.026261063016878656,1.250669529045773,False,0.1428856117975289
CNN_Only,PV-Test,2f3ee17d-5e55-4681-bdc2-4f66e2c582cd___YLCV_NREC 2934.JPG,Tomato___Tomato_Yellow_Leaf_Curl_Virus,Tomato___Tomato_Yellow_Leaf_Curl_Virus,True,True,0.8031020836777614,True,0.8051016341171782,0.209302041928398,0.38142349438094325,0.683274592780053,False,0.5707453168593065
CNN_Only,PV-Test,3ba3682a-ae6e-4b3b-9209-e3164f00b6fe___UF.GRC_YLCV_Lab 08544.JPG,Tomato___Tomato_Yellow_Leaf_Curl_Virus,Tomato___Bacterial_spot,False,True,0.8057912570696302,True,0.979473893981666,0.01383268556689181,0.015878843506195502,1.081098053858318,False,0.053806297329613395
CNN_Only,PV-Test,2324b02b-1f9d-46a2-82f2-23856019d516___PSU_CG 2382.JPG,Tomato___Tomato_mosaic_virus,Tomato___Tomato_mosaic_virus,True,True,0.61780684969245,True,0.678158628935831,0.014063639468325104,0.024956100675783535,0.9121542298710297,False,0.10263053009166999
CNN_Only,PV-Test,696758e5-0f10-4599-b596-e9e7566c4791___PSU_CG 2062.JPG,Tomato___Tomato_mosaic_virus,Tomato___Tomato_mosaic_virus,True,True,0.6721185197745916,True,0.5924671183738541,0.08569800762065485,0.07527236711786069,1.693905933422739,False,0.25288959744918293
CNN_Only,PV-Test,b2cb36e6-ff72-4518-b344-a6500af4fa40___PSU_CG 2332.JPG,Tomato___Tomato_mosaic_virus,Tomato___Tomato_mosaic_virus,True,True,0.7384929139086712,True,0.7682343563172579,0.02332407535812404,0.030963613686893335,1.020014776058972,False,0.03228377839776803
CNN_Only,PV-Test,1170f108-86a3-4bc6-8a06-c82e55178f91___PSU_CG 2327.JPG,Tomato___Tomato_mosaic_virus,Tomato___Tomato_mosaic_virus,True,True,0.73336112491791,True,0.8138700677560781,0.05560338226830882,0.11036445090204625,0.6869958577091769,False,0.29473893981666005
CNN_Only,PV-Test,a4453e9a-4ede-4377-be38-fd77e9bf16f0___PSU_CG 2308.JPG,Tomato___Tomato_mosaic_virus,Tomato___Tomato_mosaic_virus,True,True,0.538488409312499,True,0.6243523316062176,0.013771767921662232,0.031824832775919736,0.8036134657279561,False,0.13909924272618573
CNN_Only,PV-Test,79f7f0e7-f4c8-4cf4-9c5d-2c4c4675fc04___PSU_CG 2147.JPG,Tomato___Tomato_mosaic_virus,Tomato___Tomato_mosaic_virus,True,True,0.7110426772735348,True,0.7142287764049422,0.00036725791098776646,0.006809612246046486,0.07584956744615776,False,0.0
CNN_Only,PV-Test,a142b58c-1713-4e17-a68c-96eaf4b5ae23___PSU_CG 2219.JPG,Tomato___Tomato_mosaic_virus,Tomato___Tomato_mosaic_virus,True,True,0.6563758312569149,True,0.6552411319250697,0.01236004246720201,0.005684969495285635,3.3123730535027534,False,0.0876843363889996
CNN_Only,PV-Test,6ebb483a-d1b6-4d7d-aad1-e717c2a36167___PSU_CG 2286.JPG,Tomato___Tomato_mosaic_virus,Tomato___Tomato_mosaic_virus,True,True,0.6919658925466704,True,0.7845755280988441,0.00022121225904905408,0.02582520950914999,0.012378859937405208,False,0.0
CNN_Only,PV-Test,c1aad9bf-ed08-4cb9-9ef0-8c0d4a3de010___GH_HL Leaf 319.JPG,Tomato___healthy,Tomato___healthy,True,True,0.0,False,0.42368861607142855,,0.0,,,
CNN_Only,PV-Test,316e62fa-d8a8-4451-80a8-a546c8c43511___RS_HL 9633.JPG,Tomato___healthy,Tomato___healthy,True,True,0.9229779785084216,True,0.9942208051016341,,0.0,,,
CNN_Only,PV-Test,9d447b38-bd33-46f0-880b-324481fbae19___RS_HL 0366.JPG,Tomato___healthy,Tomato___healthy,True,True,0.5618079169134486,True,0.9236747708250299,,0.0,,,
CNN_Only,PV-Test,7d1cbe82-bda7-498a-ac8f-f01a0e279940___RS_HL 9639.JPG,Tomato___healthy,Tomato___healthy,True,True,0.8653617733821536,True,0.9499800717417298,,0.0,,,
CNN_Only,PV-Test,48af8eac-8662-400b-a0bb-024a28ed3cc9___RS_HL 0266.JPG,Tomato___healthy,Tomato___healthy,True,True,0.7390539589692154,True,1.0,,0.0,,,
CNN_Only,PV-Test,225003c5-d8a1-48ce-b315-42df4b99c51a___RS_HL 0464.JPG,Tomato___healthy,Tomato___healthy,True,True,0.8904117561243134,True,1.0,,0.0,,,
CNN_Only,PV-Test,a8036d3b-eda1-4309-b2ac-5a409963f4d7___RS_HL 9840.JPG,Tomato___healthy,Tomato___healthy,True,True,0.7820060032874752,True,0.9996014348345954,,0.0,,,
CNN_Only,PV-Test,9d06e189-6e39-4fb9-853b-e2ce180469a5___RS_HL 0407.JPG,Tomato___healthy,Tomato___healthy,True,True,0.8430975483795516,True,1.0,,0.0,,,
CNN_Only,Field-Test,Bs68_lower.jpg,Tomato___Bacterial_spot,Tomato___Bacterial_spot,True,True,0.7034571207841388,True,0.814467915504185,0.0015897110924717192,0.006896968963639664,0.32765915187172256,False,0.023714627341570347
CNN_Only,Field-Test,ee6fafa1-2ab6-43c1-83fe-082b265e64f5___GCREC_Bact.Sp 2964.JPG,Tomato___Bacterial_spot,Tomato___Bacterial_spot,True,True,0.8400204108795527,True,0.9960143483459546,0.0006149183834360242,0.0021067094114953057,0.3474745511984946,False,0.0
CNN_Only,Field-Test,30c04c65-4c7c-4b4b-b9e9-0d7faea2716e___GCREC_Bact.Sp 3841.JPG,Tomato___Bacterial_spot,Tomato___Bacterial_spot,True,True,0.9607995289655759,True,0.9834595456357115,0.017185970251663824,0.08480275921534813,0.21092657037201584,False,0.07871662016739737
CNN_Only,Field-Test,4128179b-06ee-4ad1-b2a9-792c448f5eb8___UF.GRC_BS_Lab Leaf 0219.JPG,Tomato___Bacterial_spot,Tomato___Bacterial_spot,True,True,0.8061735577285205,True,1.0,0.04742663185796012,0.05779400654746915,1.0179136329512137,False,0.14886408927859704
CNN_Only,Field-Test,97135339-c428-4fec-9805-718d83ef7fcf___GCREC_Bact.Sp 5722.JPG,Tomato___Bacterial_spot,Tomato___Bacterial_spot,True,True,0.9673485167332476,True,1.0,0.2140767523223074,0.16569948186528496,1.3355661002982742,True,0.50438421681945
CNN_Only,Field-Test,Bs47_change_90.jpg,Tomato___Bacterial_spot,Tomato___Early_blight,False,True,0.6842199416560546,True,0.8652849740932642,0.10953475257521907,0.07998410034449253,2.001485922018007,True,0.3933838182542846
CNN_Only,Field-Test,Bs98_mirror.jpg,Tomato___Bacterial_spot,Tomato___Leaf_Mold,False,True,0.8616022167884134,True,1.0,0.11112265525064093,0.17934491467054411,0.7191288891943747,False,0.12016739736946991
CNN_Only,Field-Test,e99d601c-2ff0-4029-84c9-74e17fae209f___GCREC_Bact.Sp 6259.JPG,Tomato___Bacterial_spot,Tomato___Target_Spot,False,True,0.9096386841384777,True,1.0,0.000988909364573119,0.018553741252467254,0.058594394742215165,False,0.0
CNN_Only,Field-Test,49c8f57f-3418-45db-b807-6192c20dfc6a___RS_Erly.B 7784_180deg.JPG,Tomato___Early_blight,Tomato___Late_blight,False,True,0.7684508568541899,True,0.9485850936628138,0.3330686653269508,0.19442882698696654,2.2292409977676377,True,0.7020725388601037
CNN_Only,Field-Test,Early Blight_21.jpg,Tomato___Early_blight,Tomato___Early_blight,True,True,0.5276651074891574,True,0.5858907931446792,0.33947501501214333,0.25152922779745207,2.5577670115558675,True,0.6313272220007972
CNN_Only,Field-Test,30901e71-e656-4e7e-b3ec-0f813c307b88___RS_Erly.B 9396.JPG,Tomato___Early_blight,Tomato___Early_blight,True,True,0.43895294177764144,True,0.34506536989795916,0.15605960923546724,0.14052212082707635,2.530042726493156,True,0.17524314413265307
CNN_Only,Field-Test,54e98d19-a7a0-44d8-a004-1eaee5f3610b___RS_Erly.B 7348_180deg.JPG,Tomato___Early_blight,Tomato___Early_blight,True,True,0.8255854888518804,True,0.7441211638102829,0.09189718075183786,0.09616001711412986,1.1575655819886854,False,0.269031486648067
CNN_Only,Field-Test,Early Blight_171.jpg,Tomato___Early_blight,Tomato___healthy,False,True,0.373966096781905,True,0.7176165803108808,,0.0,,,
CNN_Only,Field-Test,Early Blight_127.jpg,Tomato___Early_blight,Tomato___Early_blight,True,True,0.5447131540625871,True,0.6430848943802312,0.2429771391580363,0.2119009890169936,2.1050604297308233,True,0.5677560781187724
CNN_Only,Field-Test,99ea67c9-4c24-40b3-8a62-88233a53dc4a___RS_Erly.B 7522_180deg.JPG,Tomato___Early_blight,Tomato___Early_blight,True,True,0.4691434425933792,True,0.45496213630928656,0.04931440176535012,0.15731737721266517,0.6681768448009344,True,0.1646074133120765
CNN_Only,Field-Test,EB_(594).JPG,Tomato___Early_blight,Tomato___Early_blight,True,True,0.9303986842337512,True,0.9617377441211639,0.23248825345542642,0.15549254195152268,1.6070240046673099,True,0.6131925069748904
CNN_Only,Field-Test,ebbdadc5-972c-45fb-a6c2-99e8015cf4a9___RS_Late.B 5479.JPG,Tomato___Late_blight,Tomato___Late_blight,True,True,0.3322850014355479,False,0.33399760860900757,0.003913462334159837,0.04572630646589903,0.2575634874058605,False,0.038860103626943004
CNN_Only,Field-Test,a5278b93-6815-488a-b359-27edb3ff7220___RS_Late.B 5381.JPG,Tomato___Late_blight,Tomato___Late_blight,True,True,0.7845433082311234,True,1.0,0.43477743495589116,0.15159273093549336,3.6557096635172224,True,0.7937425269031486
CNN_Only,Field-Test,2e5a8b76-c1d5-432c-bbde-7589e087b120___GHLB2 Leaf 8976_flipLR.JPG,Tomato___Late_blight,Tomato___Late_blight,True,True,0.5771223721442308,True,0.11836336096938775,0.0,0.025761912779929282,0.0,False,0.009845344387755101
CNN_Only,Field-Test,869168d7-a45c-40e6-888b-ad5ba94a657e___RS_Late.B 6193.JPG,Tomato___Late_blight,Tomato___Late_blight,True,True,0.6034083607034535,True,0.60263053009167,0.0,0.01684751570531125,0.0,False,0.0
CNN_Only,Field-Test,960137a5-2b52-4349-8c33-cb8b7afed9eb___GHLB2 Leaf 8765.JPG,Tomato___Late_blight,Tomato___Late_blight,True,True,0.40099981566469156,True,0.48385811080111596,0.028044085156505343,0.09073630860199916,0.7707543725459116,False,0.046831406935033876
CNN_Only,Field-Test,a5f089d1-5a8e-4c1f-bcc2-c1154c28e824___GHLB2 Leaf 8926.JPG,Tomato___Late_blight,Tomato___Late_blight,True,True,0.3230714303357012,True,0.3290155440414508,0.0005786751785010274,0.012596604393598247,0.14219450365793565,False,0.014547628537265843
CNN_Only,Field-Test,3fae9c64-18f0-4a67-9f97-554248bb1bed___GHLB_PS Leaf 24 Day 16_flipLR.jpg,Tomato___Late_blight,Tomato___Late_blight,True,True,0.2594250300376112,False,0.16361100039856516,0.003321436662727776,0.10360633053705785,0.12357419985831804,False,0.04304503786369071
CNN_Only,Field-Test,LB_ (387).png,Tomato___Late_blight,Tomato___healthy,False,True,0.0,False,0.0,,0.0,,,
CNN_Only,Field-Test,Blm53_hight.jpg,Tomato___Leaf_Mold,Tomato___Bacterial_spot,False,True,0.7933223800620112,True,1.0,0.018641913566254543,0.02262727844123193,1.038504691343225,False,0.10382622558788362
CNN_Only,Field-Test,d2c889b0-0223-4e09-9d9f-cdf019b65120___Crnl_L.Mold 8631.JPG,Tomato___Leaf_Mold,Tomato___Leaf_Mold,True,True,0.8087377437509915,True,0.9896373056994818,0.048892825883868354,0.0970622600567518,0.6228551039090366,False,0.17935432443204463
CNN_Only,Field-Test,6e8f1122-d902-408e-a33e-2d5514112e38___Crnl_L.Mold 6944.JPG,Tomato___Leaf_Mold,Tomato___Leaf_Mold,True,True,0.6833041134702732,True,0.7433240334794738,0.019854939037127265,0.02637826431020839,1.1015603800111478,True,0.11119968114786767
CNN_Only,Field-Test,ba913a0e-102c-4fc0-b617-22f85f9f6d31___Crnl_L.Mold 6504_180deg.JPG,Tomato___Leaf_Mold,Tomato___Leaf_Mold,True,True,0.7139831757216146,True,0.8808290155440415,0.0019476298686259448,0.004105879269677645,0.6643734565095788,False,0.0
CNN_Only,Field-Test,da6cc51a-6ba2-4b1d-aa4f-5d699860da6b___Crnl_L.Mold 6767_180deg.JPG,Tomato___Leaf_Mold,Tomato___Leaf_Mold,True,True,0.5923157720257655,True,0.6295336787564767,0.15886598940945895,0.22170767004341535,1.2097535824784944,True,0.49820645675567954
CNN_Only,Field-Test,f3b8f9e3-6c47-4797-9da6-d8b09e19048c___Crnl_L.Mold 9023_flipTB.JPG,Tomato___Leaf_Mold,Tomato___Leaf_Mold,True,True,0.8097937054181296,True,1.0,0.027201039891969758,0.029440832249674902,1.1409353283833341,False,0.12993224392188124
CNN_Only,Field-Test,28d202ba-1fd8-4200-9727-ad3d977d58f9___Crnl_L.Mold 6758.JPG,Tomato___Leaf_Mold,Tomato___Leaf_Mold,True,True,0.4797350701856735,True,0.6249501793543244,0.044473802938677934,0.09341380215166623,0.9924114132463523,False,0.2014746911119968
CNN_Only,Field-Test,cd0904a9-a70f-487c-bcc3-18b26a574837___Crnl_L.Mold 8803.JPG,Tomato___Leaf_Mold,Tomato___Leaf_Mold,True,True,0.5776524095027082,True,0.6233559186927062,0.039300627877062115,0.06362417606971288,1.0693274817164813,True,0.19828616978876046
CNN_Only,Field-Test,f313bc43-c255-4921-acf9-335322107c45___Keller.St_CG 1864.JPG,Tomato___Septoria_leaf_spot,Tomato___Septoria_leaf_spot,True,True,0.7647579444779863,True,0.8274212833798326,0.09623684991503673,0.15519208824648156,0.8108636365087944,False,0.1789557592666401
CNN_Only,Field-Test,img_6564_jpg.rf.904f99409fa1be959893d51c796cf8e6.jpg,Tomato___Septoria_leaf_spot,Tomato___Septoria_leaf_spot,True,True,0.7108606728086401,True,0.8579115185332802,0.05372085279130125,0.06383592373017144,1.1838406892121658,True,0.3126743722598645
CNN_Only,Field-Test,Gls7_change_270.jpg,Tomato___Septoria_leaf_spot,Tomato___Septoria_leaf_spot,True,True,0.9071030862746784,True,1.0,,0.0,,,
CNN_Only,Field-Test,Gls18.jpg,Tomato___Septoria_leaf_spot,Tomato___Septoria_leaf_spot,True,True,0.8770368996444301,True,0.9922279792746114,0.010793394415134215,0.009438884409239671,1.3038256300003301,False,0.12016739736946991
CNN_Only,Field-Test,Tomato-leaf-spot2_jpg.rf.b8bbe3d9e0eba5802681c933904680c8.jpg,Tomato___Septoria_leaf_spot,Tomato___Septoria_leaf_spot,True,True,0.8168149570560549,False,0.8977680350737346,0.23362679280504017,0.26301808522251735,1.0874601560694483,False,0.6398963730569949
CNN_Only,Field-Test,1f55c2e9-67b2-4377-a426-4932a77c3439___Matt.S_CG 7778_180deg.JPG,Tomato___Septoria_leaf_spot,Tomato___Septoria_leaf_spot,True,True,0.8071975044236541,True,0.9776803507373456,0.10997206479488157,0.17619688305863887,0.7732222582875902,False,0.39477879633320045
CNN_Only,Field-Test,SS_ (864).jpg,Tomato___Septoria_leaf_spot,Tomato___Septoria_leaf_spot,True,True,0.7790453794042558,True,0.8963730569948186,0.048096281571771045,0.041283486605357855,1.4954516517010166,True,0.34615384615384615
CNN_Only,Field-Test,0edb366d-1253-4498-a05a-8f666405edc6___Matt.S_CG 7862_180deg.JPG,Tomato___Septoria_leaf_spot,Tomato___Septoria_leaf_spot,True,True,0.8653491712889809,True,0.9936229573535273,0.05067455235047689,0.05983949755757153,0.9786121432904434,False,0.22080510163411718
CNN_Only,Field-Test,4024f51d-f79c-44dc-8ab9-61adf6005644___Com.G_SpM_FL 1248.JPG,Tomato___Spider_mites Two-spotted_spider_mite,Tomato___Spider_mites Two-spotted_spider_mite,True,True,0.7746571581721776,False,0.7867676365085692,0.020660684066962046,0.03143063583815029,0.8485588975366819,False,0.13053009166998805
CNN_Only,Field-Test,2cfa680e-a8f9-43b5-856d-cb8fe9607a73___Com.G_SpM_FL 9334_180deg.JPG,Tomato___Spider_mites Two-spotted_spider_mite,Tomato___Spider_mites Two-spotted_spider_mite,True,True,0.5893785734873209,True,0.6646074133120765,0.11062638267647705,0.1315456197345961,1.4268817299585506,False,0.40554005579912317
CNN_Only,Field-Test,e4f581da-1a38-430b-9a91-fe00308afd4f___Com.G_SpM_FL 9469.JPG,Tomato___Spider_mites Two-spotted_spider_mite,Tomato___Spider_mites Two-spotted_spider_mite,True,True,0.8084380677004599,True,0.8515344758868075,0.018562154348654682,0.03506650544135429,0.6547705473423239,True,0.10880829015544041
CNN_Only,Field-Test,e296dcef-fb0f-4c22-856d-6918232d6682___Com.G_SpM_FL 1246.JPG,Tomato___Spider_mites Two-spotted_spider_mite,Tomato___Spider_mites Two-spotted_spider_mite,True,True,0.5731177907079078,False,0.45277002789956156,0.05401595589748218,0.08412931667891256,1.120290916154073,False,0.04184934236747708
CNN_Only,Field-Test,72ea3559-17ea-4441-8188-bc561e66ff06___Com.G_SpM_FL 1400.JPG,Tomato___Spider_mites Two-spotted_spider_mite,Tomato___Spider_mites Two-spotted_spider_mite,True,True,0.09638327126400056,False,0.11199681147867677,0.011021687098355945,0.05120063504663624,2.2334234285097025,False,0.04344360302909526
CNN_Only,Field-Test,22219bbe-58a4-4818-b080-05ac837ef496___Com.G_SpM_FL 1261.JPG,Tomato___Spider_mites Two-spotted_spider_mite,Tomato___Spider_mites Two-spotted_spider_mite,True,True,0.18434222364766903,False,0.18991630131526505,0.015455174471416314,0.06578410217530764,1.2744656610451486,False,0.09306496612196094
CNN_Only,Field-Test,87457821-e967-41c9-bda0-4e375fdeaa59___Com.G_SpM_FL 1609.JPG,Tomato___Spider_mites Two-spotted_spider_mite,Tomato___Spider_mites Two-spotted_spider_mite,True,True,0.7441688856254332,True,0.9954165005978477,0.017948298073103098,0.03055260361317747,0.789411665668873,False,0.07034675169390195
CNN_Only,Field-Test,d05b2e21-1ba0-473a-889b-2a438dadac39___Com.G_SpM_FL 8750.JPG,Tomato___Spider_mites Two-spotted_spider_mite,Tomato___Spider_mites Two-spotted_spider_mite,True,True,0.45593151325612785,True,0.546812749003984,0.005910711167302145,0.018807339449541285,0.6893071185880378,False,0.05298804780876494
CNN_Only,Field-Test,fc089812-4537-413d-bade-e028fe9edac4___Com.G_TgS_FL 8255.JPG,Tomato___Target_Spot,Tomato___Early_blight,False,True,0.2669302076051304,True,0.2566759665205261,0.19940916251975718,0.13649101598988955,5.473225211545764,True,0.2730171383021124
CNN_Only,Field-Test,6109be79-316c-4075-9a0f-556cde1c0977___Com.G_TgS_FL 0727.JPG,Tomato___Target_Spot,Tomato___Target_Spot,True,True,0.9109940539696193,True,0.9679155041849342,0.12302437213786356,0.1398287119477656,0.9657823356480452,False,0.3975687524910323
CNN_Only,Field-Test,bfd0d33e-8230-4571-8e53-7059a4759653___Com.G_TgS_FL 0787.JPG,Tomato___Target_Spot,Tomato___Target_Spot,True,True,0.9125704662969838,True,0.9940215225189318,0.02882388972524616,0.03336003662165255,0.9468030741614207,False,0.1351135910721403
CNN_Only,Field-Test,23bc8a9f-5b65-4e12-96f5-fe706f31b32e___Com.G_TgS_FL 8171.JPG,Tomato___Target_Spot,Tomato___Target_Spot,True,True,0.8414303100755286,True,0.9085292945396573,0.052602358296850706,0.06071995764955003,1.029569344583868,False,0.1889198884017537
CNN_Only,Field-Test,22a3ebce-e4fe-48a6-b503-229da56ac0d8___Com.G_TgS_FL 7917.JPG,Tomato___Target_Spot,Tomato___Target_Spot,True,True,0.9011528540077584,True,0.9854523714627341,0.0038588347051834253,0.04481287655569726,0.09555532434532517,False,0.0005978477481068154
CNN_Only,Field-Test,4dfda385-7a48-4280-915b-28812f9fc574___Com.G_TgS_FL 0741_flipTB.JPG,Tomato___Target_Spot,Tomato___Target_Spot,True,True,0.9343014266391328,True,1.0,0.02572951710180707,0.03046883381611415,0.9038342432440881,False,0.11777600637704265
CNN_Only,Field-Test,b535d475-5112-432a-9309-57e97813b6ae___Com.G_TgS_FL 1028.JPG,Tomato___Target_Spot,Tomato___Target_Spot,True,True,0.9582770588132201,True,0.9740932642487047,0.06979013856897764,0.06205123659250066,1.1736876332310004,True,0.27401355121562376
CNN_Only,Field-Test,3af60900-f42e-490e-a5ff-94c410e856d9___Com.G_TgS_FL 0804_newPixel25.JPG,Tomato___Target_Spot,Tomato___Septoria_leaf_spot,False,True,0.42261167395735233,True,0.4326424870466321,0.0021042849748525902,0.04121022430881586,0.12082535678762274,False,0.029892387405340774
CNN_Only,Field-Test,Curl_110.jpg,Tomato___Tomato_Yellow_Leaf_Curl_Virus,Tomato___Late_blight,False,True,0.11058311937216958,False,0.027899561578318056,0.00847502467189254,0.23134461264470169,0.3312781133476982,False,0.00019928258270227183
CNN_Only,Field-Test,f2d61698-7005-4449-a2ac-e0750f8d9615___YLCV_GCREC 2784.JPG,Tomato___Tomato_Yellow_Leaf_Curl_Virus,Tomato___Tomato_Yellow_Leaf_Curl_Virus,True,True,0.7680052105057819,True,0.8712634515743324,0.021467175600351614,0.030449452243095764,0.9179758538852704,False,0.07552809884416102
CNN_Only,Field-Test,a5416516-80f0-4004-88f6-186b79696707___UF.GRC_YLCV_Lab 01840.JPG,Tomato___Tomato_Yellow_Leaf_Curl_Virus,Tomato___Tomato_Yellow_Leaf_Curl_Virus,True,True,0.6801677686606542,True,0.9188919888401754,0.0032931485551779627,0.0047099421749673565,1.0279682450613523,False,0.0005978477481068154
CNN_Only,Field-Test,cad14233-257e-4942-876b-25e4911fc1cf___YLCV_NREC 2036.JPG,Tomato___Tomato_Yellow_Leaf_Curl_Virus,Tomato___Tomato_Yellow_Leaf_Curl_Virus,True,True,0.7134293988667179,True,0.7706257473096851,0.11291476416120556,0.29002095760116076,0.5457205999366034,False,0.31506576325229174
CNN_Only,Field-Test,e28c69d4-9035-4c1f-a1e5-08b969ddbb32___UF.GRC_YLCV_Lab 01740.JPG,Tomato___Tomato_Yellow_Leaf_Curl_Virus,Tomato___Tomato_Yellow_Leaf_Curl_Virus,True,True,0.6911249366592764,True,0.6881227580709446,0.004538133193358422,0.004975978037062457,1.319599736802966,False,0.0019928258270227183
CNN_Only,Field-Test,a59f7637-08fc-4ffc-9c42-e618eabd1bcc___UF.GRC_YLCV_Lab 01621.JPG,Tomato___Tomato_Yellow_Leaf_Curl_Virus,Tomato___Tomato_Yellow_Leaf_Curl_Virus,True,True,0.6075944517794734,True,0.7233957752092467,2.4480349482714526e-05,0.0063126624582250275,0.006382506210871483,False,0.0
CNN_Only,Field-Test,78231f4b-f77d-4ef8-84d0-b1a2f2fbfdcf___UF.GRC_YLCV_Lab 09447.JPG,Tomato___Tomato_Yellow_Leaf_Curl_Virus,Tomato___Tomato_Yellow_Leaf_Curl_Virus,True,True,0.6854031292470151,True,0.7877640494220806,0.005596586014078486,0.01248994907531493,0.6537571207991215,False,0.006974890394579514
CNN_Only,Field-Test,ed864a58-8a10-451c-9a65-c12a71b6c10a___UF.GRC_YLCV_Lab 01425.JPG,Tomato___Tomato_Yellow_Leaf_Curl_Virus,Tomato___Tomato_Yellow_Leaf_Curl_Virus,True,True,0.683078478121367,True,0.7869669190912715,0.0010619764906985177,0.005408107616796946,0.2874742671225512,False,0.0
CNN_Only,Field-Test,3cb6ee9b-8550-4216-bde5-814807add4e5___PSU_CG 2395.JPG,Tomato___Tomato_mosaic_virus,Tomato___Tomato_mosaic_virus,True,True,0.742384495335849,True,0.7869669190912715,0.1030599459971057,0.14337746025075296,0.9682335659177964,False,0.37923475488242325
CNN_Only,Field-Test,aab31aa2-ac8f-46a1-9b9b-7b728a776e8d___PSU_CG 2250.JPG,Tomato___Tomato_mosaic_virus,Tomato___Tomato_mosaic_virus,True,True,0.7687466179595154,True,0.7636508569151056,0.0673763702496073,0.03771805752003772,2.3236733333333333,True,0.22319649262654445
CNN_Only,Field-Test,8babd25a-f124-4d1f-a57a-5db347b34f0d___PSU_CG 2355.JPG,Tomato___Tomato_mosaic_virus,Tomato___Tomato_mosaic_virus,True,True,0.5813467749069398,True,0.6241530490235153,0.026020137188450507,0.036596251115739366,1.2230317050163315,False,0.14208848146671982
CNN_Only,Field-Test,feabce4c-9bb1-4fca-bcbf-368cacd40a68___PSU_CG 2115.JPG,Tomato___Tomato_mosaic_virus,Tomato___Tomato_mosaic_virus,True,True,0.588863253322783,False,0.6502590673575129,0.0010300949925059614,0.026832298136645963,0.06519359815274164,False,0.0
CNN_Only,Field-Test,f833998e-f306-4f40-b702-3d4ab8f4ad27___PSU_CG 2331.JPG,Tomato___Tomato_mosaic_virus,Tomato___Tomato_mosaic_virus,True,True,0.7409558030448395,True,0.8168593064966122,0.0062388250669118996,0.006084859116324964,1.3837574667032808,False,0.011757672379434038
CNN_Only,Field-Test,5c049070-cf7f-4508-8e61-c5efb64bca3c___PSU_CG 2326.JPG,Tomato___Tomato_mosaic_virus,Tomato___Tomato_mosaic_virus,True,True,0.7644621135678281,True,0.7742128337983261,0.0022306005448815467,0.013729372937293729,0.21252750070416418,False,0.047429254683140694
CNN_Only,Field-Test,c5132603-ce86-45c0-b9f9-d35c07f4057f___PSU_CG 2256.JPG,Tomato___Tomato_mosaic_virus,Tomato___Tomato_mosaic_virus,True,True,0.6741410061546708,True,0.6791550418493424,0.011145966061135142,0.017861367400047314,0.9256616420554067,False,0.059386209645277
CNN_Only,Field-Test,76d665fa-6aec-4c47-adac-069107b3cf46___PSU_CG 2268.JPG,Tomato___Tomato_mosaic_virus,Tomato___Tomato_mosaic_virus,True,True,0.7765550826845562,True,0.7943403746512555,0.011159159812909492,0.01362954886193267,1.0543328782843755,False,0.06516540454364289
CNN_Only,Field-Test,Healthy_314.jpg,Tomato___healthy,Tomato___healthy,True,True,0.1349650492683848,False,0.17124651533253685,,0.0,,,
CNN_Only,Field-Test,Healthy_307.jpg,Tomato___healthy,Tomato___healthy,True,True,0.1595379143767617,False,0.15882821841371064,,0.0,,,
CNN_Only,Field-Test,Healthy_143.jpg,Tomato___healthy,Tomato___healthy,True,True,0.4016128789599258,True,0.4709047429254683,,0.0,,,
CNN_Only,Field-Test,Healthy_106.jpg,Tomato___healthy,Tomato___Tomato_Yellow_Leaf_Curl_Virus,False,True,0.8926277658268151,True,0.9886408927859706,,0.0,,,
CNN_Only,Field-Test,Healthy_9.jpg,Tomato___healthy,Tomato___healthy,True,True,0.2804114060538472,True,0.452371462734157,,0.0,,,
CNN_Only,Field-Test,Healthy_363.jpg,Tomato___healthy,Tomato___healthy,True,True,0.0050550798242648565,False,0.0,,0.0,,,
CNN_Only,Field-Test,Healthy_184.jpg,Tomato___healthy,Tomato___healthy,True,True,0.4679621938647496,True,0.9035472299721005,,0.0,,,
CNN_Only,Field-Test,Healthy_72.jpg,Tomato___healthy,Tomato___healthy,True,True,0.3925488703083286,True,0.7337584695097649,,0.0,,,
VGG16,PV-Test,a8c12fae-22eb-46c8-a7dc-374225d050ba___GCREC_Bact.Sp 3122.JPG,Tomato___Bacterial_spot,Tomato___Bacterial_spot,True,True,0.8424121991250829,True,0.9284575528098844,0.0049279872734533,0.013243335611756665,0.441720489959207,False,0.03268234356317258
VGG16,PV-Test,d9a91bb5-35d8-459c-8c04-8a155bc6a158___GCREC_Bact.Sp 5592.JPG,Tomato___Bacterial_spot,Tomato___Bacterial_spot,True,True,0.9158417796058459,True,1.0,0.07540740675148838,0.056326226608323246,1.4617829634109911,True,0.24033479473893982
VGG16,PV-Test,aaa27c3b-ff24-4d91-9c0c-fe68862ab77e___GCREC_Bact.Sp 3616.JPG,Tomato___Bacterial_spot,Tomato___Bacterial_spot,True,True,0.7787660135515946,True,1.0,0.03521884560827586,0.055922124470511564,0.8086944542035991,False,0.0
VGG16,PV-Test,4ceb9395-b11a-4290-bfc4-db6afe8ad21e___UF.GRC_BS_Lab Leaf 0806.JPG,Tomato___Bacterial_spot,Tomato___Bacterial_spot,True,True,0.6916838817961776,True,0.9593463531287365,0.09345415639990762,0.11991916593946632,1.1266846221219189,True,0.3876046233559187
VGG16,PV-Test,1838f883-5e4b-4b24-bf4b-77d4a82f5f46___GCREC_Bact.Sp 6335.JPG,Tomato___Bacterial_spot,Tomato___Bacterial_spot,True,True,0.8839549249860595,True,0.9408130729374252,0.05354098140731951,0.036670876703976306,1.6517142467721433,False,0.15025906735751296
VGG16,PV-Test,bab7f756-d2e7-483e-8155-2bead1b5f4ce___GCREC_Bact.Sp 6313.JPG,Tomato___Bacterial_spot,Tomato___Bacterial_spot,True,True,0.7410908870649489,True,0.7748106815464328,0.013885083235169769,0.08289775332416323,0.22601343404757093,False,0.0360701474691112
VGG16,PV-Test,1b3ccbf3-c1e1-476e-b34a-6af0a6fbb349___GCREC_Bact.Sp 3735.JPG,Tomato___Bacterial_spot,Tomato___Bacterial_spot,True,True,0.9409918818070666,True,1.0,0.07314076146968351,0.075647961751384,1.0274870806095726,False,0.14049422080510163
VGG16,PV-Test,fca8f33c-6416-4ef3-91e8-8ea21346f242___GCREC_Bact.Sp 3018.JPG,Tomato___Bacterial_spot,Tomato___Bacterial_spot,True,True,0.7682263349478354,True,0.6907134316460741,0.0018635937676875103,0.03617865149163649,0.06705168305639841,False,0.04404145077720207
VGG16,PV-Test,c0caae76-1327-4d16-95dd-138603f7573b___RS_Erly.B 8362.JPG,Tomato___Early_blight,Tomato___Early_blight,True,True,0.02410251832519382,False,0.48672672193877553,0.009085162934017793,0.25640815658013266,1.470071514216995,False,0.26925223214285715
VGG16,PV-Test,22b653c4-9e15-4081-8ece-9b5950a94120___RS_Erly.B 7814.JPG,Tomato___Early_blight,Tomato___Early_blight,True,True,0.2505314908347213,False,0.37862723214285715,0.01945866445755322,0.11864406779661017,0.6546432256425999,False,0.13546316964285715
VGG16,PV-Test,257ffdcb-bd8b-4d18-98cc-e63a118155ea___RS_Erly.B 9520.JPG,Tomato___Early_blight,Tomato___Early_blight,True,True,0.0,False,0.46681680484693877,0.0,0.08769158519404005,0.0,False,0.11196588010204081
VGG16,PV-Test,1cebc4a1-5fb6-4168-8e18-e2973ef6d18f___RS_Erly.B 9552.JPG,Tomato___Early_blight,Tomato___Early_blight,True,True,0.42023680730823987,False,0.4489836588282184,0.07662344982853521,0.1068386965169055,1.7066286508816606,False,0.24232762056596255
VGG16,PV-Test,9e8f1cbd-f128-47f3-b90d-9c8dc1efcb78___RS_Erly.B 7425.JPG,Tomato___Early_blight,Tomato___Early_blight,True,True,0.0,False,0.40848214285714285,0.0,0.04844847775175644,0.0,False,0.08727279974489796
VGG16,PV-Test,620df2cc-834d-48b9-b9a8-11da26395739___RS_Erly.B 9557.JPG,Tomato___Early_blight,Tomato___Early_blight,True,True,0.9880012193977824,True,0.9460266879107747,0.06307704198109512,0.19187165040538684,0.33273847892248076,False,0.2461661023700458
VGG16,PV-Test,c83d0821-505b-4270-acd7-1a5c79f671b4___RS_Erly.B 7629.JPG,Tomato___Early_blight,Tomato___Early_blight,True,True,0.0,False,0.3662707270408163,0.0,0.015398846446838612,0.0,False,0.034259406887755105
VGG16,PV-Test,25b96058-36c9-4213-bb16-088e76cb30b1___RS_Erly.B 9417.JPG,Tomato___Early_blight,Tomato___Early_blight,True,True,0.0,False,0.44810267857142855,0.0,0.19871908913004804,0.0,False,0.20868542729591838
VGG16,PV-Test,f8024ad7-ded1-42aa-ab6d-139f7069d10e___RS_Late.B 7157.JPG,Tomato___Late_blight,Tomato___Late_blight,True,True,0.6268571836217617,True,0.7237943403746513,0.02940298189566968,0.09907565287624517,0.47343005663088594,False,0.12993224392188124
VGG16,PV-Test,5be6f633-9ae7-40b9-b1aa-f92a1ab919fb___RS_Late.B 5011.JPG,Tomato___Late_blight,Tomato___Late_blight,True,True,0.7509437699097972,True,0.7132323634914308,0.2265640633109481,0.22739951529562394,1.326765199686826,True,0.525707453168593
VGG16,PV-Test,4ceb4156-66d9-4405-9472-82a35f0fa245___GHLB2 Leaf 8662.JPG,Tomato___Late_blight,Tomato___Late_blight,True,True,0.5853343483834377,True,0.3358179209183674,,0.0,,,
VGG16,PV-Test,efe3a784-f4d6-4635-bef8-c81fffeee36b___GHLB2 Leaf 8651.JPG,Tomato___Late_blight,Tomato___Late_blight,True,True,0.0,False,0.2483856823979592,0.0,0.020621038273288934,0.0,False,0.02560985331632653
VGG16,PV-Test,d56280c8-1442-476c-bdc8-8bb99edad8dd___GHLB2 Leaf 8847.JPG,Tomato___Late_blight,Tomato___Late_blight,True,True,0.0004882812850975956,False,0.45408163265306123,0.0,0.0742626404494382,0.0,False,0.07407924107142858
VGG16,PV-Test,a4008f85-d333-4ca8-87c2-e8c9c68ed19a___RS_Late.B 6461.JPG,Tomato___Late_blight,Tomato___Late_blight,True,True,0.6421241989814251,True,0.7160223196492627,0.04766330754997241,0.3281767955801105,0.2261815986974887,False,0.10781187724192906
VGG16,PV-Test,0ac3df5b-d713-42ef-b0ad-20b5410237ad___RS_Late.B 4969.JPG,Tomato___Late_blight,Tomato___Late_blight,True,True,0.5862080734652865,True,0.7423276205659626,0.07037154261906663,0.13517694836588667,0.8880606726380855,False,0.23714627341570346
VGG16,PV-Test,8a2f5ea2-51e1-493d-93ff-61faa8221754___RS_Late.B 7069.JPG,Tomato___Late_blight,Tomato___Late_blight,True,True,0.34292248473491677,False,0.3529294539657234,,0.0,,,
VGG16,PV-Test,d76eb906-9957-4572-bf7f-60936f30f8f3___Crnl_L.Mold 8640.JPG,Tomato___Leaf_Mold,Tomato___Leaf_Mold,True,True,0.489408282002464,False,0.5155440414507773,0.05773441405572452,0.10219619326500733,1.1543266681307158,False,0.30370665603826225
VGG16,PV-Test,b1b88c75-6e10-4dfe-b959-84f3db648a39___Crnl_L.Mold 6632.JPG,Tomato___Leaf_Mold,Tomato___Leaf_Mold,True,True,0.6927192092422982,True,0.99561578318055,0.022839285062740005,0.044639947865754315,0.738586891486659,False,0.1195695496213631
VGG16,PV-Test,ba913a0e-102c-4fc0-b617-22f85f9f6d31___Crnl_L.Mold 6504.JPG,Tomato___Leaf_Mold,Tomato___Leaf_Mold,True,True,0.6642140188337761,True,0.2382214604591837,,0.0,,,
VGG16,PV-Test,bf7b77e1-6438-45ee-b226-cb69b745a4bc___Crnl_L.Mold 8756.JPG,Tomato___Leaf_Mold,Tomato___Leaf_Mold,True,True,0.0,False,0.4623325892857143,0.0,0.034528838692990775,0.0,False,0.054966517857142856
VGG16,PV-Test,6e230511-861d-4ae8-8212-374417841b4c___Crnl_L.Mold 8894.JPG,Tomato___Leaf_Mold,Tomato___Leaf_Mold,True,True,0.8479157137831868,True,0.9467915504184934,0.00992653592001031,0.04338474451788899,0.26984103273913346,False,0.05121562375448386
VGG16,PV-Test,7e0d709c-7399-4cad-84d4-892854831ee7___Crnl_L.Mold 6694.JPG,Tomato___Leaf_Mold,Tomato___Leaf_Mold,True,True,0.7770808319655701,True,0.786810121538155,0.07011279300652361,0.0928318907716689,0.9719275112400783,True,0.2474596533173939
VGG16,PV-Test,9c42ac1e-d48f-4644-bf35-a9b0478330e2___Crnl_L.Mold 6709.JPG,Tomato___Leaf_Mold,Tomato___Leaf_Mold,True,True,0.7308626723823557,True,0.9966121960940614,0.030395064035684132,0.0391058012070452,1.063472080758454,False,0.30689517736149863
VGG16,PV-Test,81de0497-5011-4330-b2f1-b12c7b83576f___Crnl_L.Mold 7120.JPG,Tomato___Leaf_Mold,Tomato___Leaf_Mold,True,True,0.7022683965461224,True,0.9264647269828618,0.011879420494198076,0.023294957247694068,0.7261564725502233,False,0.05998405739338382
VGG16,PV-Test,60e32ab3-a35e-4de9-b23b-ab88a6cbe021___JR_Sept.L.S 8542.JPG,Tomato___Septoria_leaf_spot,Tomato___Septoria_leaf_spot,True,True,0.558415927667557,True,0.3427734375,0.14800785547970247,0.09070294784580499,2.9221706004689305,False,0.11232461734693877
VGG16,PV-Test,ffe98ff9-be33-4e8f-82f0-7b7c21b02958___JR_Sept.L.S 8455.JPG,Tomato___Septoria_leaf_spot,Tomato___Septoria_leaf_spot,True,True,0.0,False,0.23156489158163265,0.0,0.19339013684482315,0.0,False,0.13486527423469388
VGG16,PV-Test,2d640131-6b73-4b67-bb77-00266ff41bb8___JR_Sept.L.S 8531.JPG,Tomato___Septoria_leaf_spot,Tomato___Septoria_leaf_spot,True,True,0.0,False,0.2764867665816326,0.0,0.12059395948965616,0.0,False,0.11762595663265306
VGG16,PV-Test,47540ec0-31bf-4ad5-84e9-601d0d0829e4___Matt.S_CG 6002.JPG,Tomato___Septoria_leaf_spot,Tomato___Septoria_leaf_spot,True,True,0.7225412890539252,True,0.6401673640167364,0.0006273382209087317,0.05523446019629226,0.015719146603362353,False,0.0005977286312014345
VGG16,PV-Test,aae2d0b1-30cb-4ba8-a017-f9051d38192b___JR_Sept.L.S 8464.JPG,Tomato___Septoria_leaf_spot,Tomato___Septoria_leaf_spot,True,True,0.35507236391931296,True,0.3129783163265306,0.1716704755609892,0.09086856851757515,5.320654420892232,True,0.10130341198979592
VGG16,PV-Test,d2871bcd-6d69-4d4f-be2a-b11648666d55___Keller.St_CG 2015.JPG,Tomato___Septoria_leaf_spot,Tomato___Septoria_leaf_spot,True,True,0.0,False,0.29360650510204084,0.0,0.0479907683953299,0.0,False,0.05903220663265306
VGG16,PV-Test,c7c2e116-d4da-4b0f-a2dc-24d3ecedf587___Keller.St_CG 1846.JPG,Tomato___Septoria_leaf_spot,Tomato___Septoria_leaf_spot,True,True,0.0,False,0.26209741709183676,0.0,0.3106227663295567,0.0,False,0.16868622448979592
VGG16,PV-Test,a90aa234-3af2-4fe7-b8eb-415427e16700___Matt.S_CG 2484.JPG,Tomato___Septoria_leaf_spot,Tomato___Septoria_leaf_spot,True,True,0.09102249145152255,False,0.4530652104591837,0.0,0.6712708397483834,0.0,False,0.4171516262755102
VGG16,PV-Test,fbac63f2-cfbc-4c5c-a623-e40b1314fc83___Com.G_SpM_FL 8784.JPG,Tomato___Spider_mites Two-spotted_spider_mite,Tomato___Spider_mites Two-spotted_spider_mite,True,True,0.5158921750376068,False,0.48624950179354326,0.04652127690790653,0.08318144997974888,1.0840921496432976,True,0.1859306496612196
VGG16,PV-Test,e1c88203-3d8b-410f-9d4b-d35c7a735ddf___Com.G_SpM_FL 1267.JPG,Tomato___Spider_mites Two-spotted_spider_mite,Tomato___Spider_mites Two-spotted_spider_mite,True,True,0.709953942365411,True,0.9107214029493822,0.013932355923823853,0.01781394325929184,1.1016263639070314,False,0.1145874850538063
VGG16,PV-Test,e872312d-c093-4320-992a-410031e3fa58___Com.G_SpM_FL 1571.JPG,Tomato___Spider_mites Two-spotted_spider_mite,Tomato___Spider_mites Two-spotted_spider_mite,True,True,0.0,False,0.4409877232142857,0.0,0.013286934514394179,0.0,False,0.01468829719387755
VGG16,PV-Test,2339bb0d-0389-46c0-9c13-dd5689506143___Com.G_SpM_FL 8516.JPG,Tomato___Spider_mites Two-spotted_spider_mite,Tomato___Spider_mites Two-spotted_spider_mite,True,True,0.30517895106619536,True,0.3801219706632653,0.0,0.15912546531746447,0.0,False,0.18126195790816327
VGG16,PV-Test,187be065-ec6f-4e93-a647-e7385dca9272___Com.G_SpM_FL 9305.JPG,Tomato___Spider_mites Two-spotted_spider_mite,Tomato___Spider_mites Two-spotted_spider_mite,True,True,0.8078466045785913,True,0.6823435631725787,0.022121381916035392,0.02332199195793381,1.1741341194670518,False,0.20884814667198087
VGG16,PV-Test,71c23873-073d-4ab2-a608-edaff9d2cda1___Com.G_SpM_FL 9499.JPG,Tomato___Spider_mites Two-spotted_spider_mite,Tomato___Spider_mites Two-spotted_spider_mite,True,True,0.6855752720942353,True,0.8531287365484257,0.04436675356280469,0.026980090553867145,2.3986070381950237,False,0.21104025508170585
VGG16,PV-Test,1f100e65-f5ab-4991-8665-f9fb28f5c0e2___Com.G_SpM_FL 1179.JPG,Tomato___Spider_mites Two-spotted_spider_mite,Tomato___Spider_mites Two-spotted_spider_mite,True,True,0.5121584206526858,True,0.5328816261458749,0.02931673355630367,0.03864662767453913,1.4811521020855922,False,0.11000398565165405
VGG16,PV-Test,85247ca8-8c30-4c83-9315-0755cd4be8c2___Com.G_SpM_FL 9503.JPG,Tomato___Spider_mites Two-spotted_spider_mite,Tomato___Spider_mites Two-spotted_spider_mite,True,True,0.7018616361281453,True,0.5258861011549184,,0.0,,,
VGG16,PV-Test,939c6274-f21d-4d60-88db-c882d85d0b19___Com.G_TgS_FL 1025.JPG,Tomato___Target_Spot,Tomato___Target_Spot,True,True,0.7430085672731521,True,0.8214428058987644,0.13632629765781137,0.24094693028095734,0.7614903800388884,False,0.27799920286966917
VGG16,PV-Test,b2bf7586-9182-403a-b639-2eb26a2440b4___Com.G_TgS_FL 9688.JPG,Tomato___Target_Spot,Tomato___Target_Spot,True,True,0.7220785095304855,True,0.7704264647269828,0.05159314943019998,0.06446670595167943,1.108337787242608,False,0.12634515743324035
VGG16,PV-Test,4ab417ba-7f9c-44ee-a7d1-1cd78fe68b58___Com.G_TgS_FL 0046.JPG,Tomato___Target_Spot,Tomato___Target_Spot,True,True,0.8931260401807148,True,0.9992028696691909,0.0041019541141103216,0.005909310178485287,0.7772151531783051,False,0.06297329613391789
VGG16,PV-Test,8f2a090d-92c1-4bf4-8806-a15a6de7d304___Com.G_TgS_FL 8219.JPG,Tomato___Target_Spot,Tomato___Target_Spot,True,True,0.9482627324775211,True,0.9962136309286569,0.1761170683469137,0.12358742551880009,1.5027906328638128,True,0.7301713830211239
VGG16,PV-Test,9c35d282-72c1-458b-b430-2cefb43bebad___Com.G_TgS_FL 9883.JPG,Tomato___Target_Spot,Tomato___Target_Spot,True,True,0.39895285119591317,False,0.30642139668367346,0.008225860446209047,0.061073170731707316,0.33760533140398324,False,0.04803093112244898
VGG16,PV-Test,3f56fdf7-aa72-42e5-9add-2ecdf310a32f___Com.G_TgS_FL 7959.JPG,Tomato___Target_Spot,Tomato___Target_Spot,True,True,0.0,False,0.4676538584183674,0.0,0.10121457489878542,0.0,False,0.1603156887755102
VGG16,PV-Test,99c0eb04-8170-42e3-9dcf-392415815f44___Com.G_TgS_FL 8309.JPG,Tomato___Target_Spot,Tomato___Target_Spot,True,True,0.8418597375525664,True,1.0,0.1378951824737576,0.16013955516790232,1.0228471430157313,False,0.5984455958549223
VGG16,PV-Test,160f7688-821b-4d25-a867-62d0cf492777___Com.G_TgS_FL 0808.JPG,Tomato___Target_Spot,Tomato___Target_Spot,True,True,0.0,False,0.42460538903061223,0.0,0.025627786904482516,0.0,False,0.04440369897959184
VGG16,PV-Test,be5ad5cb-4b22-46bb-bcc9-dcb86b64673f___YLCV_GCREC 5290.JPG,Tomato___Tomato_Yellow_Leaf_Curl_Virus,Tomato___Tomato_Yellow_Leaf_Curl_Virus,True,True,0.1971795667443025,False,0.22016337915919507,0.03346439558118716,0.20412014467683598,0.8314482238034482,False,0.15600717274357442
VGG16,PV-Test,d8da67f2-2a7e-4b78-9069-169cd2867d82___UF.GRC_YLCV_Lab 01424.JPG,Tomato___Tomato_Yellow_Leaf_Curl_Virus,Tomato___Tomato_Yellow_Leaf_Curl_Virus,True,True,0.7205287367562778,True,0.9264647269828618,0.0030782684642614213,0.0018722901064249114,2.2818234780983144,False,0.0438421681944998
VGG16,PV-Test,a5e84295-fbcc-4353-af35-59aca809604f___UF.GRC_YLCV_Lab 01898.JPG,Tomato___Tomato_Yellow_Leaf_Curl_Virus,Tomato___Tomato_Yellow_Leaf_Curl_Virus,True,True,0.7754149801554537,True,0.8808290155440415,0.012278304261840024,0.012899855328725285,1.2274939622659127,False,0.030888800318852133
VGG16,PV-Test,88c24e1f-e1a5-4803-8eee-99f06ae0a059___UF.GRC_YLCV_Lab 01716.JPG,Tomato___Tomato_Yellow_Leaf_Curl_Virus,Tomato___Tomato_Yellow_Leaf_Curl_Virus,True,True,0.3128613860518491,False,0.39497807891590275,0.0,0.008548047318100794,0.0,False,0.0
VGG16,PV-Test,4258a0bb-8c13-4ef0-b9bf-b3cfb6ffab4b___UF.GRC_YLCV_Lab 03253.JPG,Tomato___Tomato_Yellow_Leaf_Curl_Virus,Tomato___Tomato_Yellow_Leaf_Curl_Virus,True,True,0.44264852191009374,False,0.41251494619370266,0.07865349864422236,0.08515362767880197,2.086680092966957,False,0.06954962136309287
VGG16,PV-Test,3ec5af5c-981d-4f81-82d4-bb91c0cb07ac___YLCV_GCREC 5121.JPG,Tomato___Tomato_Yellow_Leaf_Curl_Virus,Tomato___Tomato_Yellow_Leaf_Curl_Virus,True,True,0.7010889916389648,True,0.6373056994818653,0.06862030867142384,0.026261063016878656,3.727067150442523,False,0.26365085691510565
VGG16,PV-Test,2f3ee17d-5e55-4681-bdc2-4f66e2c582cd___YLCV_NREC 2934.JPG,Tomato___Tomato_Yellow_Leaf_Curl_Virus,Tomato___Tomato_Yellow_Leaf_Curl_Virus,True,True,0.4300737345603147,False,0.4029493822239936,0.16489698962611687,0.38142349438094325,1.005222883228173,False,0.31426863292148266
VGG16,PV-Test,3ba3682a-ae6e-4b3b-9209-e3164f00b6fe___UF.GRC_YLCV_Lab 08544.JPG,Tomato___Tomato_Yellow_Leaf_Curl_Virus,Tomato___Tomato_Yellow_Leaf_Curl_Virus,True,True,0.9935871353824923,True,1.0,0.00048679049018085453,0.015878843506195502,0.030854410769059516,False,0.0
VGG16,PV-Test,2324b02b-1f9d-46a2-82f2-23856019d516___PSU_CG 2382.JPG,Tomato___Tomato_mosaic_virus,Tomato___Tomato_mosaic_virus,True,True,0.8700010473376364,True,1.0,0.030120984081978847,0.024956100675783535,1.387307238206598,False,0.13411717815862895
VGG16,PV-Test,696758e5-0f10-4599-b596-e9e7566c4791___PSU_CG 2062.JPG,Tomato___Tomato_mosaic_virus,Tomato___Tomato_mosaic_virus,True,True,0.5014807119598831,True,0.4031486648066959,0.0,0.07527236711786069,0.0,False,0.0
VGG16,PV-Test,b2cb36e6-ff72-4518-b344-a6500af4fa40___PSU_CG 2332.JPG,Tomato___Tomato_mosaic_virus,Tomato___Tomato_mosaic_virus,True,True,0.6993545973604628,True,0.7596652052610602,0.032058945998987926,0.030963613686893335,1.4804718887483452,False,0.1542447190115584
VGG16,PV-Test,1170f108-86a3-4bc6-8a06-c82e55178f91___PSU_CG 2327.JPG,Tomato___Tomato_mosaic_virus,Tomato___Tomato_mosaic_virus,True,True,0.7597987727496793,True,0.8260263053009167,0.1047588290431916,0.11036445090204625,1.249288783548951,False,0.42108409724990037
VGG16,PV-Test,a4453e9a-4ede-4377-be38-fd77e9bf16f0___PSU_CG 2308.JPG,Tomato___Tomato_mosaic_virus,Tomato___Tomato_mosaic_virus,True,True,0.5048604696405493,True,0.5269031486648067,0.04076155682267943,0.031824832775919736,2.5369579306893284,True,0.16121960940613791
VGG16,PV-Test,79f7f0e7-f4c8-4cf4-9c5d-2c4c4675fc04___PSU_CG 2147.JPG,Tomato___Tomato_mosaic_virus,Tomato___Tomato_mosaic_virus,True,True,0.7250598170684465,True,0.7166201673973694,0.0034900736078323693,0.006809612246046486,0.7068680732024778,False,0.00219210840972499
VGG16,PV-Test,a142b58c-1713-4e17-a68c-96eaf4b5ae23___PSU_CG 2219.JPG,Tomato___Tomato_mosaic_virus,Tomato___Tomato_mosaic_virus,True,True,0.6592570560289392,True,0.28746811224489793,0.0,0.005684969495285635,0.0,False,0.01136001275510204
VGG16,PV-Test,6ebb483a-d1b6-4d7d-aad1-e717c2a36167___PSU_CG 2286.JPG,Tomato___Tomato_mosaic_virus,Tomato___Tomato_mosaic_virus,True,True,0.8121066179774508,True,0.7943403746512555,0.01895874719616468,0.02582520950914999,0.9039673245818745,False,0.07473096851335194
VGG16,PV-Test,c1aad9bf-ed08-4cb9-9ef0-8c0d4a3de010___GH_HL Leaf 319.JPG,Tomato___healthy,Tomato___healthy,True,True,0.4834550623149865,False,0.42368861607142855,,0.0,,,
VGG16,PV-Test,316e62fa-d8a8-4451-80a8-a546c8c43511___RS_HL 9633.JPG,Tomato___healthy,Tomato___healthy,True,True,0.7946487960300727,True,0.9143084894380231,,0.0,,,
VGG16,PV-Test,9d447b38-bd33-46f0-880b-324481fbae19___RS_HL 0366.JPG,Tomato___healthy,Tomato___healthy,True,True,0.4827518017818953,True,0.8361897170187326,,0.0,,,
VGG16,PV-Test,7d1cbe82-bda7-498a-ac8f-f01a0e279940___RS_HL 9639.JPG,Tomato___healthy,Tomato___healthy,True,True,0.9017766463314014,True,0.9954165005978477,,0.0,,,
VGG16,PV-Test,48af8eac-8662-400b-a0bb-024a28ed3cc9___RS_HL 0266.JPG,Tomato___healthy,Tomato___healthy,True,True,0.9710634926677039,True,0.9884416102032683,,0.0,,,
VGG16,PV-Test,225003c5-d8a1-48ce-b315-42df4b99c51a___RS_HL 0464.JPG,Tomato___healthy,Tomato___healthy,True,True,0.9403429983710199,True,1.0,,0.0,,,
VGG16,PV-Test,a8036d3b-eda1-4309-b2ac-5a409963f4d7___RS_HL 9840.JPG,Tomato___healthy,Tomato___healthy,True,True,0.39012231322377017,False,0.3997608609007573,,0.0,,,
VGG16,PV-Test,9d06e189-6e39-4fb9-853b-e2ce180469a5___RS_HL 0407.JPG,Tomato___healthy,Tomato___healthy,True,True,0.8773211304958939,True,0.9711040255081705,,0.0,,,
VGG16,Field-Test,Bs68_lower.jpg,Tomato___Bacterial_spot,Tomato___Bacterial_spot,True,True,0.7562664820070699,True,0.9647269828616979,0.00669966246049075,0.006896968963639664,1.2844576758501987,False,0.027500996412913512
VGG16,Field-Test,ee6fafa1-2ab6-43c1-83fe-082b265e64f5___GCREC_Bact.Sp 2964.JPG,Tomato___Bacterial_spot,Tomato___Bacterial_spot,True,True,0.02561594983177682,False,0.43516820790816324,0.0,0.0021067094114953057,0.0,False,0.006816007653061225
VGG16,Field-Test,30c04c65-4c7c-4b4b-b9e9-0d7faea2716e___GCREC_Bact.Sp 3841.JPG,Tomato___Bacterial_spot,Tomato___Bacterial_spot,True,True,0.8766343548764712,True,0.8989637305699482,0.08615826531053628,0.08480275921534813,1.15896007947171,False,0.20745316859306498
VGG16,Field-Test,4128179b-06ee-4ad1-b2a9-792c448f5eb8___UF.GRC_BS_Lab Leaf 0219.JPG,Tomato___Bacterial_spot,Tomato___Bacterial_spot,True,True,0.7079721645332585,True,0.9758868074930251,0.0179673228033135,0.05779400654746915,0.4391211800602951,False,0.04065364687126345
VGG16,Field-Test,97135339-c428-4fec-9805-718d83ef7fcf___GCREC_Bact.Sp 5722.JPG,Tomato___Bacterial_spot,Tomato___Bacterial_spot,True,True,0.7578814086676028,True,1.0,0.14827331748017747,0.16569948186528496,1.1807028200801206,True,0.6801514547628538
VGG16,Field-Test,Bs47_change_90.jpg,Tomato___Bacterial_spot,Tomato___Bacterial_spot,True,True,0.6939496679464957,True,0.6968911917098446,0.06028425297707662,0.07998410034449253,1.0861060855623832,False,0.13312076524511757
VGG16,Field-Test,Bs98_mirror.jpg,Tomato___Bacterial_spot,Tomato___Bacterial_spot,True,True,0.7884610034308883,True,0.9994021522518932,0.0728525460653988,0.17934491467054411,0.5151995191855125,False,0.0954563571143882
VGG16,Field-Test,e99d601c-2ff0-4029-84c9-74e17fae209f___GCREC_Bact.Sp 6259.JPG,Tomato___Bacterial_spot,Tomato___Bacterial_spot,True,True,0.9022480955413716,True,0.9968114786767637,0.010149534765617939,0.018553741252467254,0.6063015322461763,False,0.0
VGG16,Field-Test,49c8f57f-3418-45db-b807-6192c20dfc6a___RS_Erly.B 7784_180deg.JPG,Tomato___Early_blight,Tomato___Early_blight,True,True,0.0,False,0.38992745535714285,0.0,0.19442882698696654,0.0,False,0.13440688775510204
VGG16,Field-Test,Early Blight_21.jpg,Tomato___Early_blight,Tomato___Early_blight,True,True,0.0,False,0.4333346619897959,0.0,0.25152922779745207,0.0,False,0.22269610969387754
VGG16,Field-Test,30901e71-e656-4e7e-b3ec-0f813c307b88___RS_Erly.B 9396.JPG,Tomato___Early_blight,Tomato___Early_blight,True,True,0.0,False,0.34506536989795916,0.0,0.14052212082707635,0.0,False,0.17524314413265307
VGG16,Field-Test,54e98d19-a7a0-44d8-a004-1eaee5f3610b___RS_Erly.B 7348_180deg.JPG,Tomato___Early_blight,Tomato___Early_blight,True,True,0.0,False,0.37264827806122447,0.0,0.09616001711412986,0.0,False,0.10754145408163265
VGG16,Field-Test,Early Blight_171.jpg,Tomato___Early_blight,Tomato___Early_blight,True,True,0.5629734584514576,False,0.6215623754483858,0.016625703285644687,0.005757021413967503,5.1297270864252384,False,0.0771223595057792
VGG16,Field-Test,Early Blight_127.jpg,Tomato___Early_blight,Tomato___Early_blight,True,True,0.7343909704796204,True,0.7351534475886807,0.0940173257979057,0.2119009890169936,0.604153897990837,True,0.2959346353128737
VGG16,Field-Test,99ea67c9-4c24-40b3-8a62-88233a53dc4a___RS_Erly.B 7522_180deg.JPG,Tomato___Early_blight,Tomato___Early_blight,True,True,0.949505217264012,True,0.3197544642857143,0.030514682371995953,0.15731737721266517,0.20428421075957845,False,0.14893574617346939
VGG16,Field-Test,EB_(594).JPG,Tomato___Early_blight,Tomato___Early_blight,True,True,0.9546483137633804,True,1.0,0.12171560358606294,0.15549254195152268,0.8199611652654015,False,0.3622957353527302
VGG16,Field-Test,ebbdadc5-972c-45fb-a6c2-99e8015cf4a9___RS_Late.B 5479.JPG,Tomato___Late_blight,Tomato___Late_blight,True,True,0.6113077244998859,True,0.8692706257473097,0.019841918795597227,0.04572630646589903,0.7098354122136549,False,0.14607413312076525
VGG16,Field-Test,a5278b93-6815-488a-b359-27edb3ff7220___RS_Late.B 5381.JPG,Tomato___Late_blight,Tomato___Late_blight,True,True,0.9168166776070761,True,1.0,0.17236322998396003,0.15159273093549336,1.240177198373287,False,0.24611398963730569
VGG16,Field-Test,2e5a8b76-c1d5-432c-bbde-7589e087b120___GHLB2 Leaf 8976_flipLR.JPG,Tomato___Late_blight,Tomato___Late_blight,True,True,0.5356052263496257,True,0.5213232363491431,0.05075174798909242,0.025761912779929282,3.678138623494046,True,0.09844559585492228
VGG16,Field-Test,869168d7-a45c-40e6-888b-ad5ba94a657e___RS_Late.B 6193.JPG,Tomato___Late_blight,Tomato___Late_blight,True,True,0.9695882482380855,True,0.1395886479591837,0.05722443815963668,0.01684751570531125,3.5031466995940943,False,0.009685905612244899
VGG16,Field-Test,960137a5-2b52-4349-8c33-cb8b7afed9eb___GHLB2 Leaf 8765.JPG,Tomato___Late_blight,Tomato___Late_blight,True,True,0.519294123046469,False,0.5159426066161817,0.1076357612472048,0.09073630860199916,2.2843469824348244,False,0.21562375448385812
VGG16,Field-Test,a5f089d1-5a8e-4c1f-bcc2-c1154c28e824___GHLB2 Leaf 8926.JPG,Tomato___Late_blight,Tomato___Late_blight,True,True,0.7838266870516111,True,0.9184934236747708,0.009896602343402535,0.012596604393598247,1.0023342812383618,False,0.09665205261060184
VGG16,Field-Test,3fae9c64-18f0-4a67-9f97-554248bb1bed___GHLB_PS Leaf 24 Day 16_flipLR.jpg,Tomato___Late_blight,Tomato___Late_blight,True,True,0.40236798299808385,False,0.3961737744121164,0.08960358177562609,0.10360633053705785,2.1493921673405865,False,0.30809087285771225
VGG16,Field-Test,LB_ (387).png,Tomato___Late_blight,Tomato___Late_blight,True,True,0.964254429566267,True,1.0,4.1813879498294005e-05,0.007598585091052011,0.00570684516351365,False,0.0
VGG16,Field-Test,Blm53_hight.jpg,Tomato___Leaf_Mold,Tomato___Leaf_Mold,True,True,0.6476802296201962,True,0.6257473096851335,0.005867716066496778,0.02262727844123193,0.4003834606293805,False,0.023913909924272617
VGG16,Field-Test,d2c889b0-0223-4e09-9d9f-cdf019b65120___Crnl_L.Mold 8631.JPG,Tomato___Leaf_Mold,Tomato___Leaf_Mold,True,True,0.741968539636844,True,0.7032682343563172,0.13918130964546924,0.0970622600567518,1.9326135858043003,True,0.23575129533678757
VGG16,Field-Test,6e8f1122-d902-408e-a33e-2d5514112e38___Crnl_L.Mold 6944.JPG,Tomato___Leaf_Mold,Tomato___Leaf_Mold,True,True,0.7346486101977717,True,0.9505779194898366,0.0068198283849826135,0.02637826431020839,0.3519229336118807,False,0.0
VGG16,Field-Test,ba913a0e-102c-4fc0-b617-22f85f9f6d31___Crnl_L.Mold 6504_180deg.JPG,Tomato___Leaf_Mold,Tomato___Leaf_Mold,True,True,0.0,False,0.22813695790816327,0.0,0.004105879269677645,0.0,False,0.005560427295918368
VGG16,Field-Test,da6cc51a-6ba2-4b1d-aa4f-5d699860da6b___Crnl_L.Mold 6767_180deg.JPG,Tomato___Leaf_Mold,Tomato___Leaf_Mold,True,True,0.7135328304613388,True,0.908330011956955,0.14827499783463596,0.22170767004341535,0.9372884128814478,True,0.48086887206058193
VGG16,Field-Test,f3b8f9e3-6c47-4797-9da6-d8b09e19048c___Crnl_L.Mold 9023_flipTB.JPG,Tomato___Leaf_Mold,Tomato___Leaf_Mold,True,True,0.716922975603272,True,0.6339178955759267,0.08134399570530564,0.029440832249674902,3.8539219960475277,False,0.2022718214428059
VGG16,Field-Test,28d202ba-1fd8-4200-9727-ad3d977d58f9___Crnl_L.Mold 6758.JPG,Tomato___Leaf_Mold,Tomato___Leaf_Mold,True,True,0.9488862830535001,True,1.0,0.06389096806152642,0.09341380215166623,0.7207991249256005,False,0.24093264248704663
VGG16,Field-Test,cd0904a9-a70f-487c-bcc3-18b26a574837___Crnl_L.Mold 8803.JPG,Tomato___Leaf_Mold,Tomato___Leaf_Mold,True,True,0.6700134178452166,False,0.6496713802031467,0.013264439486725543,0.06362417606971288,0.3111596192811419,False,0.11491734714200358
VGG16,Field-Test,f313bc43-c255-4921-acf9-335322107c45___Keller.St_CG 1864.JPG,Tomato___Septoria_leaf_spot,Tomato___Septoria_leaf_spot,True,True,0.0780295176267938,False,0.10382622558788362,0.009292438356111911,0.15519208824648156,0.7673635913574484,False,0.08090872857712236
VGG16,Field-Test,img_6564_jpg.rf.904f99409fa1be959893d51c796cf8e6.jpg,Tomato___Septoria_leaf_spot,Tomato___Bacterial_spot,False,True,0.8982486363143133,True,0.9252690314866481,0.09556604125988723,0.06383592373017144,1.6666403129242113,False,0.3202471104025508
VGG16,Field-Test,Gls7_change_270.jpg,Tomato___Septoria_leaf_spot,Tomato___Septoria_leaf_spot,True,True,0.0,False,0.5680604272959183,,0.0,,,
VGG16,Field-Test,Gls18.jpg,Tomato___Septoria_leaf_spot,Tomato___Septoria_leaf_spot,True,True,0.0,False,0.4201809630102041,0.0,0.009438884409239671,0.0,False,0.024693080357142856
VGG16,Field-Test,Tomato-leaf-spot2_jpg.rf.b8bbe3d9e0eba5802681c933904680c8.jpg,Tomato___Septoria_leaf_spot,Tomato___Septoria_leaf_spot,True,True,0.0,False,0.5476921237244898,0.0,0.26301808522251735,0.0,False,0.28123007015306123
VGG16,Field-Test,1f55c2e9-67b2-4377-a426-4932a77c3439___Matt.S_CG 7778_180deg.JPG,Tomato___Septoria_leaf_spot,Tomato___Septoria_leaf_spot,True,True,0.8808806196426896,True,0.35550860969387754,0.4676361896215342,0.17619688305863887,3.0129563270100888,True,0.17645886479591838
VGG16,Field-Test,SS_ (864).jpg,Tomato___Septoria_leaf_spot,Tomato___Septoria_leaf_spot,True,True,0.2645662277207008,True,0.3987563775510204,0.004713049734865253,0.041283486605357855,0.43151038191327384,False,0.06507095025510204
VGG16,Field-Test,0edb366d-1253-4498-a05a-8f666405edc6___Matt.S_CG 7862_180deg.JPG,Tomato___Septoria_leaf_spot,Tomato___Septoria_leaf_spot,True,True,0.6024073708683112,True,0.6024312475089677,0.03241819014925918,0.05983949755757153,0.8993123341767434,False,0.12774013551215624
VGG16,Field-Test,4024f51d-f79c-44dc-8ab9-61adf6005644___Com.G_SpM_FL 1248.JPG,Tomato___Spider_mites Two-spotted_spider_mite,Tomato___Spider_mites Two-spotted_spider_mite,True,True,0.46821896574031274,True,0.49023515344758867,0.0015421186949405418,0.03143063583815029,0.10478898505247343,False,0.007971303308090873
VGG16,Field-Test,2cfa680e-a8f9-43b5-856d-cb8fe9607a73___Com.G_SpM_FL 9334_180deg.JPG,Tomato___Spider_mites Two-spotted_spider_mite,Tomato___Spider_mites Two-spotted_spider_mite,True,True,0.7264940807434832,True,0.36194595025510207,0.008593594975779682,0.1315456197345961,0.0899220935785897,False,0.12246890943877552
VGG16,Field-Test,e4f581da-1a38-430b-9a91-fe00308afd4f___Com.G_SpM_FL 9469.JPG,Tomato___Spider_mites Two-spotted_spider_mite,Tomato___Spider_mites Two-spotted_spider_mite,True,True,0.50669892778317,True,0.4486949591552102,2.0137260712468643e-05,0.03506650544135429,0.0011333340036221906,False,0.00697350069735007
VGG16,Field-Test,e296dcef-fb0f-4c22-856d-6918232d6682___Com.G_SpM_FL 1246.JPG,Tomato___Spider_mites Two-spotted_spider_mite,Tomato___Spider_mites Two-spotted_spider_mite,True,True,0.6848750502433613,True,0.7594659226783579,0.08675103247043935,0.08412931667891256,1.505621977435122,True,0.3403746512554803
VGG16,Field-Test,72ea3559-17ea-4441-8188-bc561e66ff06___Com.G_SpM_FL 1400.JPG,Tomato___Spider_mites Two-spotted_spider_mite,Tomato___Spider_mites Two-spotted_spider_mite,True,True,0.4229821746526228,True,0.4194898365882822,0.010504921804952251,0.05120063504663624,0.4850599422411206,False,0.06496612196094062
VGG16,Field-Test,22219bbe-58a4-4818-b080-05ac837ef496___Com.G_SpM_FL 1261.JPG,Tomato___Spider_mites Two-spotted_spider_mite,Tomato___Spider_mites Two-spotted_spider_mite,True,True,0.6887795302162906,True,0.7528895974491829,0.06081656311886051,0.06578410217530764,1.3422106790344688,False,0.2977281785571941
VGG16,Field-Test,87457821-e967-41c9-bda0-4e375fdeaa59___Com.G_SpM_FL 1609.JPG,Tomato___Spider_mites Two-spotted_spider_mite,Tomato___Spider_mites Two-spotted_spider_mite,True,True,0.7653205018881676,True,0.920087684336389,0.009246180677419646,0.03055260361317747,0.3954310813624622,False,0.03985651654045436
VGG16,Field-Test,d05b2e21-1ba0-473a-889b-2a438dadac39___Com.G_SpM_FL 8750.JPG,Tomato___Spider_mites Two-spotted_spider_mite,Tomato___Spider_mites Two-spotted_spider_mite,True,True,0.8213877693729306,True,0.9430051813471503,0.005184252717452391,0.018807339449541285,0.33559120383911917,False,0.0031885213232363493
VGG16,Field-Test,fc089812-4537-413d-bade-e028fe9edac4___Com.G_TgS_FL 8255.JPG,Tomato___Target_Spot,Tomato___Target_Spot,True,True,0.6334169200565982,True,0.36270328443877553,0.32524306226538996,0.13649101598988955,3.761961223200341,True,0.10220025510204081
VGG16,Field-Test,6109be79-316c-4075-9a0f-556cde1c0977___Com.G_TgS_FL 0727.JPG,Tomato___Target_Spot,Tomato___Target_Spot,True,True,0.48787689207078605,False,0.47006536989795916,0.0944786071740438,0.1398287119477656,1.3849269819155405,False,0.17803332270408162
VGG16,Field-Test,bfd0d33e-8230-4571-8e53-7059a4759653___Com.G_TgS_FL 0787.JPG,Tomato___Target_Spot,Tomato___Target_Spot,True,True,0.0,False,0.34829400510204084,0.0,0.03336003662165255,0.0,False,0.05000398596938776
VGG16,Field-Test,23bc8a9f-5b65-4e12-96f5-fe706f31b32e___Com.G_TgS_FL 8171.JPG,Tomato___Target_Spot,Tomato___Target_Spot,True,True,0.8931169370317057,True,1.0,0.019548356594585557,0.06071995764955003,0.36047111286343164,False,0.04583499402152252
VGG16,Field-Test,22a3ebce-e4fe-48a6-b503-229da56ac0d8___Com.G_TgS_FL 7917.JPG,Tomato___Target_Spot,Tomato___Target_Spot,True,True,0.6075035632914071,True,0.4531847895408163,0.0,0.04481287655569726,0.0,False,0.0885483099489796
VGG16,Field-Test,4dfda385-7a48-4280-915b-28812f9fc574___Com.G_TgS_FL 0741_flipTB.JPG,Tomato___Target_Spot,Tomato___Target_Spot,True,True,0.7264656110487082,True,0.3715322066326531,0.02828730830571513,0.03046883381611415,1.2779702120202825,False,0.05524553571428571
VGG16,Field-Test,b535d475-5112-432a-9309-57e97813b6ae___Com.G_TgS_FL 1028.JPG,Tomato___Target_Spot,Tomato___Target_Spot,True,True,0.8488245334123777,True,0.8686727779992028,0.0722841534163661,0.06205123659250066,1.3723811199940363,False,0.30809087285771225
VGG16,Field-Test,3af60900-f42e-490e-a5ff-94c410e856d9___Com.G_TgS_FL 0804_newPixel25.JPG,Tomato___Target_Spot,Tomato___Target_Spot,True,True,0.0,False,0.11461654974489796,0.0,0.04121022430881586,0.0,False,0.01793686224489796
VGG16,Field-Test,Curl_110.jpg,Tomato___Tomato_Yellow_Leaf_Curl_Virus,Tomato___Early_blight,False,True,0.4316363981872187,False,0.4264647269828617,0.10718480529054597,0.23134461264470169,1.0733856204667724,False,0.24073335990434436
VGG16,Field-Test,f2d61698-7005-4449-a2ac-e0750f8d9615___YLCV_GCREC 2784.JPG,Tomato___Tomato_Yellow_Leaf_Curl_Virus,Tomato___Tomato_Yellow_Leaf_Curl_Virus,True,True,0.3599760155210996,False,0.369469908330012,5.459848673645071e-06,0.030449452243095764,0.0004981126324086952,False,0.0
VGG16,Field-Test,a5416516-80f0-4004-88f6-186b79696707___UF.GRC_YLCV_Lab 01840.JPG,Tomato___Tomato_Yellow_Leaf_Curl_Virus,Tomato___Tomato_Yellow_Leaf_Curl_Virus,True,True,0.586838510317575,True,0.5641689916301316,0.0037335930354583722,0.0047099421749673565,1.3508054262728648,False,0.0
VGG16,Field-Test,cad14233-257e-4942-876b-25e4911fc1cf___YLCV_NREC 2036.JPG,Tomato___Tomato_Yellow_Leaf_Curl_Virus,Tomato___Tomato_Yellow_Leaf_Curl_Virus,True,True,0.3808041385400782,False,0.40354722997210046,0.18183122521809647,0.29002095760116076,1.6464078318150348,False,0.42407333599043445
VGG16,Field-Test,e28c69d4-9035-4c1f-a1e5-08b969ddbb32___UF.GRC_YLCV_Lab 01740.JPG,Tomato___Tomato_Yellow_Leaf_Curl_Virus,Tomato___Tomato_Yellow_Leaf_Curl_Virus,True,True,0.3822031444325862,False,0.3330011956954962,0.0006032831183005236,0.004975978037062457,0.31721116290722035,False,0.0
VGG16,Field-Test,a59f7637-08fc-4ffc-9c42-e618eabd1bcc___UF.GRC_YLCV_Lab 01621.JPG,Tomato___Tomato_Yellow_Leaf_Curl_Virus,Tomato___Tomato_Yellow_Leaf_Curl_Virus,True,True,0.46308407811636426,True,0.43304105221203665,0.02309762585865527,0.0063126624582250275,7.901234021408919,False,0.09744918294141092
VGG16,Field-Test,78231f4b-f77d-4ef8-84d0-b1a2f2fbfdcf___UF.GRC_YLCV_Lab 09447.JPG,Tomato___Tomato_Yellow_Leaf_Curl_Virus,Tomato___Tomato_Yellow_Leaf_Curl_Virus,True,True,0.44099462972409653,True,0.4376245516141889,0.0014579070882154916,0.01248994907531493,0.26468899135975144,False,0.0
VGG16,Field-Test,ed864a58-8a10-451c-9a65-c12a71b6c10a___UF.GRC_YLCV_Lab 01425.JPG,Tomato___Tomato_Yellow_Leaf_Curl_Virus,Tomato___Tomato_Yellow_Leaf_Curl_Virus,True,True,0.8114684655641701,True,0.9141092068553208,0.004608170229445515,0.005408107616796946,1.0500537769384353,False,0.07253886010362694
VGG16,Field-Test,3cb6ee9b-8550-4216-bde5-814807add4e5___PSU_CG 2395.JPG,Tomato___Tomato_mosaic_virus,Tomato___Tomato_mosaic_virus,True,True,0.6042248950351939,True,0.6146642757521419,0.062262614229288527,0.14337746025075296,0.7187003451684734,True,0.20781032078103207
VGG16,Field-Test,aab31aa2-ac8f-46a1-9b9b-7b728a776e8d___PSU_CG 2250.JPG,Tomato___Tomato_mosaic_virus,Tomato___Tomato_mosaic_virus,True,True,0.6513504728217387,True,0.5362694300518135,0.04128941220980368,0.03771805752003772,1.6806398197119492,False,0.16420884814667197
VGG16,Field-Test,8babd25a-f124-4d1f-a57a-5db347b34f0d___PSU_CG 2355.JPG,Tomato___Tomato_mosaic_virus,Tomato___Tomato_mosaic_virus,True,True,0.8793713617155668,True,0.977281785571941,0.03257688871998311,0.036596251115739366,1.0122800722731633,False,0.19469908330011956
VGG16,Field-Test,feabce4c-9bb1-4fca-bcbf-368cacd40a68___PSU_CG 2115.JPG,Tomato___Tomato_mosaic_virus,Tomato___Tomato_mosaic_virus,True,True,0.8130726324411632,True,0.8001195695496214,0.022323272198580293,0.026832298136645963,1.023223818060218,False,0.1223595057791949
VGG16,Field-Test,f833998e-f306-4f40-b702-3d4ab8f4ad27___PSU_CG 2331.JPG,Tomato___Tomato_mosaic_virus,Tomato___Tomato_mosaic_virus,True,True,0.7289926574941897,True,0.8846153846153846,0.007012897564477518,0.006084859116324964,1.5809706730308584,False,0.02610601833399761
VGG16,Field-Test,5c049070-cf7f-4508-8e61-c5efb64bca3c___PSU_CG 2326.JPG,Tomato___Tomato_mosaic_virus,Tomato___Tomato_mosaic_virus,True,True,0.8787836175417267,True,0.8300119569549621,0.001633830009768729,0.013729372937293729,0.13541731999855502,False,0.03328019131127939
VGG16,Field-Test,c5132603-ce86-45c0-b9f9-d35c07f4057f___PSU_CG 2256.JPG,Tomato___Tomato_mosaic_virus,Tomato___Tomato_mosaic_virus,True,True,0.62233595961238,True,0.579912315663611,0.03631330418366676,0.017861367400047314,3.266827236907998,False,0.1648066958947788
VGG16,Field-Test,76d665fa-6aec-4c47-adac-069107b3cf46___PSU_CG 2268.JPG,Tomato___Tomato_mosaic_virus,Tomato___Tomato_mosaic_virus,True,True,0.49503610058295994,True,0.4145418326693227,0.0030861811712742746,0.01362954886193267,0.45740727245900537,False,0.047410358565737054
VGG16,Field-Test,Healthy_314.jpg,Tomato___healthy,Tomato___healthy,True,True,0.8247966048301885,True,0.8268234356317258,,0.0,,,
VGG16,Field-Test,Healthy_307.jpg,Tomato___healthy,Tomato___healthy,True,True,0.0,False,0.3103077168367347,,0.0,,,
VGG16,Field-Test,Healthy_143.jpg,Tomato___healthy,Tomato___healthy,True,True,0.0,False,0.259944993622449,,0.0,,,
VGG16,Field-Test,Healthy_106.jpg,Tomato___healthy,Tomato___healthy,True,True,0.40072716991031027,True,0.6082104424073336,,0.0,,,
VGG16,Field-Test,Healthy_9.jpg,Tomato___healthy,Tomato___healthy,True,True,0.703391997855395,True,1.0,,0.0,,,
VGG16,Field-Test,Healthy_363.jpg,Tomato___healthy,Tomato___Tomato_Yellow_Leaf_Curl_Virus,False,True,0.6172719971777457,True,0.6705858907931447,0.3663308960693934,0.823021582733813,0.7210838164245011,False,0.6189717018732562
VGG16,Field-Test,Healthy_184.jpg,Tomato___healthy,Tomato___healthy,True,True,0.9768317783682926,True,0.20521763392857142,,0.0,,,
VGG16,Field-Test,Healthy_72.jpg,Tomato___healthy,Tomato___healthy,True,True,0.6243236030334665,True,0.9830609804703069,,0.0,,,
RegNetY008,PV-Test,a8c12fae-22eb-46c8-a7dc-374225d050ba___GCREC_Bact.Sp 3122.JPG,Tomato___Bacterial_spot,Tomato___Bacterial_spot,True,True,0.0,False,0.46651785714285715,0.0,0.013243335611756665,0.0,False,0.037767059948979595
RegNetY008,PV-Test,d9a91bb5-35d8-459c-8c04-8a155bc6a158___GCREC_Bact.Sp 5592.JPG,Tomato___Bacterial_spot,Tomato___Bacterial_spot,True,True,0.5803614637383944,True,0.5856915105619769,0.0029250936377256138,0.056326226608323246,0.0894809420710459,False,0.014547628537265843
RegNetY008,PV-Test,aaa27c3b-ff24-4d91-9c0c-fe68862ab77e___GCREC_Bact.Sp 3616.JPG,Tomato___Bacterial_spot,Tomato___Bacterial_spot,True,True,0.2888679504281692,False,0.4893176020408163,0.08056640624685288,0.055922124470511564,4.987362896708368,False,0.08559869260204081
RegNetY008,PV-Test,4ceb9395-b11a-4290-bfc4-db6afe8ad21e___UF.GRC_BS_Lab Leaf 0806.JPG,Tomato___Bacterial_spot,Tomato___Bacterial_spot,True,True,0.595701780576642,True,0.5912714228776405,0.0912165831770901,0.11991916593946632,1.276898282389391,False,0.3180550019928258
RegNetY008,PV-Test,1838f883-5e4b-4b24-bf4b-77d4a82f5f46___GCREC_Bact.Sp 6335.JPG,Tomato___Bacterial_spot,Tomato___Bacterial_spot,True,True,0.6327286561496351,True,0.6454762853726584,0.028942114403757973,0.036670876703976306,1.2473589828438016,False,0.09764846552411319
RegNetY008,PV-Test,bab7f756-d2e7-483e-8155-2bead1b5f4ce___GCREC_Bact.Sp 6313.JPG,Tomato___Bacterial_spot,Tomato___Bacterial_spot,True,True,0.7701277281729141,True,0.7789956157831806,0.002918372511184644,0.08289775332416323,0.045712524393549,False,0.023116779593463532
RegNetY008,PV-Test,1b3ccbf3-c1e1-476e-b34a-6af0a6fbb349___GCREC_Bact.Sp 3735.JPG,Tomato___Bacterial_spot,Tomato___Bacterial_spot,True,True,0.7309437172193303,True,0.6336096938775511,0.00385888038149401,0.075647961751384,0.06978790287283254,False,0.11136798469387756
RegNetY008,PV-Test,fca8f33c-6416-4ef3-91e8-8ea21346f242___GCREC_Bact.Sp 3018.JPG,Tomato___Bacterial_spot,Tomato___Bacterial_spot,True,True,0.2710838317765202,False,0.5778659119897959,0.037040710447771845,0.03617865149163649,3.776794170218085,False,0.05052216198979592
RegNetY008,PV-Test,c0caae76-1327-4d16-95dd-138603f7573b___RS_Erly.B 8362.JPG,Tomato___Early_blight,Tomato___Early_blight,True,True,0.0,False,0.48672672193877553,0.0,0.25640815658013266,0.0,False,0.26925223214285715
RegNetY008,PV-Test,22b653c4-9e15-4081-8ece-9b5950a94120___RS_Erly.B 7814.JPG,Tomato___Early_blight,Tomato___Early_blight,True,True,0.37930690669504313,True,0.3345954563571144,0.15341154841936303,0.11864406779661017,3.4089550466844774,True,0.2921482662415305
RegNetY008,PV-Test,257ffdcb-bd8b-4d18-98cc-e63a118155ea___RS_Erly.B 9520.JPG,Tomato___Early_blight,Tomato___Early_blight,True,True,0.0,False,0.46681680484693877,0.0,0.08769158519404005,0.0,False,0.11196588010204081
RegNetY008,PV-Test,1cebc4a1-5fb6-4168-8e18-e2973ef6d18f___RS_Erly.B 9552.JPG,Tomato___Early_blight,Tomato___Early_blight,True,True,0.0,False,0.390804368622449,0.0,0.1068386965169055,0.0,False,0.10520966198979592
RegNetY008,PV-Test,9e8f1cbd-f128-47f3-b90d-9c8dc1efcb78___RS_Erly.B 7425.JPG,Tomato___Early_blight,Tomato___Early_blight,True,True,0.34749596306601443,True,0.3465524113192507,0.10356113825834593,0.04844847775175644,6.151300103048685,True,0.2821841371064169
RegNetY008,PV-Test,620df2cc-834d-48b9-b9a8-11da26395739___RS_Erly.B 9557.JPG,Tomato___Early_blight,Tomato___Early_blight,True,True,0.983389936743657,True,0.988242327620566,0.4263119412095572,0.19187165040538684,2.25938856636843,True,0.7895575926664009
RegNetY008,PV-Test,c83d0821-505b-4270-acd7-1a5c79f671b4___RS_Erly.B 7629.JPG,Tomato___Early_blight,Tomato___Early_blight,True,True,0.26279687484166153,False,0.3662707270408163,0.029992926992316638,0.015398846446838612,7.41157428303931,False,0.034259406887755105
RegNetY008,PV-Test,25b96058-36c9-4213-bb16-088e76cb30b1___RS_Erly.B 9417.JPG,Tomato___Early_blight,Tomato___Early_blight,True,True,0.9503647979409535,True,0.9463929852530889,0.43711048005772674,0.19871908913004804,2.314521875936989,True,0.7108409724990036
RegNetY008,PV-Test,f8024ad7-ded1-42aa-ab6d-139f7069d10e___RS_Late.B 7157.JPG,Tomato___Late_blight,Tomato___Early_blight,False,True,0.6776772213410943,True,0.7730171383021124,0.13964340620443935,0.09907565287624517,2.079843239072586,True,0.3963730569948187
RegNetY008,PV-Test,5be6f633-9ae7-40b9-b1aa-f92a1ab919fb___RS_Late.B 5011.JPG,Tomato___Late_blight,Tomato___Late_blight,True,True,0.41530238814181686,False,0.5121562375448386,0.17741601441988086,0.22739951529562394,1.878619628309745,False,0.36787564766839376
RegNetY008,PV-Test,4ceb4156-66d9-4405-9472-82a35f0fa245___GHLB2 Leaf 8662.JPG,Tomato___Late_blight,Tomato___Late_blight,True,True,0.011820542833711091,False,0.3358179209183674,,0.0,,,
RegNetY008,PV-Test,efe3a784-f4d6-4635-bef8-c81fffeee36b___GHLB2 Leaf 8651.JPG,Tomato___Late_blight,Tomato___Late_blight,True,True,0.050567586709780614,False,0.0,0.00286696422140106,0.020621038273288934,2.7494100575072524,False,0.0011956954962136308
RegNetY008,PV-Test,d56280c8-1442-476c-bdc8-8bb99edad8dd___GHLB2 Leaf 8847.JPG,Tomato___Late_blight,Tomato___Late_blight,True,True,0.1473975890003863,False,0.17297728178557195,0.012381532974604634,0.0742626404494382,1.131132946044946,False,0.04125149461937027
RegNetY008,PV-Test,a4008f85-d333-4ca8-87c2-e8c9c68ed19a___RS_Late.B 6461.JPG,Tomato___Late_blight,Tomato___Late_blight,True,True,0.6704866652773284,True,0.545436428856118,0.4460014615420858,0.3281767955801105,2.026927742078124,True,0.5412514946193703
RegNetY008,PV-Test,0ac3df5b-d713-42ef-b0ad-20b5410237ad___RS_Late.B 4969.JPG,Tomato___Late_blight,Tomato___Late_blight,True,True,0.10549836949104655,False,0.17576723794340374,0.028183073700203284,0.13517694836588667,1.9762412990374147,False,0.09127142287764049
RegNetY008,PV-Test,8a2f5ea2-51e1-493d-93ff-61faa8221754___RS_Late.B 7069.JPG,Tomato___Late_blight,Tomato___Late_blight,True,True,0.1694688058070919,False,0.19290554005579913,,0.0,,,
RegNetY008,PV-Test,d76eb906-9957-4572-bf7f-60936f30f8f3___Crnl_L.Mold 8640.JPG,Tomato___Leaf_Mold,Tomato___Leaf_Mold,True,True,0.9015095393516087,True,0.9045626618848376,0.12115535038520478,0.10219619326500733,1.315035728431587,True,0.39988045427375973
RegNetY008,PV-Test,b1b88c75-6e10-4dfe-b959-84f3db648a39___Crnl_L.Mold 6632.JPG,Tomato___Leaf_Mold,Tomato___Leaf_Mold,True,True,0.007965397464915678,False,0.3058235012755102,0.0,0.044639947865754315,0.0,False,0.05893255739795918
RegNetY008,PV-Test,ba913a0e-102c-4fc0-b617-22f85f9f6d31___Crnl_L.Mold 6504.JPG,Tomato___Leaf_Mold,Tomato___Leaf_Mold,True,True,0.9999938266400992,True,0.2382214604591837,,0.0,,,
RegNetY008,PV-Test,bf7b77e1-6438-45ee-b226-cb69b745a4bc___Crnl_L.Mold 8756.JPG,Tomato___Leaf_Mold,Tomato___Leaf_Mold,True,True,0.9142513115350199,True,0.8550955414012739,0.06078269659839924,0.034528838692990775,1.9254506831289566,True,0.10330414012738853
RegNetY008,PV-Test,6e230511-861d-4ae8-8212-374417841b4c___Crnl_L.Mold 8894.JPG,Tomato___Leaf_Mold,Tomato___Leaf_Mold,True,True,0.7147084374892009,True,0.603702229299363,0.01713822009569975,0.04338474451788899,0.552713105524609,False,0.09514331210191083
RegNetY008,PV-Test,7e0d709c-7399-4cad-84d4-892854831ee7___Crnl_L.Mold 6694.JPG,Tomato___Leaf_Mold,Tomato___Leaf_Mold,True,True,0.0,False,0.326969068877551,0.0,0.0928318907716689,0.0,False,0.09970902423469388
RegNetY008,PV-Test,9c42ac1e-d48f-4644-bf35-a9b0478330e2___Crnl_L.Mold 6709.JPG,Tomato___Leaf_Mold,Tomato___Leaf_Mold,True,True,0.997890292486094,True,0.32362085459183676,0.06912894039012989,0.0391058012070452,1.7714786152175777,False,0.06812021683673469
RegNetY008,PV-Test,81de0497-5011-4330-b2f1-b12c7b83576f___Crnl_L.Mold 7120.JPG,Tomato___Leaf_Mold,Tomato___Leaf_Mold,True,True,0.7619505195286791,True,0.6685258964143427,0.021974099051285938,0.023294957247694068,1.2380049768440375,True,0.07888446215139443
RegNetY008,PV-Test,60e32ab3-a35e-4de9-b23b-ab88a6cbe021___JR_Sept.L.S 8542.JPG,Tomato___Septoria_leaf_spot,Tomato___Septoria_leaf_spot,True,True,0.9920753143698874,True,0.3427734375,0.2856911805176882,0.09070294784580499,3.1749053923472137,True,0.11232461734693877
RegNetY008,PV-Test,ffe98ff9-be33-4e8f-82f0-7b7c21b02958___JR_Sept.L.S 8455.JPG,Tomato___Septoria_leaf_spot,Tomato___Septoria_leaf_spot,True,True,8.231468972493972e-05,False,0.23156489158163265,0.0,0.19339013684482315,0.0,False,0.13486527423469388
RegNetY008,PV-Test,2d640131-6b73-4b67-bb77-00266ff41bb8___JR_Sept.L.S 8531.JPG,Tomato___Septoria_leaf_spot,Tomato___Septoria_leaf_spot,True,True,0.9977023252738056,True,1.0,0.13150279936722056,0.12059395948965616,1.0929705470016338,False,0.37584695097648463
RegNetY008,PV-Test,47540ec0-31bf-4ad5-84e9-601d0d0829e4___Matt.S_CG 6002.JPG,Tomato___Septoria_leaf_spot,Tomato___Septoria_leaf_spot,True,True,0.6789197816503371,False,0.7275807094459944,0.0,0.05523446019629226,0.0,False,0.0
RegNetY008,PV-Test,aae2d0b1-30cb-4ba8-a017-f9051d38192b___JR_Sept.L.S 8464.JPG,Tomato___Septoria_leaf_spot,Tomato___Septoria_leaf_spot,True,True,0.0,False,0.3129783163265306,0.0,0.09086856851757515,0.0,False,0.10130341198979592
RegNetY008,PV-Test,d2871bcd-6d69-4d4f-be2a-b11648666d55___Keller.St_CG 2015.JPG,Tomato___Septoria_leaf_spot,Tomato___Septoria_leaf_spot,True,True,0.9833782349326459,True,0.997807891590275,0.010968210601431166,0.0479907683953299,0.23241143132255232,False,0.05759266640095655
RegNetY008,PV-Test,c7c2e116-d4da-4b0f-a2dc-24d3ecedf587___Keller.St_CG 1846.JPG,Tomato___Septoria_leaf_spot,Tomato___Septoria_leaf_spot,True,True,0.0,False,0.26209741709183676,0.0,0.3106227663295567,0.0,False,0.16868622448979592
RegNetY008,PV-Test,a90aa234-3af2-4fe7-b8eb-415427e16700___Matt.S_CG 2484.JPG,Tomato___Septoria_leaf_spot,Tomato___Septoria_leaf_spot,True,True,0.9641336235170802,True,0.9916301315265046,0.7500001608995005,0.6712708397483834,1.1588476543114765,True,0.8971701873256277
RegNetY008,PV-Test,fbac63f2-cfbc-4c5c-a623-e40b1314fc83___Com.G_SpM_FL 8784.JPG,Tomato___Spider_mites Two-spotted_spider_mite,Tomato___Spider_mites Two-spotted_spider_mite,True,True,0.3171052057324276,False,0.3501394978078916,0.07514753902854333,0.08318144997974888,2.848950506397557,False,0.25846950976484656
RegNetY008,PV-Test,e1c88203-3d8b-410f-9d4b-d35c7a735ddf___Com.G_SpM_FL 1267.JPG,Tomato___Spider_mites Two-spotted_spider_mite,Tomato___Spider_mites Two-spotted_spider_mite,True,True,0.6637903984158322,True,0.7076524511757672,0.018796899231776742,0.01781394325929184,1.5896268232042907,False,0.12495017935432443
RegNetY008,PV-Test,e872312d-c093-4320-992a-410031e3fa58___Com.G_SpM_FL 1571.JPG,Tomato___Spider_mites Two-spotted_spider_mite,Tomato___Spider_mites Two-spotted_spider_mite,True,True,0.2950665217566622,True,0.39936229573535276,2.9078814725527697e-06,0.013286934514394179,0.0007417063011528604,False,0.0
RegNetY008,PV-Test,2339bb0d-0389-46c0-9c13-dd5689506143___Com.G_SpM_FL 8516.JPG,Tomato___Spider_mites Two-spotted_spider_mite,Tomato___Spider_mites Two-spotted_spider_mite,True,True,0.7113204053821612,True,0.9451972897568752,0.07937801781853045,0.15912546531746447,0.7012862047207995,True,0.40135512156237546
RegNetY008,PV-Test,187be065-ec6f-4e93-a647-e7385dca9272___Com.G_SpM_FL 9305.JPG,Tomato___Spider_mites Two-spotted_spider_mite,Tomato___Spider_mites Two-spotted_spider_mite,True,True,0.1251154929788508,False,0.07054603427660422,0.0020684922380271764,0.02332199195793381,0.7088872460968587,False,0.0
RegNetY008,PV-Test,71c23873-073d-4ab2-a608-edaff9d2cda1___Com.G_SpM_FL 9499.JPG,Tomato___Spider_mites Two-spotted_spider_mite,Tomato___Spider_mites Two-spotted_spider_mite,True,True,0.3420275018081493,True,0.28955759266640096,0.001843289515227214,0.026980090553867145,0.19975107329892344,False,0.00039856516540454366
RegNetY008,PV-Test,1f100e65-f5ab-4991-8665-f9fb28f5c0e2___Com.G_SpM_FL 1179.JPG,Tomato___Spider_mites Two-spotted_spider_mite,Tomato___Spider_mites Two-spotted_spider_mite,True,True,0.5122574802945682,True,0.26919244260204084,0.08104533801386228,0.03864662767453913,4.0938141786037665,True,0.049505739795918366
RegNetY008,PV-Test,85247ca8-8c30-4c83-9315-0755cd4be8c2___Com.G_SpM_FL 9503.JPG,Tomato___Spider_mites Two-spotted_spider_mite,Tomato___Spider_mites Two-spotted_spider_mite,True,True,0.24225006475547634,False,0.2596652052610602,,0.0,,,
RegNetY008,PV-Test,939c6274-f21d-4d60-88db-c882d85d0b19___Com.G_TgS_FL 1025.JPG,Tomato___Target_Spot,Tomato___Target_Spot,True,True,0.932456372791814,True,0.9282582702271821,0.382539527618878,0.24094693028095734,1.7026539808854657,True,0.6062176165803109
RegNetY008,PV-Test,b2bf7586-9182-403a-b639-2eb26a2440b4___Com.G_TgS_FL 9688.JPG,Tomato___Target_Spot,Tomato___Target_Spot,True,True,0.9919436867163696,True,1.0,0.20399957943244312,0.06446670595167943,3.1901181994589742,True,0.5191311279394181
RegNetY008,PV-Test,4ab417ba-7f9c-44ee-a7d1-1cd78fe68b58___Com.G_TgS_FL 0046.JPG,Tomato___Target_Spot,Tomato___Target_Spot,True,True,0.9996037139076868,True,1.0,0.010525317479929557,0.005909310178485287,1.7818476019043967,False,0.06296074915321777
RegNetY008,PV-Test,8f2a090d-92c1-4bf4-8806-a15a6de7d304___Com.G_TgS_FL 8219.JPG,Tomato___Target_Spot,Tomato___Target_Spot,True,True,0.9105765332066678,True,0.9304503786369072,0.13143686267769714,0.12358742551880009,1.1679559003371252,False,0.40195296931048224
RegNetY008,PV-Test,9c35d282-72c1-458b-b430-2cefb43bebad___Com.G_TgS_FL 9883.JPG,Tomato___Target_Spot,Tomato___Target_Spot,True,True,0.9669709013127233,True,0.9557592666400957,0.17839767827456238,0.061073170731707316,3.020823317995303,True,0.2877640494220805
RegNetY008,PV-Test,3f56fdf7-aa72-42e5-9add-2ecdf310a32f___Com.G_TgS_FL 7959.JPG,Tomato___Target_Spot,Tomato___Target_Spot,True,True,0.9880817525496923,True,1.0,0.015483396551127331,0.10121457489878542,0.15482115475808728,False,0.028298126743722597
RegNetY008,PV-Test,99c0eb04-8170-42e3-9dcf-392415815f44___Com.G_TgS_FL 8309.JPG,Tomato___Target_Spot,Tomato___Target_Spot,True,True,0.991827307157401,True,0.9958150657632523,0.2274768072303584,0.16013955516790232,1.432195962449714,True,0.612196094061379
RegNetY008,PV-Test,160f7688-821b-4d25-a867-62d0cf492777___Com.G_TgS_FL 0808.JPG,Tomato___Target_Spot,Tomato___Target_Spot,True,True,0.9646954536926801,True,0.8948207171314742,0.007388868225565574,0.025627786904482516,0.298866051121115,False,0.05199203187250996
RegNetY008,PV-Test,be5ad5cb-4b22-46bb-bcc9-dcb86b64673f___YLCV_GCREC 5290.JPG,Tomato___Tomato_Yellow_Leaf_Curl_Virus,Tomato___Tomato_Yellow_Leaf_Curl_Virus,True,True,0.9664097454253696,True,0.9533678756476683,0.21281525264071388,0.20412014467683598,1.078836379017974,True,0.46552411319250697
RegNetY008,PV-Test,d8da67f2-2a7e-4b78-9069-169cd2867d82___UF.GRC_YLCV_Lab 01424.JPG,Tomato___Tomato_Yellow_Leaf_Curl_Virus,Tomato___Tomato_Yellow_Leaf_Curl_Virus,True,True,0.9640700986397669,True,1.0,0.0018083730099708293,0.0018722901064249114,1.0018582090045782,False,0.00657632522917497
RegNetY008,PV-Test,a5e84295-fbcc-4353-af35-59aca809604f___UF.GRC_YLCV_Lab 01898.JPG,Tomato___Tomato_Yellow_Leaf_Curl_Virus,Tomato___Tomato_Yellow_Leaf_Curl_Virus,True,True,0.7179993891744532,True,1.0,0.003212877392730739,0.012899855328725285,0.34688477449537075,False,0.0
RegNetY008,PV-Test,88c24e1f-e1a5-4803-8eee-99f06ae0a059___UF.GRC_YLCV_Lab 01716.JPG,Tomato___Tomato_Yellow_Leaf_Curl_Virus,Tomato___Tomato_Yellow_Leaf_Curl_Virus,True,True,0.7488016497695169,True,1.0,0.005637152191432046,0.008548047318100794,0.8806960528428917,False,0.0
RegNetY008,PV-Test,4258a0bb-8c13-4ef0-b9bf-b3cfb6ffab4b___UF.GRC_YLCV_Lab 03253.JPG,Tomato___Tomato_Yellow_Leaf_Curl_Virus,Tomato___Tomato_Yellow_Leaf_Curl_Virus,True,True,0.9609258261854818,True,1.0,0.02393540927162898,0.08515362767880197,0.29251479551897247,False,0.06058190514149064
RegNetY008,PV-Test,3ec5af5c-981d-4f81-82d4-bb91c0cb07ac___YLCV_GCREC 5121.JPG,Tomato___Tomato_Yellow_Leaf_Curl_Virus,Tomato___Tomato_Yellow_Leaf_Curl_Virus,True,True,0.969083656852762,True,1.0,0.016880851446635002,0.026261063016878656,0.6633164637208132,False,0.010561976883220407
RegNetY008,PV-Test,2f3ee17d-5e55-4681-bdc2-4f66e2c582cd___YLCV_NREC 2934.JPG,Tomato___Tomato_Yellow_Leaf_Curl_Virus,Tomato___Tomato_Yellow_Leaf_Curl_Virus,True,True,0.9940450604427469,True,1.0,0.3378477545597101,0.38142349438094325,0.8910611821704184,False,0.6767636508569151
RegNetY008,PV-Test,3ba3682a-ae6e-4b3b-9209-e3164f00b6fe___UF.GRC_YLCV_Lab 08544.JPG,Tomato___Tomato_Yellow_Leaf_Curl_Virus,Tomato___Bacterial_spot,False,True,0.49134911619191596,True,0.5308888003188521,0.03388717418984145,0.015878843506195502,4.343364799394637,True,0.2128337983260263
RegNetY008,PV-Test,2324b02b-1f9d-46a2-82f2-23856019d516___PSU_CG 2382.JPG,Tomato___Tomato_mosaic_virus,Tomato___Tomato_mosaic_virus,True,True,0.7831534959800114,True,0.9456066945606695,0.01625373532653541,0.024956100675783535,0.8316288817240383,False,0.07631002191671647
RegNetY008,PV-Test,696758e5-0f10-4599-b596-e9e7566c4791___PSU_CG 2062.JPG,Tomato___Tomato_mosaic_virus,Tomato___Tomato_mosaic_virus,True,True,0.9332573893295525,True,0.8385811080111598,0.022501849931200076,0.07527236711786069,0.32031790329271814,False,0.1442805898764448
RegNetY008,PV-Test,b2cb36e6-ff72-4518-b344-a6500af4fa40___PSU_CG 2332.JPG,Tomato___Tomato_mosaic_virus,Tomato___Tomato_mosaic_virus,True,True,0.9187668621802138,True,1.0,0.053366615624613895,0.030963613686893335,1.8759130240460147,True,0.24770825029892388
RegNetY008,PV-Test,1170f108-86a3-4bc6-8a06-c82e55178f91___PSU_CG 2327.JPG,Tomato___Tomato_mosaic_virus,Tomato___Tomato_mosaic_virus,True,True,0.8702085494816664,True,0.8915902750099641,0.07292310568074674,0.11036445090204625,0.7592986079267819,False,0.3216420884814667
RegNetY008,PV-Test,a4453e9a-4ede-4377-be38-fd77e9bf16f0___PSU_CG 2308.JPG,Tomato___Tomato_mosaic_virus,Tomato___Tomato_mosaic_virus,True,True,0.12331390046818531,False,0.013351933041052212,0.0034085479388810207,0.031824832775919736,0.8685428335556504,False,0.0005978477481068154
RegNetY008,PV-Test,79f7f0e7-f4c8-4cf4-9c5d-2c4c4675fc04___PSU_CG 2147.JPG,Tomato___Tomato_mosaic_virus,Tomato___Tomato_mosaic_virus,True,True,0.9859188005665138,True,1.0,0.004681498914248628,0.006809612246046486,0.6973027785588732,False,0.03527301713830211
RegNetY008,PV-Test,a142b58c-1713-4e17-a68c-96eaf4b5ae23___PSU_CG 2219.JPG,Tomato___Tomato_mosaic_virus,Tomato___Tomato_mosaic_virus,True,True,0.09299221282871267,False,0.28746811224489793,0.0,0.005684969495285635,0.0,False,0.01136001275510204
RegNetY008,PV-Test,6ebb483a-d1b6-4d7d-aad1-e717c2a36167___PSU_CG 2286.JPG,Tomato___Tomato_mosaic_virus,Tomato___Tomato_mosaic_virus,True,True,0.6221393975348793,True,0.6532483060980471,0.014989948502401892,0.02582520950914999,0.9329719420501057,False,0.06755679553607015
RegNetY008,PV-Test,c1aad9bf-ed08-4cb9-9ef0-8c0d4a3de010___GH_HL Leaf 319.JPG,Tomato___healthy,Tomato___healthy,True,True,0.8948812542376732,True,0.9139099242726185,,0.0,,,
RegNetY008,PV-Test,316e62fa-d8a8-4451-80a8-a546c8c43511___RS_HL 9633.JPG,Tomato___healthy,Tomato___healthy,True,True,0.8338249506669804,True,0.8738541251494619,,0.0,,,
RegNetY008,PV-Test,9d447b38-bd33-46f0-880b-324481fbae19___RS_HL 0366.JPG,Tomato___healthy,Tomato___healthy,True,True,0.6114049350289275,True,0.7249900358708649,,0.0,,,
RegNetY008,PV-Test,7d1cbe82-bda7-498a-ac8f-f01a0e279940___RS_HL 9639.JPG,Tomato___healthy,Tomato___healthy,True,True,0.5866776947379427,False,0.6719808688720605,,0.0,,,
RegNetY008,PV-Test,48af8eac-8662-400b-a0bb-024a28ed3cc9___RS_HL 0266.JPG,Tomato___healthy,Tomato___healthy,True,True,0.8981402742638754,True,1.0,,0.0,,,
RegNetY008,PV-Test,225003c5-d8a1-48ce-b315-42df4b99c51a___RS_HL 0464.JPG,Tomato___healthy,Tomato___healthy,True,True,0.313386796671875,False,0.27779992028696693,,0.0,,,
RegNetY008,PV-Test,a8036d3b-eda1-4309-b2ac-5a409963f4d7___RS_HL 9840.JPG,Tomato___healthy,Tomato___healthy,True,True,0.4821639777695894,True,0.5697489039457951,,0.0,,,
RegNetY008,PV-Test,9d06e189-6e39-4fb9-853b-e2ce180469a5___RS_HL 0407.JPG,Tomato___healthy,Tomato___healthy,True,True,0.7633547178970745,True,0.8017138302112395,,0.0,,,
RegNetY008,Field-Test,Bs68_lower.jpg,Tomato___Bacterial_spot,Tomato___Septoria_leaf_spot,False,True,0.05095579625690351,False,0.15025906735751296,0.002785564588378602,0.006896968963639664,7.926133241085171,False,0.03447588680749303
RegNetY008,Field-Test,ee6fafa1-2ab6-43c1-83fe-082b265e64f5___GCREC_Bact.Sp 2964.JPG,Tomato___Bacterial_spot,Tomato___Bacterial_spot,True,True,0.5877247992894618,True,0.43516820790816324,0.0,0.0021067094114953057,0.0,False,0.006816007653061225
RegNetY008,Field-Test,30c04c65-4c7c-4b4b-b9e9-0d7faea2716e___GCREC_Bact.Sp 3841.JPG,Tomato___Bacterial_spot,Tomato___Bacterial_spot,True,True,0.9294096206452271,True,0.9037465125548028,0.04987943618974874,0.08480275921534813,0.6328552526134602,False,0.1506576325229175
RegNetY008,Field-Test,4128179b-06ee-4ad1-b2a9-792c448f5eb8___UF.GRC_BS_Lab Leaf 0219.JPG,Tomato___Bacterial_spot,Tomato___Bacterial_spot,True,True,0.8360933941199535,True,0.947190115583898,0.04283835803670156,0.05779400654746915,0.8865336431679626,False,0.11777600637704265
RegNetY008,Field-Test,97135339-c428-4fec-9805-718d83ef7fcf___GCREC_Bact.Sp 5722.JPG,Tomato___Bacterial_spot,Tomato___Bacterial_spot,True,True,0.0,False,0.3846460459183674,0.0,0.16569948186528496,0.0,False,0.15272241709183673
RegNetY008,Field-Test,Bs47_change_90.jpg,Tomato___Bacterial_spot,Tomato___Bacterial_spot,True,True,0.7461689403306111,True,0.9447987245914707,0.04103362485710848,0.07998410034449253,0.6875417133469659,False,0.05918692706257473
RegNetY008,Field-Test,Bs98_mirror.jpg,Tomato___Bacterial_spot,Tomato___Late_blight,False,True,0.7593293090882757,True,0.8955759266640095,0.28364467775492,0.17934491467054411,2.0828375987866616,True,0.6516540454364289
RegNetY008,Field-Test,e99d601c-2ff0-4029-84c9-74e17fae209f___GCREC_Bact.Sp 6259.JPG,Tomato___Bacterial_spot,Tomato___Bacterial_spot,True,True,0.5814822311330364,False,0.5542048624950179,0.015833895446728363,0.018553741252467254,1.467640977572908,False,0.11060183339976086
RegNetY008,Field-Test,49c8f57f-3418-45db-b807-6192c20dfc6a___RS_Erly.B 7784_180deg.JPG,Tomato___Early_blight,Tomato___Late_blight,False,True,0.8810041470680463,True,0.7724192905540056,0.4247337864306269,0.19442882698696654,2.479580432994807,True,0.4121163810282981
RegNetY008,Field-Test,Early Blight_21.jpg,Tomato___Early_blight,Tomato___Early_blight,True,True,0.8539933503207113,True,0.7829117705636327,0.7007151414481755,0.25152922779745207,3.2621096540224217,True,0.73770165305716
RegNetY008,Field-Test,30901e71-e656-4e7e-b3ec-0f813c307b88___RS_Erly.B 9396.JPG,Tomato___Early_blight,Tomato___Early_blight,True,True,0.6981712836249581,False,0.7953821656050956,0.030605150243087628,0.14052212082707635,0.3119520458183859,False,0.34335191082802546
RegNetY008,Field-Test,54e98d19-a7a0-44d8-a004-1eaee5f3610b___RS_Erly.B 7348_180deg.JPG,Tomato___Early_blight,Tomato___Early_blight,True,True,0.0,False,0.37264827806122447,0.0,0.09616001711412986,0.0,False,0.10754145408163265
RegNetY008,Field-Test,Early Blight_171.jpg,Tomato___Early_blight,Tomato___healthy,False,True,0.28845248220444997,False,0.2128337983260263,,0.0,,,
RegNetY008,Field-Test,Early Blight_127.jpg,Tomato___Early_blight,Tomato___Early_blight,True,True,0.7899974950106404,True,0.6458748505380629,0.4846405523541853,0.2119009890169936,2.8950832258837655,True,0.5087684336389
RegNetY008,Field-Test,99ea67c9-4c24-40b3-8a62-88233a53dc4a___RS_Erly.B 7522_180deg.JPG,Tomato___Early_blight,Tomato___Early_blight,True,True,0.8938371160220494,True,0.8917895575926664,0.2988491422664623,0.15731737721266517,2.1252838005326478,True,0.5187325627740136
RegNetY008,Field-Test,EB_(594).JPG,Tomato___Early_blight,Tomato___Early_blight,True,True,0.0,False,0.5130739795918368,0.0,0.15549254195152268,0.0,False,0.23553093112244897
RegNetY008,Field-Test,ebbdadc5-972c-45fb-a6c2-99e8015cf4a9___RS_Late.B 5479.JPG,Tomato___Late_blight,Tomato___Late_blight,True,True,0.4428551156759933,True,0.5131526504583499,0.006746235526512001,0.04572630646589903,0.33314531543638354,False,0.03248306098047031
RegNetY008,Field-Test,a5278b93-6815-488a-b359-27edb3ff7220___RS_Late.B 5381.JPG,Tomato___Late_blight,Tomato___Late_blight,True,True,1.4381478839033196e-05,False,0.4748684630102041,0.0,0.15159273093549336,0.0,False,0.12942442602040816
RegNetY008,Field-Test,2e5a8b76-c1d5-432c-bbde-7589e087b120___GHLB2 Leaf 8976_flipLR.JPG,Tomato___Late_blight,Tomato___Late_blight,True,True,0.12771017585189368,False,0.11060183339976086,2.4859952536409887e-05,0.025761912779929282,0.007556082424015892,False,0.0
RegNetY008,Field-Test,869168d7-a45c-40e6-888b-ad5ba94a657e___RS_Late.B 6193.JPG,Tomato___Late_blight,Tomato___Late_blight,True,True,0.6698927119622976,True,0.47768924302788845,0.0,0.01684751570531125,0.0,False,0.0
RegNetY008,Field-Test,960137a5-2b52-4349-8c33-cb8b7afed9eb___GHLB2 Leaf 8765.JPG,Tomato___Late_blight,Tomato___Late_blight,True,True,0.4599463711398986,True,0.4533678756476684,0.13413971376356557,0.09073630860199916,3.2141716897194765,True,0.22020725388601037
RegNetY008,Field-Test,a5f089d1-5a8e-4c1f-bcc2-c1154c28e824___GHLB2 Leaf 8926.JPG,Tomato___Late_blight,Tomato___Late_blight,True,True,0.2357048849366015,True,0.23311416616855948,0.004202028046503773,0.012596604393598247,1.4152620890967496,False,0.049013747758517634
RegNetY008,Field-Test,3fae9c64-18f0-4a67-9f97-554248bb1bed___GHLB_PS Leaf 24 Day 16_flipLR.jpg,Tomato___Late_blight,Tomato___Late_blight,True,True,0.19097966126945648,False,0.178158628935831,0.0314604506100821,0.10360633053705785,1.5899795100291005,False,0.08569151056197688
RegNetY008,Field-Test,LB_ (387).png,Tomato___Late_blight,Tomato___healthy,False,True,0.33139642333013786,False,0.013351933041052212,,0.0,,,
RegNetY008,Field-Test,Blm53_hight.jpg,Tomato___Leaf_Mold,Tomato___Leaf_Mold,True,True,0.8347110799228113,True,0.9930251096054205,0.009414682897002839,0.02262727844123193,0.49846790136310315,False,0.0
RegNetY008,Field-Test,d2c889b0-0223-4e09-9d9f-cdf019b65120___Crnl_L.Mold 8631.JPG,Tomato___Leaf_Mold,Tomato___Leaf_Mold,True,True,0.9815974899166687,True,0.8407643312101911,0.016754118057347615,0.0970622600567518,0.17584812125544017,False,0.1460987261146497
RegNetY008,Field-Test,6e8f1122-d902-408e-a33e-2d5514112e38___Crnl_L.Mold 6944.JPG,Tomato___Leaf_Mold,Tomato___Leaf_Mold,True,True,0.9999999999609375,True,0.22666214923469388,0.0,0.02637826431020839,0.0,False,0.022082270408163265
RegNetY008,Field-Test,ba913a0e-102c-4fc0-b617-22f85f9f6d31___Crnl_L.Mold 6504_180deg.JPG,Tomato___Leaf_Mold,Tomato___Leaf_Mold,True,True,0.9684655985755074,True,0.22813695790816327,0.0,0.004105879269677645,0.0,False,0.005560427295918368
RegNetY008,Field-Test,da6cc51a-6ba2-4b1d-aa4f-5d699860da6b___Crnl_L.Mold 6767_180deg.JPG,Tomato___Leaf_Mold,Tomato___Leaf_Mold,True,True,0.4796975618875542,True,0.40334794738939816,0.1590666647910118,0.22170767004341535,1.495653343300277,True,0.2714228776404942
RegNetY008,Field-Test,f3b8f9e3-6c47-4797-9da6-d8b09e19048c___Crnl_L.Mold 9023_flipTB.JPG,Tomato___Leaf_Mold,Tomato___Leaf_Mold,True,True,0.19410873243807844,True,0.18333997608609007,2.058762968009719e-05,0.029440832249674902,0.0036025597414574852,False,0.0
RegNetY008,Field-Test,28d202ba-1fd8-4200-9727-ad3d977d58f9___Crnl_L.Mold 6758.JPG,Tomato___Leaf_Mold,Tomato___Leaf_Mold,True,True,0.0,False,0.45571588010204084,0.0,0.09341380215166623,0.0,False,0.14048549107142858
RegNetY008,Field-Test,cd0904a9-a70f-487c-bcc3-18b26a574837___Crnl_L.Mold 8803.JPG,Tomato___Leaf_Mold,Tomato___Septoria_leaf_spot,False,True,0.9526830918809892,True,0.35678411989795916,0.00989586560733323,0.06362417606971288,0.16326126599820506,False,0.07206632653061225
RegNetY008,Field-Test,f313bc43-c255-4921-acf9-335322107c45___Keller.St_CG 1864.JPG,Tomato___Septoria_leaf_spot,Tomato___Septoria_leaf_spot,True,True,0.9229547855299889,True,0.928856117975289,0.07090100973655919,0.15519208824648156,0.49499682953415536,False,0.21104025508170585
RegNetY008,Field-Test,img_6564_jpg.rf.904f99409fa1be959893d51c796cf8e6.jpg,Tomato___Septoria_leaf_spot,Tomato___Septoria_leaf_spot,True,True,0.39736020353602575,True,0.33798326026305303,0.024592086265550695,0.06383592373017144,0.969495632571245,False,0.012355520127540853
RegNetY008,Field-Test,Gls7_change_270.jpg,Tomato___Septoria_leaf_spot,Tomato___Septoria_leaf_spot,True,True,0.963280429077658,True,0.965524113192507,,0.0,,,
RegNetY008,Field-Test,Gls18.jpg,Tomato___Septoria_leaf_spot,Tomato___Septoria_leaf_spot,True,True,0.9907290269743744,True,1.0,0.016890113320811403,0.009438884409239671,1.806163278688186,False,0.1464726982861698
RegNetY008,Field-Test,Tomato-leaf-spot2_jpg.rf.b8bbe3d9e0eba5802681c933904680c8.jpg,Tomato___Septoria_leaf_spot,Tomato___Septoria_leaf_spot,True,True,0.9697643207368452,True,0.9756875249103228,0.4945462587078771,0.26301808522251735,1.9388986457948378,True,0.6656038262255879
RegNetY008,Field-Test,1f55c2e9-67b2-4377-a426-4932a77c3439___Matt.S_CG 7778_180deg.JPG,Tomato___Septoria_leaf_spot,Tomato___Septoria_leaf_spot,True,True,0.8244717797108148,True,0.6835392586687924,0.0542491073272506,0.17619688305863887,0.3734380613067577,False,0.24252690314866482
RegNetY008,Field-Test,SS_ (864).jpg,Tomato___Septoria_leaf_spot,Tomato___Septoria_leaf_spot,True,True,0.970918720475521,True,0.3987563775510204,0.053814907288539826,0.041283486605357855,1.342589829425077,True,0.06507095025510204
RegNetY008,Field-Test,0edb366d-1253-4498-a05a-8f666405edc6___Matt.S_CG 7862_180deg.JPG,Tomato___Septoria_leaf_spot,Tomato___Septoria_leaf_spot,True,True,0.9845196287170206,True,0.4569515306122449,0.04537970945328406,0.05983949755757153,0.7702813686526445,False,0.09612165178571429
RegNetY008,Field-Test,4024f51d-f79c-44dc-8ab9-61adf6005644___Com.G_SpM_FL 1248.JPG,Tomato___Spider_mites Two-spotted_spider_mite,Tomato___Spider_mites Two-spotted_spider_mite,True,True,0.6640524631421117,True,0.6817457154244719,0.04484492148112036,0.03143063583815029,2.1486105762835237,False,0.26464726982861697
RegNetY008,Field-Test,2cfa680e-a8f9-43b5-856d-cb8fe9607a73___Com.G_SpM_FL 9334_180deg.JPG,Tomato___Spider_mites Two-spotted_spider_mite,Tomato___Spider_mites Two-spotted_spider_mite,True,True,0.45317046033222824,True,0.5364541832669323,0.23179406056017846,0.1315456197345961,3.88834077255863,True,0.3695219123505976
RegNetY008,Field-Test,e4f581da-1a38-430b-9a91-fe00308afd4f___Com.G_SpM_FL 9469.JPG,Tomato___Spider_mites Two-spotted_spider_mite,Tomato___Spider_mites Two-spotted_spider_mite,True,True,0.34868170294922307,True,0.3210442407333599,0.003954853666924054,0.03506650544135429,0.3234512040224483,False,0.021522518931845355
RegNetY008,Field-Test,e296dcef-fb0f-4c22-856d-6918232d6682___Com.G_SpM_FL 1246.JPG,Tomato___Spider_mites Two-spotted_spider_mite,Tomato___Spider_mites Two-spotted_spider_mite,True,True,0.8248035544390164,True,0.934037465125548,0.028453255883887668,0.08412931667891256,0.4100474205262637,True,0.16779593463531287
RegNetY008,Field-Test,72ea3559-17ea-4441-8188-bc561e66ff06___Com.G_SpM_FL 1400.JPG,Tomato___Spider_mites Two-spotted_spider_mite,Tomato___Spider_mites Two-spotted_spider_mite,True,True,0.5355821575717923,True,0.5093662813870068,0.04123475294493576,0.05120063504663624,1.5037025935817023,True,0.15444400159426067
RegNetY008,Field-Test,22219bbe-58a4-4818-b080-05ac837ef496___Com.G_SpM_FL 1261.JPG,Tomato___Spider_mites Two-spotted_spider_mite,Tomato___Spider_mites Two-spotted_spider_mite,True,True,0.1489394502722591,False,0.15803108808290156,0.009586236207524808,0.06578410217530764,0.9784022157923506,False,0.047429254683140694
RegNetY008,Field-Test,87457821-e967-41c9-bda0-4e375fdeaa59___Com.G_SpM_FL 1609.JPG,Tomato___Spider_mites Two-spotted_spider_mite,Tomato___Spider_mites Two-spotted_spider_mite,True,True,0.6344674532377729,True,0.8844161020326824,0.006112220518106026,0.03055260361317747,0.3153126831390344,False,0.05918692706257473
RegNetY008,Field-Test,d05b2e21-1ba0-473a-889b-2a438dadac39___Com.G_SpM_FL 8750.JPG,Tomato___Spider_mites Two-spotted_spider_mite,Tomato___Spider_mites Two-spotted_spider_mite,True,True,0.45630740707034845,True,0.41889198884017537,0.0050347697696615555,0.018807339449541285,0.5866711530052233,True,0.027500996412913512
RegNetY008,Field-Test,fc089812-4537-413d-bade-e028fe9edac4___Com.G_TgS_FL 8255.JPG,Tomato___Target_Spot,Tomato___Target_Spot,True,True,0.9221988646122157,True,0.9326424870466321,0.0735383472807393,0.13649101598988955,0.5842318314432542,False,0.11219609406137904
RegNetY008,Field-Test,6109be79-316c-4075-9a0f-556cde1c0977___Com.G_TgS_FL 0727.JPG,Tomato___Target_Spot,Tomato___Target_Spot,True,True,0.9425432931198218,True,0.8166600239139099,0.13525865040342672,0.1398287119477656,1.0262835911858041,False,0.47249900358708646
RegNetY008,Field-Test,bfd0d33e-8230-4571-8e53-7059a4759653___Com.G_TgS_FL 0787.JPG,Tomato___Target_Spot,Tomato___Target_Spot,True,True,0.9961141161886965,True,0.9950238853503185,0.12625431889962943,0.03336003662165255,3.799361608625749,True,0.3218550955414013
RegNetY008,Field-Test,23bc8a9f-5b65-4e12-96f5-fe706f31b32e___Com.G_TgS_FL 8171.JPG,Tomato___Target_Spot,Tomato___Target_Spot,True,True,0.894545743593027,True,0.9573535273017139,0.0522280178795103,0.06071995764955003,0.9615448154351883,True,0.2297728178557194
RegNetY008,Field-Test,22a3ebce-e4fe-48a6-b503-229da56ac0d8___Com.G_TgS_FL 7917.JPG,Tomato___Target_Spot,Tomato___Target_Spot,True,True,0.898494237120691,True,0.8106815464328417,0.02996299610832208,0.04481287655569726,0.7441613664263332,False,0.1925069748903946
RegNetY008,Field-Test,4dfda385-7a48-4280-915b-28812f9fc574___Com.G_TgS_FL 0741_flipTB.JPG,Tomato___Target_Spot,Tomato___Target_Spot,True,True,0.97144353590357,True,0.9796731765643683,0.033705941163680114,0.03046883381611415,1.1387622543702456,False,0.18254284575528099
RegNetY008,Field-Test,b535d475-5112-432a-9309-57e97813b6ae___Com.G_TgS_FL 1028.JPG,Tomato___Target_Spot,Tomato___Target_Spot,True,True,0.9107239568121245,True,0.8148664806695894,0.10247120405123918,0.06205123659250066,1.8132790234083735,False,0.3146671980868872
RegNetY008,Field-Test,3af60900-f42e-490e-a5ff-94c410e856d9___Com.G_TgS_FL 0804_newPixel25.JPG,Tomato___Target_Spot,Tomato___Target_Spot,True,True,0.4571488678029004,True,0.5217218015145476,0.00858264060996145,0.04121022430881586,0.4555733388731317,False,0.05181347150259067
RegNetY008,Field-Test,Curl_110.jpg,Tomato___Tomato_Yellow_Leaf_Curl_Virus,Tomato___Early_blight,False,True,0.4939605643185312,True,0.4351464435146444,0.23637256039184096,0.23134461264470169,2.0684517319054305,True,0.254433154014744
RegNetY008,Field-Test,f2d61698-7005-4449-a2ac-e0750f8d9615___YLCV_GCREC 2784.JPG,Tomato___Tomato_Yellow_Leaf_Curl_Virus,Tomato___Tomato_Yellow_Leaf_Curl_Virus,True,True,0.9995006685214248,True,1.0,0.094581321457637,0.030449452243095764,3.1077265931477207,False,0.2887604623355919
RegNetY008,Field-Test,a5416516-80f0-4004-88f6-186b79696707___UF.GRC_YLCV_Lab 01840.JPG,Tomato___Tomato_Yellow_Leaf_Curl_Virus,Tomato___Tomato_Yellow_Leaf_Curl_Virus,True,True,0.9758324547675242,True,1.0,0.0031964285276167514,0.0047099421749673565,0.6954632164257765,False,0.023515344758868077
RegNetY008,Field-Test,cad14233-257e-4942-876b-25e4911fc1cf___YLCV_NREC 2036.JPG,Tomato___Tomato_Yellow_Leaf_Curl_Virus,Tomato___Tomato_Yellow_Leaf_Curl_Virus,True,True,0.997672898173576,True,1.0,0.33407509455258644,0.29002095760116076,1.1545866804112677,True,0.6275408529294539
RegNetY008,Field-Test,e28c69d4-9035-4c1f-a1e5-08b969ddbb32___UF.GRC_YLCV_Lab 01740.JPG,Tomato___Tomato_Yellow_Leaf_Curl_Virus,Tomato___Tomato_Yellow_Leaf_Curl_Virus,True,True,0.9973663562327723,True,1.0,0.0031251199638445545,0.004975978037062457,0.6296997548098613,False,0.0039856516540454365
RegNetY008,Field-Test,a59f7637-08fc-4ffc-9c42-e618eabd1bcc___UF.GRC_YLCV_Lab 01621.JPG,Tomato___Tomato_Yellow_Leaf_Curl_Virus,Tomato___Tomato_Yellow_Leaf_Curl_Virus,True,True,0.9766783725489998,True,1.0,0.001478918150388745,0.0063126624582250275,0.23987224519695907,False,0.0
RegNetY008,Field-Test,78231f4b-f77d-4ef8-84d0-b1a2f2fbfdcf___UF.GRC_YLCV_Lab 09447.JPG,Tomato___Tomato_Yellow_Leaf_Curl_Virus,Tomato___Tomato_Yellow_Leaf_Curl_Virus,True,True,0.903707689516763,True,0.9962136309286569,0.009060468047831366,0.01248994907531493,0.8027161262164552,False,0.0
RegNetY008,Field-Test,ed864a58-8a10-451c-9a65-c12a71b6c10a___UF.GRC_YLCV_Lab 01425.JPG,Tomato___Tomato_Yellow_Leaf_Curl_Virus,Tomato___Tomato_Yellow_Leaf_Curl_Virus,True,True,0.9867588900487354,True,1.0,0.000629411463813546,0.005408107616796946,0.11794465809995885,False,0.0
RegNetY008,Field-Test,3cb6ee9b-8550-4216-bde5-814807add4e5___PSU_CG 2395.JPG,Tomato___Tomato_mosaic_virus,Tomato___Tomato_mosaic_virus,True,True,0.4712497936631149,True,0.46133917895575927,0.0004158277752459828,0.14337746025075296,0.006154339335022278,False,0.005380629732961339
RegNetY008,Field-Test,aab31aa2-ac8f-46a1-9b9b-7b728a776e8d___PSU_CG 2250.JPG,Tomato___Tomato_mosaic_virus,Tomato___Tomato_mosaic_virus,True,True,0.8265734407639418,True,0.8128736548425668,0.034022572781144254,0.03771805752003772,1.0912804795982947,False,0.14826624153049023
RegNetY008,Field-Test,8babd25a-f124-4d1f-a57a-5db347b34f0d___PSU_CG 2355.JPG,Tomato___Tomato_mosaic_virus,Tomato___Tomato_mosaic_virus,True,True,0.0,False,0.4019052933673469,0.0,0.036596251115739366,0.0,False,0.06357621173469388
RegNetY008,Field-Test,feabce4c-9bb1-4fca-bcbf-368cacd40a68___PSU_CG 2115.JPG,Tomato___Tomato_mosaic_virus,Tomato___Tomato_mosaic_virus,True,True,0.9283323462156057,True,0.9852530888800319,0.0010279510236665607,0.026832298136645963,0.041267776478780285,False,0.016141889198884016
RegNetY008,Field-Test,f833998e-f306-4f40-b702-3d4ab8f4ad27___PSU_CG 2331.JPG,Tomato___Tomato_mosaic_virus,Tomato___Tomato_mosaic_virus,True,True,0.6463080216574391,True,0.6938247011952191,0.003928782231550748,0.006084859116324964,0.999005509525062,False,0.011553784860557768
RegNetY008,Field-Test,5c049070-cf7f-4508-8e61-c5efb64bca3c___PSU_CG 2326.JPG,Tomato___Tomato_mosaic_virus,Tomato___Tomato_mosaic_virus,True,True,0.9452610031378267,True,1.0,0.007790131892729755,0.013729372937293729,0.6002640956748914,False,0.03407732164208848
RegNetY008,Field-Test,c5132603-ce86-45c0-b9f9-d35c07f4057f___PSU_CG 2256.JPG,Tomato___Tomato_mosaic_virus,Tomato___Tomato_mosaic_virus,True,True,0.5700395349953505,False,0.6600239139099243,0.0040005353589720625,0.017861367400047314,0.39291484033816126,False,0.0
RegNetY008,Field-Test,76d665fa-6aec-4c47-adac-069107b3cf46___PSU_CG 2268.JPG,Tomato___Tomato_mosaic_virus,Tomato___Tomato_mosaic_virus,True,True,0.9462201135321683,True,0.9814667198086887,0.010478146322792046,0.01362954886193267,0.8124764890416974,False,0.08330011956954962
RegNetY008,Field-Test,Healthy_314.jpg,Tomato___healthy,Tomato___healthy,True,True,0.550273280996468,False,0.5290952570745316,,0.0,,,
RegNetY008,Field-Test,Healthy_307.jpg,Tomato___healthy,Tomato___healthy,True,True,0.8189614566837746,True,0.8870067756078118,,0.0,,,
RegNetY008,Field-Test,Healthy_143.jpg,Tomato___healthy,Tomato___healthy,True,True,0.6997317723112448,True,1.0,,0.0,,,
RegNetY008,Field-Test,Healthy_106.jpg,Tomato___healthy,Tomato___healthy,True,True,0.06488813383087576,False,0.0,,0.0,,,
RegNetY008,Field-Test,Healthy_9.jpg,Tomato___healthy,Tomato___healthy,True,True,0.05107398816018559,False,0.014149063371861299,,0.0,,,
RegNetY008,Field-Test,Healthy_363.jpg,Tomato___healthy,Tomato___healthy,True,True,0.12596108801028105,False,0.0,,0.0,,,
RegNetY008,Field-Test,Healthy_184.jpg,Tomato___healthy,Tomato___healthy,True,True,0.6785052422191629,True,0.7664408130729374,,0.0,,,
RegNetY008,Field-Test,Healthy_72.jpg,Tomato___healthy,Tomato___healthy,True,True,0.9342183184403009,True,0.9836588282184137,,0.0,,,
EfficientNetB7,PV-Test,a8c12fae-22eb-46c8-a7dc-374225d050ba___GCREC_Bact.Sp 3122.JPG,Tomato___Bacterial_spot,Tomato___Bacterial_spot,True,True,0.810490395850146,True,0.9525707453168593,0.011575019158380186,0.013243335611756665,1.078391511173121,False,0.07572738142686329
EfficientNetB7,PV-Test,d9a91bb5-35d8-459c-8c04-8a155bc6a158___GCREC_Bact.Sp 5592.JPG,Tomato___Bacterial_spot,Tomato___Bacterial_spot,True,True,0.789516265882828,True,0.9952172180151455,0.04650071238872366,0.056326226608323246,1.0456536706186663,True,0.2722200079713033
EfficientNetB7,PV-Test,aaa27c3b-ff24-4d91-9c0c-fe68862ab77e___GCREC_Bact.Sp 3616.JPG,Tomato___Bacterial_spot,Tomato___Bacterial_spot,True,True,0.7814214954866449,True,0.8457552809884417,0.04409670407609128,0.055922124470511564,1.0091067579811468,True,0.22937425269031486
EfficientNetB7,PV-Test,4ceb9395-b11a-4290-bfc4-db6afe8ad21e___UF.GRC_BS_Lab Leaf 0806.JPG,Tomato___Bacterial_spot,Tomato___Bacterial_spot,True,True,0.7614427310534783,True,0.9543642885611797,0.08394882676433378,0.11991916593946632,0.9193667366336027,False,0.15823037066560383
EfficientNetB7,PV-Test,1838f883-5e4b-4b24-bf4b-77d4a82f5f46___GCREC_Bact.Sp 6335.JPG,Tomato___Bacterial_spot,Tomato___Bacterial_spot,True,True,0.789295538357307,True,0.9982064567556795,0.027105690146583383,0.036670876703976306,0.9364822035420645,False,0.012554802710243125
EfficientNetB7,PV-Test,bab7f756-d2e7-483e-8155-2bead1b5f4ce___GCREC_Bact.Sp 6313.JPG,Tomato___Bacterial_spot,Tomato___Bacterial_spot,True,True,0.770302794894337,True,0.9982064567556795,0.05609855349604056,0.08289775332416323,0.8785114554852678,False,0.02610601833399761
EfficientNetB7,PV-Test,1b3ccbf3-c1e1-476e-b34a-6af0a6fbb349___GCREC_Bact.Sp 3735.JPG,Tomato___Bacterial_spot,Tomato___Bacterial_spot,True,True,0.8982202068250102,True,1.0,0.07563544205029618,0.075647961751384,1.1131284877432832,False,0.30091669988043046
EfficientNetB7,PV-Test,fca8f33c-6416-4ef3-91e8-8ea21346f242___GCREC_Bact.Sp 3018.JPG,Tomato___Bacterial_spot,Tomato___Bacterial_spot,True,True,0.8861404774404753,True,1.0,0.031398110067116826,0.03617865149163649,0.9793739711579855,False,0.027899561578318056
EfficientNetB7,PV-Test,c0caae76-1327-4d16-95dd-138603f7573b___RS_Erly.B 8362.JPG,Tomato___Early_blight,Tomato___Early_blight,True,True,0.7130606327360777,True,0.8688720605819051,0.4226675627576811,0.25640815658013266,2.3117487048372167,True,0.8840175368672778
EfficientNetB7,PV-Test,22b653c4-9e15-4081-8ece-9b5950a94120___RS_Erly.B 7814.JPG,Tomato___Early_blight,Tomato___Early_blight,True,True,0.5985079114508892,True,0.7789956157831806,0.14899916086257012,0.11864406779661017,2.098301536370628,True,0.5408529294539657
EfficientNetB7,PV-Test,257ffdcb-bd8b-4d18-98cc-e63a118155ea___RS_Erly.B 9520.JPG,Tomato___Early_blight,Tomato___Early_blight,True,True,0.8649379569629522,True,0.9998007174172977,0.1508393669478325,0.08769158519404005,1.9887116784800212,True,0.5215225189318453
EfficientNetB7,PV-Test,1cebc4a1-5fb6-4168-8e18-e2973ef6d18f___RS_Erly.B 9552.JPG,Tomato___Early_blight,Tomato___Early_blight,True,True,0.556539042573803,True,0.5731367078517338,0.03297158232556365,0.1068386965169055,0.5545179031734506,False,0.11857313670785173
EfficientNetB7,PV-Test,9e8f1cbd-f128-47f3-b90d-9c8dc1efcb78___RS_Erly.B 7425.JPG,Tomato___Early_blight,Tomato___Early_blight,True,True,0.5764772595548371,True,0.7827819848545237,0.02935311292732707,0.04844847775175644,1.0509737020742185,False,0.1357114388202471
EfficientNetB7,PV-Test,620df2cc-834d-48b9-b9a8-11da26395739___RS_Erly.B 9557.JPG,Tomato___Early_blight,Tomato___Early_blight,True,True,0.8352194370964703,True,1.0,0.19428227673224854,0.19187165040538684,1.2123325909152913,True,0.7413312076524512
EfficientNetB7,PV-Test,c83d0821-505b-4270-acd7-1a5c79f671b4___RS_Erly.B 7629.JPG,Tomato___Early_blight,Tomato___Early_blight,True,True,0.74996738224374,True,0.8664806695894779,0.01694351267410646,0.015398846446838612,1.4671444941287877,False,0.1500597847748107
EfficientNetB7,PV-Test,25b96058-36c9-4213-bb16-088e76cb30b1___RS_Erly.B 9417.JPG,Tomato___Early_blight,Tomato___Early_blight,True,True,0.882580583353663,True,1.0,0.25468387060876985,0.19871908913004804,1.4521366443811634,True,0.7606616181745716
EfficientNetB7,PV-Test,f8024ad7-ded1-42aa-ab6d-139f7069d10e___RS_Late.B 7157.JPG,Tomato___Late_blight,Tomato___Late_blight,True,True,0.7186442505548164,True,0.8208449581506576,0.07681494645006244,0.09907565287624517,1.0788593601824932,True,0.2532881626145875
EfficientNetB7,PV-Test,5be6f633-9ae7-40b9-b1aa-f92a1ab919fb___RS_Late.B 5011.JPG,Tomato___Late_blight,Tomato___Late_blight,True,True,0.8647772661166788,True,0.951574332403348,0.29115625803555917,0.22739951529562394,1.480581540647124,True,0.6090075727381427
EfficientNetB7,PV-Test,4ceb4156-66d9-4405-9472-82a35f0fa245___GHLB2 Leaf 8662.JPG,Tomato___Late_blight,Tomato___Late_blight,True,True,0.8094721563634858,True,0.8206456755679553,,0.0,,,
EfficientNetB7,PV-Test,efe3a784-f4d6-4635-bef8-c81fffeee36b___GHLB2 Leaf 8651.JPG,Tomato___Late_blight,Tomato___Late_blight,True,True,0.9200980793985175,True,0.9583499402152252,0.02066847340905087,0.020621038273288934,1.0893407449354793,False,0.10302909525707453
EfficientNetB7,PV-Test,d56280c8-1442-476c-bdc8-8bb99edad8dd___GHLB2 Leaf 8847.JPG,Tomato___Late_blight,Tomato___Late_blight,True,True,0.8345562498820587,True,0.9683140693503388,0.17476843234797115,0.0742626404494382,2.819921313825797,False,0.4719011558389797
EfficientNetB7,PV-Test,a4008f85-d333-4ca8-87c2-e8c9c68ed19a___RS_Late.B 6461.JPG,Tomato___Late_blight,Tomato___Late_blight,True,True,0.9322852924548977,True,0.9721004384216819,0.5004974072234256,0.3281767955801105,1.6358562173909077,True,0.686927062574731
EfficientNetB7,PV-Test,0ac3df5b-d713-42ef-b0ad-20b5410237ad___RS_Late.B 4969.JPG,Tomato___Late_blight,Tomato___Late_blight,True,True,0.4434651718397803,False,0.49601434834595454,0.08656165764394015,0.13517694836588667,1.4439874176282912,False,0.25009964129135115
EfficientNetB7,PV-Test,8a2f5ea2-51e1-493d-93ff-61faa8221754___RS_Late.B 7069.JPG,Tomato___Late_blight,Tomato___Late_blight,True,True,0.5568707161045626,False,0.6773614986050219,,0.0,,,
EfficientNetB7,PV-Test,d76eb906-9957-4572-bf7f-60936f30f8f3___Crnl_L.Mold 8640.JPG,Tomato___Leaf_Mold,Tomato___Leaf_Mold,True,True,0.9498582176489948,True,1.0,0.061097315336472384,0.10219619326500733,0.6294027326362867,False,0.27919489836588285
EfficientNetB7,PV-Test,b1b88c75-6e10-4dfe-b959-84f3db648a39___Crnl_L.Mold 6632.JPG,Tomato___Leaf_Mold,Tomato___Leaf_Mold,True,True,0.8771520415615439,True,1.0,0.009120593396794774,0.044639947865754315,0.23292952320940746,False,0.0
EfficientNetB7,PV-Test,ba913a0e-102c-4fc0-b617-22f85f9f6d31___Crnl_L.Mold 6504.JPG,Tomato___Leaf_Mold,Tomato___Leaf_Mold,True,True,0.9681623925013637,True,0.8337983260263053,,0.0,,,
EfficientNetB7,PV-Test,bf7b77e1-6438-45ee-b226-cb69b745a4bc___Crnl_L.Mold 8756.JPG,Tomato___Leaf_Mold,Tomato___Leaf_Mold,True,True,0.947361078759908,True,1.0,0.023610645305991853,0.034528838692990775,0.721789145566448,False,0.09924272618573136
EfficientNetB7,PV-Test,6e230511-861d-4ae8-8212-374417841b4c___Crnl_L.Mold 8894.JPG,Tomato___Leaf_Mold,Tomato___Leaf_Mold,True,True,0.9099096511205271,True,0.9784774810681547,0.020462128913964116,0.04338474451788899,0.5183409264607778,True,0.09605420486249502
EfficientNetB7,PV-Test,7e0d709c-7399-4cad-84d4-892854831ee7___Crnl_L.Mold 6694.JPG,Tomato___Leaf_Mold,Tomato___Leaf_Mold,True,True,0.9133849210767818,True,0.9942208051016341,0.08968446874385726,0.0928318907716689,1.057709015525083,True,0.2774013551215624
EfficientNetB7,PV-Test,9c42ac1e-d48f-4644-bf35-a9b0478330e2___Crnl_L.Mold 6709.JPG,Tomato___Leaf_Mold,Tomato___Leaf_Mold,True,True,0.9165751923890213,True,0.9922279792746114,0.02732971495297774,0.0391058012070452,0.762475362652262,False,0.11498605021921084
EfficientNetB7,PV-Test,81de0497-5011-4330-b2f1-b12c7b83576f___Crnl_L.Mold 7120.JPG,Tomato___Leaf_Mold,Tomato___Leaf_Mold,True,True,0.9305197207715626,True,1.0,0.008646797845012339,0.023294957247694068,0.3989034626771066,False,0.0023913909924272616
EfficientNetB7,PV-Test,60e32ab3-a35e-4de9-b23b-ab88a6cbe021___JR_Sept.L.S 8542.JPG,Tomato___Septoria_leaf_spot,Tomato___Septoria_leaf_spot,True,True,0.12352703082925397,False,0.09505779194898366,0.005195916180634756,0.09070294784580499,0.4637444574433325,False,0.018333997608609008
EfficientNetB7,PV-Test,ffe98ff9-be33-4e8f-82f0-7b7c21b02958___JR_Sept.L.S 8455.JPG,Tomato___Septoria_leaf_spot,Tomato___Septoria_leaf_spot,True,True,0.15429022454262772,False,0.11730730930093607,0.03386813533639309,0.19339013684482315,1.1350593087611514,False,0.09420434176458872
EfficientNetB7,PV-Test,2d640131-6b73-4b67-bb77-00266ff41bb8___JR_Sept.L.S 8531.JPG,Tomato___Septoria_leaf_spot,Tomato___Septoria_leaf_spot,True,True,0.6164979337003135,True,0.7128337983260263,0.01972325562834133,0.12059395948965616,0.26529033218225123,False,0.10223196492626545
EfficientNetB7,PV-Test,47540ec0-31bf-4ad5-84e9-601d0d0829e4___Matt.S_CG 6002.JPG,Tomato___Septoria_leaf_spot,Tomato___Septoria_leaf_spot,True,True,0.8225299558679573,True,0.8774412116381028,0.05210241323291672,0.05523446019629226,1.1468219625618292,True,0.12694300518134716
EfficientNetB7,PV-Test,aae2d0b1-30cb-4ba8-a017-f9051d38192b___JR_Sept.L.S 8464.JPG,Tomato___Septoria_leaf_spot,Tomato___Septoria_leaf_spot,True,True,7.04296237624279e-06,False,0.3129783163265306,0.0,0.09086856851757515,0.0,False,0.10130341198979592
EfficientNetB7,PV-Test,d2871bcd-6d69-4d4f-be2a-b11648666d55___Keller.St_CG 2015.JPG,Tomato___Septoria_leaf_spot,Tomato___Septoria_leaf_spot,True,True,0.7358987880768282,True,1.0,0.02623892782300062,0.0479907683953299,0.7429683159586004,True,0.1604224790753288
EfficientNetB7,PV-Test,c7c2e116-d4da-4b0f-a2dc-24d3ecedf587___Keller.St_CG 1846.JPG,Tomato___Septoria_leaf_spot,Tomato___Septoria_leaf_spot,True,True,0.8776020361713056,True,0.9635312873654842,0.3555707124787506,0.3106227663295567,1.3043528055581481,True,0.7497010761259466
EfficientNetB7,PV-Test,a90aa234-3af2-4fe7-b8eb-415427e16700___Matt.S_CG 2484.JPG,Tomato___Septoria_leaf_spot,Tomato___Septoria_leaf_spot,True,True,0.8376505045154373,True,1.0,0.6286145455239583,0.6712708397483834,1.1179536284909222,True,0.9988043045037863
EfficientNetB7,PV-Test,fbac63f2-cfbc-4c5c-a623-e40b1314fc83___Com.G_SpM_FL 8784.JPG,Tomato___Spider_mites Two-spotted_spider_mite,Tomato___Spider_mites Two-spotted_spider_mite,True,True,0.7796669541217962,True,0.997807891590275,0.07975599421472407,0.08318144997974888,1.2297808315669418,False,0.44240733359904344
EfficientNetB7,PV-Test,e1c88203-3d8b-410f-9d4b-d35c7a735ddf___Com.G_SpM_FL 1267.JPG,Tomato___Spider_mites Two-spotted_spider_mite,Tomato___Spider_mites Two-spotted_spider_mite,True,True,0.8912526605946667,True,1.0,0.010885676039700963,0.01781394325929184,0.6856374033149388,False,0.06317257871662017
EfficientNetB7,PV-Test,e872312d-c093-4320-992a-410031e3fa58___Com.G_SpM_FL 1571.JPG,Tomato___Spider_mites Two-spotted_spider_mite,Tomato___Spider_mites Two-spotted_spider_mite,True,True,0.8044911370126243,True,1.0,0.013001841213737675,0.013286934514394179,1.2163506720427395,False,0.0579912315663611
EfficientNetB7,PV-Test,2339bb0d-0389-46c0-9c13-dd5689506143___Com.G_SpM_FL 8516.JPG,Tomato___Spider_mites Two-spotted_spider_mite,Tomato___Spider_mites Two-spotted_spider_mite,True,True,0.782204732239301,True,1.0,0.10475539231695655,0.15912546531746447,0.8416204158749073,True,0.29752889597449184
EfficientNetB7,PV-Test,187be065-ec6f-4e93-a647-e7385dca9272___Com.G_SpM_FL 9305.JPG,Tomato___Spider_mites Two-spotted_spider_mite,Tomato___Spider_mites Two-spotted_spider_mite,True,True,0.6406649039500878,False,0.698684734954165,0.01673919949653694,0.02332199195793381,1.120309736308062,False,0.1151853328019131
EfficientNetB7,PV-Test,71c23873-073d-4ab2-a608-edaff9d2cda1___Com.G_SpM_FL 9499.JPG,Tomato___Spider_mites Two-spotted_spider_mite,Tomato___Spider_mites Two-spotted_spider_mite,True,True,0.5354863340572119,True,0.5866879234754883,0.003092559217109387,0.026980090553867145,0.21405542032701283,False,0.02630530091669988
EfficientNetB7,PV-Test,1f100e65-f5ab-4991-8665-f9fb28f5c0e2___Com.G_SpM_FL 1179.JPG,Tomato___Spider_mites Two-spotted_spider_mite,Tomato___Spider_mites Two-spotted_spider_mite,True,True,0.8698761415781575,True,1.0,0.031112353530236943,0.03864662767453913,0.9254731905703213,False,0.1145874850538063
EfficientNetB7,PV-Test,85247ca8-8c30-4c83-9315-0755cd4be8c2___Com.G_SpM_FL 9503.JPG,Tomato___Spider_mites Two-spotted_spider_mite,Tomato___Spider_mites Two-spotted_spider_mite,True,True,0.6329495553505781,True,0.6937026703866082,,0.0,,,
EfficientNetB7,PV-Test,939c6274-f21d-4d60-88db-c882d85d0b19___Com.G_TgS_FL 1025.JPG,Tomato___Target_Spot,Tomato___Target_Spot,True,True,0.6039837224833174,True,0.924471901155839,0.1381810268803842,0.24094693028095734,0.9495148989441524,False,0.5067756078118772
EfficientNetB7,PV-Test,b2bf7586-9182-403a-b639-2eb26a2440b4___Com.G_TgS_FL 9688.JPG,Tomato___Target_Spot,Tomato___Target_Spot,True,True,0.6304512911841548,True,0.9948186528497409,0.060684413998682754,0.06446670595167943,1.4931042935801146,True,0.4691111996811479
EfficientNetB7,PV-Test,4ab417ba-7f9c-44ee-a7d1-1cd78fe68b58___Com.G_TgS_FL 0046.JPG,Tomato___Target_Spot,Tomato___Target_Spot,True,True,0.7466023172674939,True,1.0,0.004758539701188522,0.005909310178485287,1.0785681138178667,False,0.06317257871662017
EfficientNetB7,PV-Test,8f2a090d-92c1-4bf4-8806-a15a6de7d304___Com.G_TgS_FL 8219.JPG,Tomato___Target_Spot,Tomato___Target_Spot,True,True,0.8168415960392602,True,0.9964129135113591,0.10154153351204374,0.12358742551880009,1.0058462180189096,False,0.23794340374651254
EfficientNetB7,PV-Test,9c35d282-72c1-458b-b430-2cefb43bebad___Com.G_TgS_FL 9883.JPG,Tomato___Target_Spot,Tomato___Target_Spot,True,True,0.6527527148248862,True,1.0,0.05048245614819336,0.061073170731707316,1.2663137486490867,False,0.22598644878437624
EfficientNetB7,PV-Test,3f56fdf7-aa72-42e5-9add-2ecdf310a32f___Com.G_TgS_FL 7959.JPG,Tomato___Target_Spot,Tomato___Target_Spot,True,True,0.701888669715021,True,0.9994021522518932,0.05239586189284839,0.10121457489878542,0.7375402080667944,False,0.036667995217218016
EfficientNetB7,PV-Test,99c0eb04-8170-42e3-9dcf-392415815f44___Com.G_TgS_FL 8309.JPG,Tomato___Target_Spot,Tomato___Target_Spot,True,True,0.7445452422925523,True,0.9992028696691909,0.11887422208063671,0.16013955516790232,0.9970064715410203,False,0.4824631327222001
EfficientNetB7,PV-Test,160f7688-821b-4d25-a867-62d0cf492777___Com.G_TgS_FL 0808.JPG,Tomato___Target_Spot,Tomato___Target_Spot,True,True,0.7749818018722885,True,0.9828616978876046,0.012132502128578703,0.025627786904482516,0.6108685514542513,False,0.07811877241929055
EfficientNetB7,PV-Test,be5ad5cb-4b22-46bb-bcc9-dcb86b64673f___YLCV_GCREC 5290.JPG,Tomato___Tomato_Yellow_Leaf_Curl_Virus,Tomato___Tomato_Yellow_Leaf_Curl_Virus,True,True,0.6608453888134506,True,0.9264647269828618,0.1481786206556129,0.20412014467683598,1.0984993804606704,True,0.5888800318852132
EfficientNetB7,PV-Test,d8da67f2-2a7e-4b78-9069-169cd2867d82___UF.GRC_YLCV_Lab 01424.JPG,Tomato___Tomato_Yellow_Leaf_Curl_Virus,Tomato___Tomato_Yellow_Leaf_Curl_Virus,True,True,0.8481003512896795,True,1.0,0.0012464368589498594,0.0018722901064249114,0.7849642858262729,False,0.0
EfficientNetB7,PV-Test,a5e84295-fbcc-4353-af35-59aca809604f___UF.GRC_YLCV_Lab 01898.JPG,Tomato___Tomato_Yellow_Leaf_Curl_Virus,Tomato___Tomato_Yellow_Leaf_Curl_Virus,True,True,0.9717153166087983,True,1.0,0.008676353813983963,0.012899855328725285,0.6921709460529003,False,0.0
EfficientNetB7,PV-Test,88c24e1f-e1a5-4803-8eee-99f06ae0a059___UF.GRC_YLCV_Lab 01716.JPG,Tomato___Tomato_Yellow_Leaf_Curl_Virus,Tomato___Tomato_Yellow_Leaf_Curl_Virus,True,True,0.8574600810468991,True,1.0,0.004114446955065763,0.008548047318100794,0.5613460091450732,False,0.003786369071343165
EfficientNetB7,PV-Test,4258a0bb-8c13-4ef0-b9bf-b3cfb6ffab4b___UF.GRC_YLCV_Lab 03253.JPG,Tomato___Tomato_Yellow_Leaf_Curl_Virus,Tomato___Tomato_Yellow_Leaf_Curl_Virus,True,True,0.8446754862195701,True,0.9812674372259864,0.029964978615621772,0.08515362767880197,0.4166015939942714,False,0.06038262255878836
EfficientNetB7,PV-Test,3ec5af5c-981d-4f81-82d4-bb91c0cb07ac___YLCV_GCREC 5121.JPG,Tomato___Tomato_Yellow_Leaf_Curl_Virus,Tomato___Tomato_Yellow_Leaf_Curl_Virus,True,True,0.9170089935936034,True,1.0,0.021038155044375336,0.026261063016878656,0.8736183638267907,False,0.04364288561179753
EfficientNetB7,PV-Test,2f3ee17d-5e55-4681-bdc2-4f66e2c582cd___YLCV_NREC 2934.JPG,Tomato___Tomato_Yellow_Leaf_Curl_Virus,Tomato___Tomato_Yellow_Leaf_Curl_Virus,True,True,0.9004222877763478,True,1.0,0.4039923646489165,0.38142349438094325,1.1763037463299444,False,0.9308489438023116
EfficientNetB7,PV-Test,3ba3682a-ae6e-4b3b-9209-e3164f00b6fe___UF.GRC_YLCV_Lab 08544.JPG,Tomato___Tomato_Yellow_Leaf_Curl_Virus,Tomato___Tomato_Yellow_Leaf_Curl_Virus,True,True,0.8578479477175829,True,1.0,0.010540226617692317,0.015878843506195502,0.7737858136969812,False,0.0
EfficientNetB7,PV-Test,2324b02b-1f9d-46a2-82f2-23856019d516___PSU_CG 2382.JPG,Tomato___Tomato_mosaic_virus,Tomato___Tomato_mosaic_virus,True,True,0.7409710299849886,True,1.0,0.021625774951320457,0.024956100675783535,1.1694824844690705,False,0.11219609406137904
EfficientNetB7,PV-Test,696758e5-0f10-4599-b596-e9e7566c4791___PSU_CG 2062.JPG,Tomato___Tomato_mosaic_virus,Tomato___Tomato_mosaic_virus,True,True,0.45935843909844065,True,0.8611000398565165,0.03898587974758563,0.07527236711786069,1.1275091261569166,False,0.2044639298525309
EfficientNetB7,PV-Test,b2cb36e6-ff72-4518-b344-a6500af4fa40___PSU_CG 2332.JPG,Tomato___Tomato_mosaic_virus,Tomato___Tomato_mosaic_virus,True,True,0.6323261987943642,True,0.863690713431646,0.014998346757156795,0.030963613686893335,0.7660384585104782,False,0.0005978477481068154
EfficientNetB7,PV-Test,1170f108-86a3-4bc6-8a06-c82e55178f91___PSU_CG 2327.JPG,Tomato___Tomato_mosaic_virus,Tomato___Tomato_mosaic_virus,True,True,0.6583521009581834,True,0.9561578318055002,0.053514044260570555,0.11036445090204625,0.7365128709815922,False,0.13312076524511757
EfficientNetB7,PV-Test,a4453e9a-4ede-4377-be38-fd77e9bf16f0___PSU_CG 2308.JPG,Tomato___Tomato_mosaic_virus,Tomato___Tomato_mosaic_virus,True,True,0.7296502303114487,True,1.0,0.010628404015151739,0.031824832775919736,0.4577066270862307,False,0.0005978477481068154
EfficientNetB7,PV-Test,79f7f0e7-f4c8-4cf4-9c5d-2c4c4675fc04___PSU_CG 2147.JPG,Tomato___Tomato_mosaic_virus,Tomato___Tomato_mosaic_virus,True,True,0.6411366026482307,True,0.954563571143882,0.0030609498428853226,0.006809612246046486,0.7011053138082305,False,0.02510960542048625
EfficientNetB7,PV-Test,a142b58c-1713-4e17-a68c-96eaf4b5ae23___PSU_CG 2219.JPG,Tomato___Tomato_mosaic_virus,Tomato___Tomato_mosaic_virus,True,True,0.6406502212875315,True,0.8888003188521323,0.004552253075229612,0.005684969495285635,1.2499057869360861,False,0.05041849342367477
EfficientNetB7,PV-Test,6ebb483a-d1b6-4d7d-aad1-e717c2a36167___PSU_CG 2286.JPG,Tomato___Tomato_mosaic_virus,Tomato___Tomato_mosaic_virus,True,True,0.5976316009650713,True,0.9657233957752093,0.011881031660417374,0.02582520950914999,0.769797942746897,False,0.0
EfficientNetB7,PV-Test,c1aad9bf-ed08-4cb9-9ef0-8c0d4a3de010___GH_HL Leaf 319.JPG,Tomato___healthy,Tomato___healthy,True,True,0.8571209976637362,True,1.0,,0.0,,,
EfficientNetB7,PV-Test,316e62fa-d8a8-4451-80a8-a546c8c43511___RS_HL 9633.JPG,Tomato___healthy,Tomato___healthy,True,True,0.6203421158539096,True,0.8909924272618573,,0.0,,,
EfficientNetB7,PV-Test,9d447b38-bd33-46f0-880b-324481fbae19___RS_HL 0366.JPG,Tomato___healthy,Tomato___healthy,True,True,0.48076393874704665,True,0.7257871662016739,,0.0,,,
EfficientNetB7,PV-Test,7d1cbe82-bda7-498a-ac8f-f01a0e279940___RS_HL 9639.JPG,Tomato___healthy,Tomato___healthy,True,True,0.7221304005722758,True,0.9603427660422479,,0.0,,,
EfficientNetB7,PV-Test,48af8eac-8662-400b-a0bb-024a28ed3cc9___RS_HL 0266.JPG,Tomato___healthy,Tomato___healthy,True,True,0.6966147226286726,True,0.8722598644878438,,0.0,,,
EfficientNetB7,PV-Test,225003c5-d8a1-48ce-b315-42df4b99c51a___RS_HL 0464.JPG,Tomato___healthy,Tomato___healthy,True,True,0.7298571430816253,True,0.9505779194898366,,0.0,,,
EfficientNetB7,PV-Test,a8036d3b-eda1-4309-b2ac-5a409963f4d7___RS_HL 9840.JPG,Tomato___healthy,Tomato___healthy,True,True,0.6228154932748724,True,0.8656835392586688,,0.0,,,
EfficientNetB7,PV-Test,9d06e189-6e39-4fb9-853b-e2ce180469a5___RS_HL 0407.JPG,Tomato___healthy,Tomato___healthy,True,True,0.6955312152877303,True,0.9043443603029095,,0.0,,,
EfficientNetB7,Field-Test,Bs68_lower.jpg,Tomato___Bacterial_spot,Tomato___Bacterial_spot,True,True,0.7117789831214744,True,0.9304503786369072,0.006141128848976319,0.006896968963639664,1.2509639012455913,False,0.05898764447987246
EfficientNetB7,Field-Test,ee6fafa1-2ab6-43c1-83fe-082b265e64f5___GCREC_Bact.Sp 2964.JPG,Tomato___Bacterial_spot,Tomato___Bacterial_spot,True,True,0.7981418852815525,True,0.9892387405340773,0.001395624626331919,0.0021067094114953057,0.8300110728897814,False,0.01215623754483858
EfficientNetB7,Field-Test,30c04c65-4c7c-4b4b-b9e9-0d7faea2716e___GCREC_Bact.Sp 3841.JPG,Tomato___Bacterial_spot,Tomato___Bacterial_spot,True,True,0.7747740586334273,True,0.9601434834595456,0.06525666815069045,0.08480275921534813,0.9932071604075287,True,0.2594659226783579
EfficientNetB7,Field-Test,4128179b-06ee-4ad1-b2a9-792c448f5eb8___UF.GRC_BS_Lab Leaf 0219.JPG,Tomato___Bacterial_spot,Tomato___Bacterial_spot,True,True,0.7264833565402008,True,0.9587485053806297,0.04070824137607973,0.05779400654746915,0.9695581669391555,False,0.04145077720207254
EfficientNetB7,Field-Test,97135339-c428-4fec-9805-718d83ef7fcf___GCREC_Bact.Sp 5722.JPG,Tomato___Bacterial_spot,Tomato___Bacterial_spot,True,True,0.7994973392723411,True,0.9874451972897569,0.164546551708874,0.16569948186528496,1.2420829845084322,False,0.5709445994420088
EfficientNetB7,Field-Test,Bs47_change_90.jpg,Tomato___Bacterial_spot,Tomato___Bacterial_spot,True,True,0.7179326967699657,True,0.9163013152650459,0.08539757693935628,0.07998410034449253,1.4871615594711445,False,0.33200478278198486
EfficientNetB7,Field-Test,Bs98_mirror.jpg,Tomato___Bacterial_spot,Tomato___Bacterial_spot,True,True,0.7629881125554024,True,0.9898365882821841,0.1489095774011881,0.17934491467054411,1.0882177181283077,False,0.42188122758070945
EfficientNetB7,Field-Test,e99d601c-2ff0-4029-84c9-74e17fae209f___GCREC_Bact.Sp 6259.JPG,Tomato___Bacterial_spot,Tomato___Bacterial_spot,True,True,0.8349979141539896,True,1.0,0.012506003659353069,0.018553741252467254,0.8072381252487286,False,0.004982064567556795
EfficientNetB7,Field-Test,49c8f57f-3418-45db-b807-6192c20dfc6a___RS_Erly.B 7784_180deg.JPG,Tomato___Early_blight,Tomato___Early_blight,True,True,0.8158105843079531,True,1.0,0.33378900243285603,0.19442882698696654,2.1043696616491636,True,0.8280191311279395
EfficientNetB7,Field-Test,Early Blight_21.jpg,Tomato___Early_blight,Tomato___Early_blight,True,True,0.7314275092273539,True,0.8260263053009167,0.2719805518923653,0.25152922779745207,1.478352850108231,True,0.7497010761259466
EfficientNetB7,Field-Test,30901e71-e656-4e7e-b3ec-0f813c307b88___RS_Erly.B 9396.JPG,Tomato___Early_blight,Tomato___Early_blight,True,True,0.5943738087820652,True,0.9131127939418094,0.0694409094701935,0.14052212082707635,0.8314019533646524,True,0.2871662016739737
EfficientNetB7,Field-Test,54e98d19-a7a0-44d8-a004-1eaee5f3610b___RS_Erly.B 7348_180deg.JPG,Tomato___Early_blight,Tomato___Early_blight,True,True,0.735915160186907,True,0.9798724591470706,0.06343898902171168,0.09616001711412986,0.896466307277571,True,0.3041052212036668
EfficientNetB7,Field-Test,Early Blight_171.jpg,Tomato___Early_blight,Tomato___healthy,False,True,0.7836877753166784,True,1.0,,0.0,,,
EfficientNetB7,Field-Test,Early Blight_127.jpg,Tomato___Early_blight,Tomato___Late_blight,False,True,0.7205145222990255,True,0.6745715424471901,0.46547207345492914,0.2119009890169936,3.0487225828214837,True,0.5992427261857314
EfficientNetB7,Field-Test,99ea67c9-4c24-40b3-8a62-88233a53dc4a___RS_Erly.B 7522_180deg.JPG,Tomato___Early_blight,Tomato___Early_blight,True,True,0.8095156430858313,True,1.0,0.1265048256693959,0.15731737721266517,0.9933565270360094,False,0.43722598644878435
EfficientNetB7,Field-Test,EB_(594).JPG,Tomato___Early_blight,Tomato___Early_blight,True,True,0.8667809069734507,True,1.0,0.15838623014406503,0.15549254195152268,1.1751641177688292,True,0.5996412913511359
EfficientNetB7,Field-Test,ebbdadc5-972c-45fb-a6c2-99e8015cf4a9___RS_Late.B 5479.JPG,Tomato___Late_blight,Tomato___Late_blight,True,True,0.3709805581214245,False,0.37225986448784376,0.007487051788786453,0.04572630646589903,0.44136060290850193,False,0.04444001594260662
EfficientNetB7,Field-Test,a5278b93-6815-488a-b359-27edb3ff7220___RS_Late.B 5381.JPG,Tomato___Late_blight,Tomato___Late_blight,True,True,0.9605297737718657,True,0.997010761259466,0.46391165150121316,0.15159273093549336,3.1860022057649107,True,0.764647269828617
EfficientNetB7,Field-Test,2e5a8b76-c1d5-432c-bbde-7589e087b120___GHLB2 Leaf 8976_flipLR.JPG,Tomato___Late_blight,Tomato___Late_blight,True,True,0.8297769381643202,True,0.7020725388601037,0.009681618666382088,0.025761912779929282,0.4529064513720896,False,0.04982064567556795
EfficientNetB7,Field-Test,869168d7-a45c-40e6-888b-ad5ba94a657e___RS_Late.B 6193.JPG,Tomato___Late_blight,Tomato___Late_blight,True,True,0.3217614341674688,False,0.40414507772020725,3.842530519548194e-08,0.01684751570531125,7.0883877552911e-06,False,0.0
EfficientNetB7,Field-Test,960137a5-2b52-4349-8c33-cb8b7afed9eb___GHLB2 Leaf 8765.JPG,Tomato___Late_blight,Tomato___Late_blight,True,True,0.6304673172109659,True,0.6972897568752491,0.05816504801277589,0.09073630860199916,1.0167598907699642,False,0.02730171383021124
EfficientNetB7,Field-Test,a5f089d1-5a8e-4c1f-bcc2-c1154c28e824___GHLB2 Leaf 8926.JPG,Tomato___Late_blight,Tomato___Late_blight,True,True,0.7389359111631927,False,0.796931048226385,0.011992191710337696,0.012596604393598247,1.288363164108503,False,0.07512953367875648
EfficientNetB7,Field-Test,3fae9c64-18f0-4a67-9f97-554248bb1bed___GHLB_PS Leaf 24 Day 16_flipLR.jpg,Tomato___Late_blight,Tomato___Late_blight,True,True,0.6581049833136096,True,0.6293343961737744,0.22736617191229747,0.10360633053705785,3.3346048537545845,True,0.4587485053806297
EfficientNetB7,Field-Test,LB_ (387).png,Tomato___Late_blight,Tomato___Late_blight,True,True,0.9120598620370292,True,0.8888003188521323,0.008994841456613048,0.007598585091052011,1.297888660225786,False,0.09645277002789956
EfficientNetB7,Field-Test,Blm53_hight.jpg,Tomato___Leaf_Mold,Tomato___Leaf_Mold,True,True,0.8479656866289487,True,1.0,0.025231898848402354,0.02262727844123193,1.315041126624629,False,0.15524113192506975
EfficientNetB7,Field-Test,d2c889b0-0223-4e09-9d9f-cdf019b65120___Crnl_L.Mold 8631.JPG,Tomato___Leaf_Mold,Tomato___Leaf_Mold,True,True,0.8772636193263984,True,1.0,0.04995982479813511,0.0970622600567518,0.5867328280848141,False,0.04503786369071343
EfficientNetB7,Field-Test,6e8f1122-d902-408e-a33e-2d5514112e38___Crnl_L.Mold 6944.JPG,Tomato___Leaf_Mold,Tomato___Leaf_Mold,True,True,0.8941582631623878,True,0.9804703068951773,0.00572578304078467,0.02637826431020839,0.24275840644636063,False,0.0031885213232363493
EfficientNetB7,Field-Test,ba913a0e-102c-4fc0-b617-22f85f9f6d31___Crnl_L.Mold 6504_180deg.JPG,Tomato___Leaf_Mold,Tomato___Leaf_Mold,True,True,0.9295236882728418,True,0.9884416102032683,0.0,0.004105879269677645,0.0,False,0.0
EfficientNetB7,Field-Test,da6cc51a-6ba2-4b1d-aa4f-5d699860da6b___Crnl_L.Mold 6767_180deg.JPG,Tomato___Leaf_Mold,Tomato___Leaf_Mold,True,True,0.9381339374929054,True,1.0,0.1960678141831445,0.22170767004341535,0.9426722924219909,True,0.49461937026703867
EfficientNetB7,Field-Test,f3b8f9e3-6c47-4797-9da6-d8b09e19048c___Crnl_L.Mold 9023_flipTB.JPG,Tomato___Leaf_Mold,Tomato___Leaf_Mold,True,True,0.9419182100094898,True,1.0,0.027367390342433223,0.029440832249674902,0.9868930958644297,False,0.1040255081705859
EfficientNetB7,Field-Test,28d202ba-1fd8-4200-9727-ad3d977d58f9___Crnl_L.Mold 6758.JPG,Tomato___Leaf_Mold,Tomato___Leaf_Mold,True,True,0.950846544564372,True,1.0,0.057608569608564406,0.09341380215166623,0.6485830732852037,False,0.07114388202471104
EfficientNetB7,Field-Test,cd0904a9-a70f-487c-bcc3-18b26a574837___Crnl_L.Mold 8803.JPG,Tomato___Leaf_Mold,Tomato___Leaf_Mold,True,True,0.9795710234585008,True,1.0,0.022700394972450546,0.06362417606971288,0.36422966347993097,False,0.06297329613391789
EfficientNetB7,Field-Test,f313bc43-c255-4921-acf9-335322107c45___Keller.St_CG 1864.JPG,Tomato___Septoria_leaf_spot,Tomato___Septoria_leaf_spot,True,True,0.9953917878041642,True,1.0,0.4441624439950477,0.15519208824648156,2.875267158004834,True,0.5115583897967317
EfficientNetB7,Field-Test,img_6564_jpg.rf.904f99409fa1be959893d51c796cf8e6.jpg,Tomato___Septoria_leaf_spot,Tomato___Septoria_leaf_spot,True,True,0.8192334671379727,True,0.8708648864089279,0.10869085043011267,0.06383592373017144,2.0783570260057966,True,0.34097249900358706
EfficientNetB7,Field-Test,Gls7_change_270.jpg,Tomato___Septoria_leaf_spot,Tomato___Septoria_leaf_spot,True,True,0.8838965885224698,True,1.0,,0.0,,,
EfficientNetB7,Field-Test,Gls18.jpg,Tomato___Septoria_leaf_spot,Tomato___Septoria_leaf_spot,True,True,0.49622176463718387,True,0.5474292546831407,0.003338999378391173,0.009438884409239671,0.7128856320183277,False,0.022319649262654444
EfficientNetB7,Field-Test,Tomato-leaf-spot2_jpg.rf.b8bbe3d9e0eba5802681c933904680c8.jpg,Tomato___Septoria_leaf_spot,Tomato___Septoria_leaf_spot,True,True,0.9028383850130087,True,1.0,0.24151590998914665,0.26301808522251735,1.0170682999614622,True,0.41909127142287766
EfficientNetB7,Field-Test,1f55c2e9-67b2-4377-a426-4932a77c3439___Matt.S_CG 7778_180deg.JPG,Tomato___Septoria_leaf_spot,Tomato___Septoria_leaf_spot,True,True,0.9236704135354302,True,0.868074930251096,0.02479809135879525,0.17619688305863887,0.1523712398545163,False,0.16699880430450378
EfficientNetB7,Field-Test,SS_ (864).jpg,Tomato___Septoria_leaf_spot,Tomato___Septoria_leaf_spot,True,True,0.9117089643201189,True,0.9994021522518932,0.03677666039748149,0.041283486605357855,0.9771015356416113,False,0.16958947787963333
EfficientNetB7,Field-Test,0edb366d-1253-4498-a05a-8f666405edc6___Matt.S_CG 7862_180deg.JPG,Tomato___Septoria_leaf_spot,Tomato___Septoria_leaf_spot,True,True,0.9421262588050687,True,1.0,0.056288961352928595,0.05983949755757153,0.9984496940434155,False,0.23056994818652848
EfficientNetB7,Field-Test,4024f51d-f79c-44dc-8ab9-61adf6005644___Com.G_SpM_FL 1248.JPG,Tomato___Spider_mites Two-spotted_spider_mite,Tomato___Spider_mites Two-spotted_spider_mite,True,True,0.9146276020169148,True,1.0,0.038498455408619896,0.03143063583815029,1.3392012166125857,False,0.1903148664806696
EfficientNetB7,Field-Test,2cfa680e-a8f9-43b5-856d-cb8fe9607a73___Com.G_SpM_FL 9334_180deg.JPG,Tomato___Spider_mites Two-spotted_spider_mite,Tomato___Spider_mites Two-spotted_spider_mite,True,True,0.7237416008273617,True,0.8591072140294939,0.17043407265856775,0.1315456197345961,1.7901791470045945,True,0.6398963730569949
EfficientNetB7,Field-Test,e4f581da-1a38-430b-9a91-fe00308afd4f___Com.G_SpM_FL 9469.JPG,Tomato___Spider_mites Two-spotted_spider_mite,Tomato___Spider_mites Two-spotted_spider_mite,True,True,0.522798726543917,True,0.5061777600637705,0.08125432225131675,0.03506650544135429,4.432201157166396,True,0.21123953766440812
EfficientNetB7,Field-Test,e296dcef-fb0f-4c22-856d-6918232d6682___Com.G_SpM_FL 1246.JPG,Tomato___Spider_mites Two-spotted_spider_mite,Tomato___Spider_mites Two-spotted_spider_mite,True,True,0.5325227532759363,True,0.5292945396572339,0.14852150641081543,0.08412931667891256,3.315154821620137,True,0.30868872060581903
EfficientNetB7,Field-Test,72ea3559-17ea-4441-8188-bc561e66ff06___Com.G_SpM_FL 1400.JPG,Tomato___Spider_mites Two-spotted_spider_mite,Tomato___Spider_mites Two-spotted_spider_mite,True,True,0.9420379043666509,True,0.9982064567556795,0.04156034382852091,0.05120063504663624,0.8616589563174539,False,0.11757672379434038
EfficientNetB7,Field-Test,22219bbe-58a4-4818-b080-05ac837ef496___Com.G_SpM_FL 1261.JPG,Tomato___Spider_mites Two-spotted_spider_mite,Tomato___Spider_mites Two-spotted_spider_mite,True,True,0.8379771413571654,True,0.9984057393383818,0.04555389367729666,0.06578410217530764,0.8263658854630753,False,0.26365085691510565
EfficientNetB7,Field-Test,87457821-e967-41c9-bda0-4e375fdeaa59___Com.G_SpM_FL 1609.JPG,Tomato___Spider_mites Two-spotted_spider_mite,Tomato___Spider_mites Two-spotted_spider_mite,True,True,0.9560455923483991,True,1.0,0.018624190083077218,0.03055260361317747,0.6376033149169376,False,0.15284974093264247
EfficientNetB7,Field-Test,d05b2e21-1ba0-473a-889b-2a438dadac39___Com.G_SpM_FL 8750.JPG,Tomato___Spider_mites Two-spotted_spider_mite,Tomato___Spider_mites Two-spotted_spider_mite,True,True,0.791181382597732,True,0.9960143483459546,0.012210668846164254,0.018807339449541285,0.8206085373932503,False,0.12694300518134716
EfficientNetB7,Field-Test,fc089812-4537-413d-bade-e028fe9edac4___Com.G_TgS_FL 8255.JPG,Tomato___Target_Spot,Tomato___Target_Spot,True,True,0.6851021877878344,True,0.9980071741729772,0.05872110321763103,0.13649101598988955,0.6279640552309558,False,0.011956954962136309
EfficientNetB7,Field-Test,6109be79-316c-4075-9a0f-556cde1c0977___Com.G_TgS_FL 0727.JPG,Tomato___Target_Spot,Tomato___Target_Spot,True,True,0.7424128149843474,True,0.9673176564368274,0.09838537959869208,0.1398287119477656,0.9477389918859723,True,0.42805898764447986
EfficientNetB7,Field-Test,bfd0d33e-8230-4571-8e53-7059a4759653___Com.G_TgS_FL 0787.JPG,Tomato___Target_Spot,Tomato___Target_Spot,True,True,0.7132885275355301,True,0.9651255480271025,0.03218152664558525,0.03336003662165255,1.352430277355075,True,0.24133120765245117
EfficientNetB7,Field-Test,23bc8a9f-5b65-4e12-96f5-fe706f31b32e___Com.G_TgS_FL 8171.JPG,Tomato___Target_Spot,Tomato___Target_Spot,True,True,0.5856679943745611,True,0.9316460741331207,0.02780245743774446,0.06071995764955003,0.7818082216876299,False,0.08349940215225189
EfficientNetB7,Field-Test,22a3ebce-e4fe-48a6-b503-229da56ac0d8___Com.G_TgS_FL 7917.JPG,Tomato___Target_Spot,Tomato___Target_Spot,True,True,0.6234072359064813,True,0.762455161418892,0.016985779145470763,0.04481287655569726,0.6080101253814184,False,0.10362694300518134
EfficientNetB7,Field-Test,4dfda385-7a48-4280-915b-28812f9fc574___Com.G_TgS_FL 0741_flipTB.JPG,Tomato___Target_Spot,Tomato___Target_Spot,True,True,0.7276758409676238,True,0.9842566759665206,0.01827921016952672,0.03046883381611415,0.824448700366418,False,0.07572738142686329
EfficientNetB7,Field-Test,b535d475-5112-432a-9309-57e97813b6ae___Com.G_TgS_FL 1028.JPG,Tomato___Target_Spot,Tomato___Target_Spot,True,True,0.7894318675619793,True,0.9992028696691909,0.04052672801234228,0.06205123659250066,0.8273255697148364,False,0.06695894778796334
EfficientNetB7,Field-Test,3af60900-f42e-490e-a5ff-94c410e856d9___Com.G_TgS_FL 0804_newPixel25.JPG,Tomato___Target_Spot,Tomato___Target_Spot,True,True,0.20075459831658374,True,0.4846552411319251,0.007477685459732509,0.04121022430881586,0.9038507298362155,False,0.05878836189717019
EfficientNetB7,Field-Test,Curl_110.jpg,Tomato___Tomato_Yellow_Leaf_Curl_Virus,Tomato___Early_blight,False,True,0.5071660235285547,False,0.6883220406536469,0.14893467283702427,0.23134461264470169,1.2693642827752598,True,0.48485452371462734
EfficientNetB7,Field-Test,f2d61698-7005-4449-a2ac-e0750f8d9615___YLCV_GCREC 2784.JPG,Tomato___Tomato_Yellow_Leaf_Curl_Virus,Tomato___Tomato_Yellow_Leaf_Curl_Virus,True,True,0.8532911130699172,True,1.0,0.028016994396017833,0.030449452243095764,1.078312988071496,False,0.15165404543642885
EfficientNetB7,Field-Test,a5416516-80f0-4004-88f6-186b79696707___UF.GRC_YLCV_Lab 01840.JPG,Tomato___Tomato_Yellow_Leaf_Curl_Virus,Tomato___Tomato_Yellow_Leaf_Curl_Virus,True,True,0.9038636714532525,True,1.0,0.00385052241209614,0.0047099421749673565,0.9044845419518178,False,0.05958549222797927
EfficientNetB7,Field-Test,cad14233-257e-4942-876b-25e4911fc1cf___YLCV_NREC 2036.JPG,Tomato___Tomato_Yellow_Leaf_Curl_Virus,Tomato___Tomato_Yellow_Leaf_Curl_Virus,True,True,0.8157139341509494,True,1.0,0.2653330884238431,0.29002095760116076,1.1215642274392996,True,0.6044240733359905
EfficientNetB7,Field-Test,e28c69d4-9035-4c1f-a1e5-08b969ddbb32___UF.GRC_YLCV_Lab 01740.JPG,Tomato___Tomato_Yellow_Leaf_Curl_Virus,Tomato___Tomato_Yellow_Leaf_Curl_Virus,True,True,0.8457249836430062,True,1.0,0.004333487917505618,0.004975978037062457,1.029745671044758,False,0.019131127939418093
EfficientNetB7,Field-Test,a59f7637-08fc-4ffc-9c42-e618eabd1bcc___UF.GRC_YLCV_Lab 01621.JPG,Tomato___Tomato_Yellow_Leaf_Curl_Virus,Tomato___Tomato_Yellow_Leaf_Curl_Virus,True,True,0.8089451979761324,True,0.9750896771622161,0.002999000959018514,0.0063126624582250275,0.5872796271754039,False,0.0
EfficientNetB7,Field-Test,78231f4b-f77d-4ef8-84d0-b1a2f2fbfdcf___UF.GRC_YLCV_Lab 09447.JPG,Tomato___Tomato_Yellow_Leaf_Curl_Virus,Tomato___Tomato_Yellow_Leaf_Curl_Virus,True,True,0.8753348540408914,True,1.0,0.008692951993211118,0.01248994907531493,0.795119477245154,False,0.00019928258270227183
EfficientNetB7,Field-Test,ed864a58-8a10-451c-9a65-c12a71b6c10a___UF.GRC_YLCV_Lab 01425.JPG,Tomato___Tomato_Yellow_Leaf_Curl_Virus,Tomato___Tomato_Yellow_Leaf_Curl_Virus,True,True,0.8783312925439827,True,1.0,0.0019594926174940812,0.005408107616796946,0.41251519528273806,False,0.0
EfficientNetB7,Field-Test,3cb6ee9b-8550-4216-bde5-814807add4e5___PSU_CG 2395.JPG,Tomato___Tomato_mosaic_virus,Tomato___Tomato_mosaic_virus,True,True,0.495212815717184,True,0.8070944599442009,0.06296374169785322,0.14337746025075296,0.8867838395980359,False,0.2610601833399761
EfficientNetB7,Field-Test,aab31aa2-ac8f-46a1-9b9b-7b728a776e8d___PSU_CG 2250.JPG,Tomato___Tomato_mosaic_virus,Tomato___Tomato_mosaic_virus,True,True,0.5824023023205731,True,0.8983658828218414,0.01702576053445908,0.03771805752003772,0.7750578498252289,False,0.03507373455559984
EfficientNetB7,Field-Test,8babd25a-f124-4d1f-a57a-5db347b34f0d___PSU_CG 2355.JPG,Tomato___Tomato_mosaic_virus,Tomato___Tomato_mosaic_virus,True,True,0.7150730164390754,True,1.0,0.02333272828063437,0.036596251115739366,0.891617398552897,False,0.09306496612196094
EfficientNetB7,Field-Test,feabce4c-9bb1-4fca-bcbf-368cacd40a68___PSU_CG 2115.JPG,Tomato___Tomato_mosaic_virus,Tomato___Tomato_mosaic_virus,True,True,0.6211656207042956,True,0.8674770825029893,0.01717610996732988,0.026832298136645963,1.0305273683172425,False,0.16002391390992426
EfficientNetB7,Field-Test,f833998e-f306-4f40-b702-3d4ab8f4ad27___PSU_CG 2331.JPG,Tomato___Tomato_mosaic_virus,Tomato___Tomato_mosaic_virus,True,True,0.7060678974424867,True,1.0,0.004963886422722606,0.006084859116324964,1.1553799921884047,False,0.02431247508967716
EfficientNetB7,Field-Test,5c049070-cf7f-4508-8e61-c5efb64bca3c___PSU_CG 2326.JPG,Tomato___Tomato_mosaic_virus,Tomato___Tomato_mosaic_virus,True,True,0.5883037453441315,True,0.9085292945396573,0.006895009953982588,0.013729372937293729,0.8536553807118354,False,0.006974890394579514
EfficientNetB7,Field-Test,c5132603-ce86-45c0-b9f9-d35c07f4057f___PSU_CG 2256.JPG,Tomato___Tomato_mosaic_virus,Tomato___Tomato_mosaic_virus,True,True,0.6100993414448563,True,0.969908330011957,0.01277067314776738,0.017861367400047314,1.1719215211624436,False,0.09007572738142686
EfficientNetB7,Field-Test,76d665fa-6aec-4c47-adac-069107b3cf46___PSU_CG 2268.JPG,Tomato___Tomato_mosaic_virus,Tomato___Tomato_mosaic_virus,True,True,0.7097093618198288,True,0.9930251096054205,0.009108624659269406,0.01362954886193267,0.9416527767605453,False,0.02291749701076126
EfficientNetB7,Field-Test,Healthy_314.jpg,Tomato___healthy,Tomato___healthy,True,True,0.7078137236352947,True,0.9980071741729772,,0.0,,,
EfficientNetB7,Field-Test,Healthy_307.jpg,Tomato___healthy,Tomato___healthy,True,True,0.7784385931057052,True,1.0,,0.0,,,
EfficientNetB7,Field-Test,Healthy_143.jpg,Tomato___healthy,Tomato___healthy,True,True,0.6966960245472513,True,0.9434037465125548,,0.0,,,
EfficientNetB7,Field-Test,Healthy_106.jpg,Tomato___healthy,Tomato___healthy,True,True,0.7050562223684783,True,0.9601434834595456,,0.0,,,
EfficientNetB7,Field-Test,Healthy_9.jpg,Tomato___healthy,Tomato___healthy,True,True,0.7599389249671694,True,1.0,,0.0,,,
EfficientNetB7,Field-Test,Healthy_363.jpg,Tomato___healthy,Tomato___healthy,True,True,0.2573232202065599,False,0.04962136309286568,,0.0,,,
EfficientNetB7,Field-Test,Healthy_184.jpg,Tomato___healthy,Tomato___healthy,True,True,0.6615112248095769,True,0.9583499402152252,,0.0,,,
EfficientNetB7,Field-Test,Healthy_72.jpg,Tomato___healthy,Tomato___healthy,True,True,0.5399283532907103,True,0.8664806695894779,,0.0,,,
Hybrid_CNN_ViT,PV-Test,a8c12fae-22eb-46c8-a7dc-374225d050ba___GCREC_Bact.Sp 3122.JPG,Tomato___Bacterial_spot,Tomato___Bacterial_spot,True,True,0.9724874590462542,True,1.0,0.015646362332821132,0.013243335611756665,1.2148761010207278,False,0.05579912315663611
Hybrid_CNN_ViT,PV-Test,d9a91bb5-35d8-459c-8c04-8a155bc6a158___GCREC_Bact.Sp 5592.JPG,Tomato___Bacterial_spot,Tomato___Bacterial_spot,True,True,0.9684314335593712,True,1.0,0.0688049316832952,0.056326226608323246,1.2613628401118673,True,0.33200478278198486
Hybrid_CNN_ViT,PV-Test,aaa27c3b-ff24-4d91-9c0c-fe68862ab77e___GCREC_Bact.Sp 3616.JPG,Tomato___Bacterial_spot,Tomato___Bacterial_spot,True,True,0.9830176516313346,True,1.0,0.021153113781713473,0.055922124470511564,0.3847949176779906,False,0.0
Hybrid_CNN_ViT,PV-Test,4ceb9395-b11a-4290-bfc4-db6afe8ad21e___UF.GRC_BS_Lab Leaf 0806.JPG,Tomato___Bacterial_spot,Tomato___Bacterial_spot,True,True,0.9639554900995347,True,1.0,0.0922593264330113,0.11991916593946632,0.7981135776799784,False,0.17556795536070147
Hybrid_CNN_ViT,PV-Test,1838f883-5e4b-4b24-bf4b-77d4a82f5f46___GCREC_Bact.Sp 6335.JPG,Tomato___Bacterial_spot,Tomato___Bacterial_spot,True,True,0.9778601123057136,True,1.0,0.02998638970176814,0.036670876703976306,0.8362307945261225,False,0.00757273814268633
Hybrid_CNN_ViT,PV-Test,bab7f756-d2e7-483e-8155-2bead1b5f4ce___GCREC_Bact.Sp 6313.JPG,Tomato___Bacterial_spot,Tomato___Bacterial_spot,True,True,0.9744755408009855,True,1.0,0.09656384300076873,0.08289775332416323,1.1953658318037428,False,0.11737744121163811
Hybrid_CNN_ViT,PV-Test,1b3ccbf3-c1e1-476e-b34a-6af0a6fbb349___GCREC_Bact.Sp 3735.JPG,Tomato___Bacterial_spot,Tomato___Bacterial_spot,True,True,0.9912227857637602,True,1.0,0.03781424220050005,0.075647961751384,0.5042975912144967,False,0.05061777600637704
Hybrid_CNN_ViT,PV-Test,fca8f33c-6416-4ef3-91e8-8ea21346f242___GCREC_Bact.Sp 3018.JPG,Tomato___Bacterial_spot,Tomato___Bacterial_spot,True,True,0.982612831672922,True,1.0,0.03511373037611062,0.03617865149163649,0.9877389134038733,False,0.055001992825827024
Hybrid_CNN_ViT,PV-Test,c0caae76-1327-4d16-95dd-138603f7573b___RS_Erly.B 8362.JPG,Tomato___Early_blight,Tomato___Early_blight,True,True,0.9494298565475862,True,1.0,0.2462478624131962,0.25640815658013266,1.0115276253632877,False,0.43622957353527303
Hybrid_CNN_ViT,PV-Test,22b653c4-9e15-4081-8ece-9b5950a94120___RS_Erly.B 7814.JPG,Tomato___Early_blight,Tomato___Early_blight,True,True,0.9534791768449767,True,1.0,0.09382764149594161,0.11864406779661017,0.829418195518197,False,0.23854125149461938
Hybrid_CNN_ViT,PV-Test,257ffdcb-bd8b-4d18-98cc-e63a118155ea___RS_Erly.B 9520.JPG,Tomato___Early_blight,Tomato___Early_blight,True,True,0.9663875922403223,True,1.0,0.10324495069360719,0.08769158519404005,1.2183148983586882,False,0.35751295336787564
Hybrid_CNN_ViT,PV-Test,1cebc4a1-5fb6-4168-8e18-e2973ef6d18f___RS_Erly.B 9552.JPG,Tomato___Early_blight,Tomato___Early_blight,True,True,0.9289021071540131,True,1.0,0.07675599586389732,0.1068386965169055,0.7734171213647504,False,0.05121562375448386
Hybrid_CNN_ViT,PV-Test,9e8f1cbd-f128-47f3-b90d-9c8dc1efcb78___RS_Erly.B 7425.JPG,Tomato___Early_blight,Tomato___Early_blight,True,True,0.9638586670543475,True,1.0,0.03659465090866924,0.04844847775175644,0.7836535685470787,False,0.21861299322439218
Hybrid_CNN_ViT,PV-Test,620df2cc-834d-48b9-b9a8-11da26395739___RS_Erly.B 9557.JPG,Tomato___Early_blight,Tomato___Early_blight,True,True,0.9757961302031131,True,1.0,0.15713918431250012,0.19187165040538684,0.8392949148249762,False,0.4774810681546433
Hybrid_CNN_ViT,PV-Test,c83d0821-505b-4270-acd7-1a5c79f671b4___RS_Erly.B 7629.JPG,Tomato___Early_blight,Tomato___Early_blight,True,True,0.9455003348465669,True,1.0,0.012483947867653743,0.015398846446838612,0.8574367056138519,False,0.05978477481068155
Hybrid_CNN_ViT,PV-Test,25b96058-36c9-4213-bb16-088e76cb30b1___RS_Erly.B 9417.JPG,Tomato___Early_blight,Tomato___Early_blight,True,True,0.9598025728351743,True,1.0,0.2278677260426451,0.19871908913004804,1.1947067593250986,True,0.6400956556396971
Hybrid_CNN_ViT,PV-Test,f8024ad7-ded1-42aa-ab6d-139f7069d10e___RS_Late.B 7157.JPG,Tomato___Late_blight,Tomato___Late_blight,True,True,0.9059284015812276,True,1.0,0.08467994592894867,0.09907565287624517,0.9434518790930132,False,0.2433240334794739
Hybrid_CNN_ViT,PV-Test,5be6f633-9ae7-40b9-b1aa-f92a1ab919fb___RS_Late.B 5011.JPG,Tomato___Late_blight,Tomato___Late_blight,True,True,0.9250685268839939,True,1.0,0.22240691441238503,0.22739951529562394,1.0572674086037919,False,0.4758868074930251
Hybrid_CNN_ViT,PV-Test,4ceb4156-66d9-4405-9472-82a35f0fa245___GHLB2 Leaf 8662.JPG,Tomato___Late_blight,Tomato___Late_blight,True,True,0.954554454622718,True,1.0,,0.0,,,
Hybrid_CNN_ViT,PV-Test,efe3a784-f4d6-4635-bef8-c81fffeee36b___GHLB2 Leaf 8651.JPG,Tomato___Late_blight,Tomato___Late_blight,True,True,0.9360220410264379,True,1.0,0.018100326756556435,0.020621038273288934,0.9377559130978936,False,0.10302909525707453
Hybrid_CNN_ViT,PV-Test,d56280c8-1442-476c-bdc8-8bb99edad8dd___GHLB2 Leaf 8847.JPG,Tomato___Late_blight,Tomato___Late_blight,True,True,0.9674280816733507,True,1.0,0.08150549146137413,0.0742626404494382,1.1344824820094055,False,0.15583897967317656
Hybrid_CNN_ViT,PV-Test,a4008f85-d333-4ca8-87c2-e8c9c68ed19a___RS_Late.B 6461.JPG,Tomato___Late_blight,Tomato___Late_blight,True,True,0.9281739377862873,True,1.0,0.39679290834596587,0.3281767955801105,1.3026467547012128,True,0.7481068154643284
Hybrid_CNN_ViT,PV-Test,0ac3df5b-d713-42ef-b0ad-20b5410237ad___RS_Late.B 4969.JPG,Tomato___Late_blight,Tomato___Late_blight,True,True,0.7700207187918623,True,0.9603427660422479,0.09912222082882444,0.13517694836588667,0.9522828763363352,False,0.2608609007572738
Hybrid_CNN_ViT,PV-Test,8a2f5ea2-51e1-493d-93ff-61faa8221754___RS_Late.B 7069.JPG,Tomato___Late_blight,Tomato___Late_blight,True,True,0.8170084305258236,True,0.9434037465125548,,0.0,,,
Hybrid_CNN_ViT,PV-Test,d76eb906-9957-4572-bf7f-60936f30f8f3___Crnl_L.Mold 8640.JPG,Tomato___Leaf_Mold,Tomato___Leaf_Mold,True,True,0.9329630608507471,True,1.0,0.08131999476807336,0.10219619326500733,0.8529001173747762,False,0.27461139896373055
Hybrid_CNN_ViT,PV-Test,b1b88c75-6e10-4dfe-b959-84f3db648a39___Crnl_L.Mold 6632.JPG,Tomato___Leaf_Mold,Tomato___Leaf_Mold,True,True,0.9326185468881836,True,1.0,0.009387246781825596,0.044639947865754315,0.22548128881250562,False,0.0
Hybrid_CNN_ViT,PV-Test,ba913a0e-102c-4fc0-b617-22f85f9f6d31___Crnl_L.Mold 6504.JPG,Tomato___Leaf_Mold,Tomato___Leaf_Mold,True,True,0.9093706305466068,True,1.0,,0.0,,,
Hybrid_CNN_ViT,PV-Test,bf7b77e1-6438-45ee-b226-cb69b745a4bc___Crnl_L.Mold 8756.JPG,Tomato___Leaf_Mold,Tomato___Leaf_Mold,True,True,0.9785776781810334,True,1.0,0.026572808438145093,0.034528838692990775,0.7864301946098308,True,0.137106416899163
Hybrid_CNN_ViT,PV-Test,6e230511-861d-4ae8-8212-374417841b4c___Crnl_L.Mold 8894.JPG,Tomato___Leaf_Mold,Tomato___Leaf_Mold,True,True,0.9551186979749345,True,1.0,0.015444779336677893,0.04338474451788899,0.37272396402731045,False,0.04802710243124751
Hybrid_CNN_ViT,PV-Test,7e0d709c-7399-4cad-84d4-892854831ee7___Crnl_L.Mold 6694.JPG,Tomato___Leaf_Mold,Tomato___Leaf_Mold,True,True,0.9475067373149814,True,1.0,0.07978458726793351,0.0928318907716689,0.9070672772030142,False,0.23455559984057395
Hybrid_CNN_ViT,PV-Test,9c42ac1e-d48f-4644-bf35-a9b0478330e2___Crnl_L.Mold 6709.JPG,Tomato___Leaf_Mold,Tomato___Leaf_Mold,True,True,0.9456016093617349,True,1.0,0.03753656302450195,0.0391058012070452,1.0150913189720272,False,0.2220007971303308
Hybrid_CNN_ViT,PV-Test,81de0497-5011-4330-b2f1-b12c7b83576f___Crnl_L.Mold 7120.JPG,Tomato___Leaf_Mold,Tomato___Leaf_Mold,True,True,0.9297754332898772,True,1.0,0.009978642337705824,0.023294957247694068,0.4607140660156489,False,0.003387803905938621
Hybrid_CNN_ViT,PV-Test,60e32ab3-a35e-4de9-b23b-ab88a6cbe021___JR_Sept.L.S 8542.JPG,Tomato___Septoria_leaf_spot,Tomato___Septoria_leaf_spot,True,True,0.9475217334487572,True,1.0,0.05680687338154491,0.09070294784580499,0.6609830222595133,True,0.09705061777600638
Hybrid_CNN_ViT,PV-Test,ffe98ff9-be33-4e8f-82f0-7b7c21b02958___JR_Sept.L.S 8455.JPG,Tomato___Septoria_leaf_spot,Tomato___Septoria_leaf_spot,True,True,0.9217652200475541,True,1.0,0.1437350017368744,0.19339013684482315,0.8063208694752552,False,0.3064966121960941
Hybrid_CNN_ViT,PV-Test,2d640131-6b73-4b67-bb77-00266ff41bb8___JR_Sept.L.S 8531.JPG,Tomato___Septoria_leaf_spot,Tomato___Septoria_leaf_spot,True,True,0.9356716502145772,True,1.0,0.0782327952176142,0.12059395948965616,0.6933297280031716,False,0.18652849740932642
Hybrid_CNN_ViT,PV-Test,47540ec0-31bf-4ad5-84e9-601d0d0829e4___Matt.S_CG 6002.JPG,Tomato___Septoria_leaf_spot,Tomato___Septoria_leaf_spot,True,True,0.8748100332404614,True,1.0,0.03255515971198863,0.05523446019629226,0.6737456293920766,False,0.004782781984854523
Hybrid_CNN_ViT,PV-Test,aae2d0b1-30cb-4ba8-a017-f9051d38192b___JR_Sept.L.S 8464.JPG,Tomato___Septoria_leaf_spot,Tomato___Septoria_leaf_spot,True,True,0.9509907637834454,True,1.0,0.04663369049328123,0.09086856851757515,0.5396470414709106,False,0.14667198086887206
Hybrid_CNN_ViT,PV-Test,d2871bcd-6d69-4d4f-be2a-b11648666d55___Keller.St_CG 2015.JPG,Tomato___Septoria_leaf_spot,Tomato___Septoria_leaf_spot,True,True,0.9451707021277856,True,1.0,0.02485372628528459,0.0479907683953299,0.5479280784972338,False,0.09824631327222001
Hybrid_CNN_ViT,PV-Test,c7c2e116-d4da-4b0f-a2dc-24d3ecedf587___Keller.St_CG 1846.JPG,Tomato___Septoria_leaf_spot,Tomato___Septoria_leaf_spot,True,True,0.9024678397040191,True,1.0,0.2804408664615436,0.3106227663295567,1.0004059885281282,False,0.6159824631327222
Hybrid_CNN_ViT,PV-Test,a90aa234-3af2-4fe7-b8eb-415427e16700___Matt.S_CG 2484.JPG,Tomato___Septoria_leaf_spot,Tomato___Septoria_leaf_spot,True,True,0.9577615267379073,True,1.0,0.6559211854014709,0.6712708397483834,1.0202262396169801,True,0.8242327620565962
Hybrid_CNN_ViT,PV-Test,fbac63f2-cfbc-4c5c-a623-e40b1314fc83___Com.G_SpM_FL 8784.JPG,Tomato___Spider_mites Two-spotted_spider_mite,Tomato___Spider_mites Two-spotted_spider_mite,True,True,0.9601946615193135,True,1.0,0.06937419783409249,0.08318144997974888,0.868584751682613,False,0.3282184137106417
Hybrid_CNN_ViT,PV-Test,e1c88203-3d8b-410f-9d4b-d35c7a735ddf___Com.G_SpM_FL 1267.JPG,Tomato___Spider_mites Two-spotted_spider_mite,Tomato___Spider_mites Two-spotted_spider_mite,True,True,0.9122202612041478,True,1.0,0.012577826681721482,0.01781394325929184,0.7740086732606904,False,0.0876843363889996
Hybrid_CNN_ViT,PV-Test,e872312d-c093-4320-992a-410031e3fa58___Com.G_SpM_FL 1571.JPG,Tomato___Spider_mites Two-spotted_spider_mite,Tomato___Spider_mites Two-spotted_spider_mite,True,True,0.961512920900385,True,1.0,0.017830091395041783,0.013286934514394179,1.3956407774667017,False,0.04862495017935432
Hybrid_CNN_ViT,PV-Test,2339bb0d-0389-46c0-9c13-dd5689506143___Com.G_SpM_FL 8516.JPG,Tomato___Spider_mites Two-spotted_spider_mite,Tomato___Spider_mites Two-spotted_spider_mite,True,True,0.9655826546988231,True,1.0,0.10261771714095126,0.15912546531746447,0.6678719543073681,False,0.23893981666002392
Hybrid_CNN_ViT,PV-Test,187be065-ec6f-4e93-a647-e7385dca9272___Com.G_SpM_FL 9305.JPG,Tomato___Spider_mites Two-spotted_spider_mite,Tomato___Spider_mites Two-spotted_spider_mite,True,True,0.9369161778722467,True,1.0,0.018905198224611987,0.02332199195793381,0.8651967035486051,False,0.08569151056197688
Hybrid_CNN_ViT,PV-Test,71c23873-073d-4ab2-a608-edaff9d2cda1___Com.G_SpM_FL 9499.JPG,Tomato___Spider_mites Two-spotted_spider_mite,Tomato___Spider_mites Two-spotted_spider_mite,True,True,0.9574649099159196,True,1.0,0.030670152337251393,0.026980090553867145,1.1872704633147175,False,0.10502192108409725
Hybrid_CNN_ViT,PV-Test,1f100e65-f5ab-4991-8665-f9fb28f5c0e2___Com.G_SpM_FL 1179.JPG,Tomato___Spider_mites Two-spotted_spider_mite,Tomato___Spider_mites Two-spotted_spider_mite,True,True,0.9235825748606317,True,1.0,0.03556415134192961,0.03864662767453913,0.9963802627510854,False,0.14527700278995614
Hybrid_CNN_ViT,PV-Test,85247ca8-8c30-4c83-9315-0755cd4be8c2___Com.G_SpM_FL 9503.JPG,Tomato___Spider_mites Two-spotted_spider_mite,Tomato___Spider_mites Two-spotted_spider_mite,True,True,0.928763638618916,True,1.0,,0.0,,,
Hybrid_CNN_ViT,PV-Test,939c6274-f21d-4d60-88db-c882d85d0b19___Com.G_TgS_FL 1025.JPG,Tomato___Target_Spot,Tomato___Target_Spot,True,True,0.9401800825250878,True,1.0,0.27642094241792764,0.24094693028095734,1.2202210117536387,True,0.867277799920287
Hybrid_CNN_ViT,PV-Test,b2bf7586-9182-403a-b639-2eb26a2440b4___Com.G_TgS_FL 9688.JPG,Tomato___Target_Spot,Tomato___Target_Spot,True,True,0.9357273853872531,True,1.0,0.07294416341939469,0.06446670595167943,1.2092211321707793,False,0.27182144280589876
Hybrid_CNN_ViT,PV-Test,4ab417ba-7f9c-44ee-a7d1-1cd78fe68b58___Com.G_TgS_FL 0046.JPG,Tomato___Target_Spot,Tomato___Target_Spot,True,True,0.9768645742436791,True,1.0,0.003275664906935276,0.005909310178485287,0.5674509417517689,False,0.0
Hybrid_CNN_ViT,PV-Test,8f2a090d-92c1-4bf4-8806-a15a6de7d304___Com.G_TgS_FL 8219.JPG,Tomato___Target_Spot,Tomato___Target_Spot,True,True,0.9709267143460201,True,1.0,0.13554167720488158,0.12358742551880009,1.1295673205856975,False,0.3740534077321642
Hybrid_CNN_ViT,PV-Test,9c35d282-72c1-458b-b430-2cefb43bebad___Com.G_TgS_FL 9883.JPG,Tomato___Target_Spot,Tomato___Target_Spot,True,True,0.9533218570866142,True,1.0,0.045436658023923965,0.061073170731707316,0.7803983856247173,False,0.0693503387803906
Hybrid_CNN_ViT,PV-Test,3f56fdf7-aa72-42e5-9add-2ecdf310a32f___Com.G_TgS_FL 7959.JPG,Tomato___Target_Spot,Tomato___Target_Spot,True,True,0.9605266929895449,True,1.0,0.06753157098658612,0.10121457489878542,0.6946313165653308,False,0.10601833399760861
Hybrid_CNN_ViT,PV-Test,99c0eb04-8170-42e3-9dcf-392415815f44___Com.G_TgS_FL 8309.JPG,Tomato___Target_Spot,Tomato___Target_Spot,True,True,0.9669902947592197,True,1.0,0.1580646848873132,0.16013955516790232,1.020737609397081,True,0.6219609406137904
Hybrid_CNN_ViT,PV-Test,160f7688-821b-4d25-a867-62d0cf492777___Com.G_TgS_FL 0808.JPG,Tomato___Target_Spot,Tomato___Target_Spot,True,True,0.967034666353466,True,1.0,0.008771314894628275,0.025627786904482516,0.35392525653019175,False,0.0
Hybrid_CNN_ViT,PV-Test,be5ad5cb-4b22-46bb-bcc9-dcb86b64673f___YLCV_GCREC 5290.JPG,Tomato___Tomato_Yellow_Leaf_Curl_Virus,Tomato___Tomato_Yellow_Leaf_Curl_Virus,True,True,0.8522039811979376,True,0.997807891590275,0.1598071482703504,0.20412014467683598,0.9186853173799203,True,0.4625348744519729
Hybrid_CNN_ViT,PV-Test,d8da67f2-2a7e-4b78-9069-169cd2867d82___UF.GRC_YLCV_Lab 01424.JPG,Tomato___Tomato_Yellow_Leaf_Curl_Virus,Tomato___Tomato_Yellow_Leaf_Curl_Virus,True,True,0.922636867497797,True,1.0,0.001166537419765688,0.0018722901064249114,0.6752968556927647,False,0.0
Hybrid_CNN_ViT,PV-Test,a5e84295-fbcc-4353-af35-59aca809604f___UF.GRC_YLCV_Lab 01898.JPG,Tomato___Tomato_Yellow_Leaf_Curl_Virus,Tomato___Tomato_Yellow_Leaf_Curl_Virus,True,True,0.9538494768923157,True,1.0,0.005723956529310668,0.012899855328725285,0.4651913613550988,False,0.0
Hybrid_CNN_ViT,PV-Test,88c24e1f-e1a5-4803-8eee-99f06ae0a059___UF.GRC_YLCV_Lab 01716.JPG,Tomato___Tomato_Yellow_Leaf_Curl_Virus,Tomato___Tomato_Yellow_Leaf_Curl_Virus,True,True,0.972122249414446,True,1.0,0.005057321663467317,0.008548047318100794,0.6086011609493529,False,0.0
Hybrid_CNN_ViT,PV-Test,4258a0bb-8c13-4ef0-b9bf-b3cfb6ffab4b___UF.GRC_YLCV_Lab 03253.JPG,Tomato___Tomato_Yellow_Leaf_Curl_Virus,Tomato___Tomato_Yellow_Leaf_Curl_Virus,True,True,0.9263921833737637,True,1.0,0.04081558198177225,0.08515362767880197,0.5174018260584334,False,0.026903148664806698
Hybrid_CNN_ViT,PV-Test,3ec5af5c-981d-4f81-82d4-bb91c0cb07ac___YLCV_GCREC 5121.JPG,Tomato___Tomato_Yellow_Leaf_Curl_Virus,Tomato___Tomato_Yellow_Leaf_Curl_Virus,True,True,0.951821248736813,True,1.0,0.016592295387581463,0.026261063016878656,0.6638023307881638,False,0.00019928258270227183
Hybrid_CNN_ViT,PV-Test,2f3ee17d-5e55-4681-bdc2-4f66e2c582cd___YLCV_NREC 2934.JPG,Tomato___Tomato_Yellow_Leaf_Curl_Virus,Tomato___Tomato_Yellow_Leaf_Curl_Virus,True,True,0.9733180362700921,True,1.0,0.47631537088801984,0.38142349438094325,1.2830169230466812,False,0.8822239936229573
Hybrid_CNN_ViT,PV-Test,3ba3682a-ae6e-4b3b-9209-e3164f00b6fe___UF.GRC_YLCV_Lab 08544.JPG,Tomato___Tomato_Yellow_Leaf_Curl_Virus,Tomato___Tomato_Yellow_Leaf_Curl_Virus,True,True,0.9608349960240617,True,1.0,0.004046936285139971,0.015878843506195502,0.2652520112582124,False,0.0
Hybrid_CNN_ViT,PV-Test,2324b02b-1f9d-46a2-82f2-23856019d516___PSU_CG 2382.JPG,Tomato___Tomato_mosaic_virus,Tomato___Tomato_mosaic_virus,True,True,0.9368190772221643,True,1.0,0.027464611643800377,0.024956100675783535,1.174737972907247,False,0.13252291749701076
Hybrid_CNN_ViT,PV-Test,696758e5-0f10-4599-b596-e9e7566c4791___PSU_CG 2062.JPG,Tomato___Tomato_mosaic_virus,Tomato___Tomato_mosaic_virus,True,True,0.8643089797301323,True,1.0,0.059138624337723655,0.07527236711786069,0.9090057263672028,False,0.13272220007971303
Hybrid_CNN_ViT,PV-Test,b2cb36e6-ff72-4518-b344-a6500af4fa40___PSU_CG 2332.JPG,Tomato___Tomato_mosaic_virus,Tomato___Tomato_mosaic_virus,True,True,0.9339269527031401,True,1.0,0.025844511897427397,0.030963613686893335,0.8937247497076477,False,0.06895177361498606
Hybrid_CNN_ViT,PV-Test,1170f108-86a3-4bc6-8a06-c82e55178f91___PSU_CG 2327.JPG,Tomato___Tomato_mosaic_virus,Tomato___Tomato_mosaic_virus,True,True,0.9283765110561555,True,1.0,0.07523432231655704,0.11036445090204625,0.7342816289305465,False,0.23455559984057395
Hybrid_CNN_ViT,PV-Test,a4453e9a-4ede-4377-be38-fd77e9bf16f0___PSU_CG 2308.JPG,Tomato___Tomato_mosaic_virus,Tomato___Tomato_mosaic_virus,True,True,0.9242230848292877,True,1.0,0.013734798201537548,0.031824832775919736,0.4669596348315604,False,0.0
Hybrid_CNN_ViT,PV-Test,79f7f0e7-f4c8-4cf4-9c5d-2c4c4675fc04___PSU_CG 2147.JPG,Tomato___Tomato_mosaic_virus,Tomato___Tomato_mosaic_virus,True,True,0.9411516197808667,True,1.0,0.0040923801773266565,0.006809612246046486,0.638548656356681,False,0.007772020725388601
Hybrid_CNN_ViT,PV-Test,a142b58c-1713-4e17-a68c-96eaf4b5ae23___PSU_CG 2219.JPG,Tomato___Tomato_mosaic_virus,Tomato___Tomato_mosaic_virus,True,True,0.9111335484867454,True,1.0,0.005226234378525929,0.005684969495285635,1.0089710510853862,False,0.017138302112395375
Hybrid_CNN_ViT,PV-Test,6ebb483a-d1b6-4d7d-aad1-e717c2a36167___PSU_CG 2286.JPG,Tomato___Tomato_mosaic_virus,Tomato___Tomato_mosaic_virus,True,True,0.9380890341924343,True,1.0,0.005162268335250119,0.02582520950914999,0.21308489394193778,False,0.0
Hybrid_CNN_ViT,PV-Test,c1aad9bf-ed08-4cb9-9ef0-8c0d4a3de010___GH_HL Leaf 319.JPG,Tomato___healthy,Tomato___healthy,True,True,0.9672877070391948,True,1.0,,0.0,,,
Hybrid_CNN_ViT,PV-Test,316e62fa-d8a8-4451-80a8-a546c8c43511___RS_HL 9633.JPG,Tomato___healthy,Tomato___healthy,True,True,0.9369676338258136,True,1.0,,0.0,,,
Hybrid_CNN_ViT,PV-Test,9d447b38-bd33-46f0-880b-324481fbae19___RS_HL 0366.JPG,Tomato___healthy,Tomato___healthy,True,True,0.7540382627257219,True,0.9918294141092069,,0.0,,,
Hybrid_CNN_ViT,PV-Test,7d1cbe82-bda7-498a-ac8f-f01a0e279940___RS_HL 9639.JPG,Tomato___healthy,Tomato___healthy,True,True,0.9326914561068973,True,1.0,,0.0,,,
Hybrid_CNN_ViT,PV-Test,48af8eac-8662-400b-a0bb-024a28ed3cc9___RS_HL 0266.JPG,Tomato___healthy,Tomato___healthy,True,True,0.9525324158374188,True,1.0,,0.0,,,
Hybrid_CNN_ViT,PV-Test,225003c5-d8a1-48ce-b315-42df4b99c51a___RS_HL 0464.JPG,Tomato___healthy,Tomato___healthy,True,True,0.9499460659142536,True,1.0,,0.0,,,
Hybrid_CNN_ViT,PV-Test,a8036d3b-eda1-4309-b2ac-5a409963f4d7___RS_HL 9840.JPG,Tomato___healthy,Tomato___healthy,True,True,0.8407990529543622,True,0.9986050219210841,,0.0,,,
Hybrid_CNN_ViT,PV-Test,9d06e189-6e39-4fb9-853b-e2ce180469a5___RS_HL 0407.JPG,Tomato___healthy,Tomato___healthy,True,True,0.9305082198545038,True,1.0,,0.0,,,
Hybrid_CNN_ViT,Field-Test,Bs68_lower.jpg,Tomato___Bacterial_spot,Tomato___Bacterial_spot,True,True,0.9315573767386851,True,1.0,0.004935261090278362,0.006896968963639664,0.7681433094669594,False,0.006974890394579514
Hybrid_CNN_ViT,Field-Test,ee6fafa1-2ab6-43c1-83fe-082b265e64f5___GCREC_Bact.Sp 2964.JPG,Tomato___Bacterial_spot,Tomato___Bacterial_spot,True,True,0.9749162486476999,True,1.0,0.00283353723966889,0.0021067094114953057,1.379612055059804,False,0.02849740932642487
Hybrid_CNN_ViT,Field-Test,30c04c65-4c7c-4b4b-b9e9-0d7faea2716e___GCREC_Bact.Sp 3841.JPG,Tomato___Bacterial_spot,Tomato___Bacterial_spot,True,True,0.982669939938683,True,1.0,0.04804277881526501,0.08480275921534813,0.5765148057162001,False,0.08389796731765643
Hybrid_CNN_ViT,Field-Test,4128179b-06ee-4ad1-b2a9-792c448f5eb8___UF.GRC_BS_Lab Leaf 0219.JPG,Tomato___Bacterial_spot,Tomato___Bacterial_spot,True,True,0.9665551645288201,True,1.0,0.027185797252563593,0.05779400654746915,0.4866678142577087,False,0.0015942606616181746
Hybrid_CNN_ViT,Field-Test,97135339-c428-4fec-9805-718d83ef7fcf___GCREC_Bact.Sp 5722.JPG,Tomato___Bacterial_spot,Tomato___Bacterial_spot,True,True,0.9644245537662084,True,1.0,0.2142445591903219,0.16569948186528496,1.340665373144075,True,0.6261458748505381
Hybrid_CNN_ViT,Field-Test,Bs47_change_90.jpg,Tomato___Bacterial_spot,Tomato___Bacterial_spot,True,True,0.9165473736230081,True,1.0,0.10179633917339671,0.07998410034449253,1.3885885458479708,True,0.4159027500996413
Hybrid_CNN_ViT,Field-Test,Bs98_mirror.jpg,Tomato___Bacterial_spot,Tomato___Bacterial_spot,True,True,0.9669652049894222,True,1.0,0.12551710833133883,0.17934491467054411,0.7237740563967728,False,0.11159824631327223
Hybrid_CNN_ViT,Field-Test,e99d601c-2ff0-4029-84c9-74e17fae209f___GCREC_Bact.Sp 6259.JPG,Tomato___Bacterial_spot,Tomato___Bacterial_spot,True,True,0.9784399744175454,True,1.0,0.014086568106850765,0.018553741252467254,0.7759603246385652,False,0.03407732164208848
Hybrid_CNN_ViT,Field-Test,49c8f57f-3418-45db-b807-6192c20dfc6a___RS_Erly.B 7784_180deg.JPG,Tomato___Early_blight,Tomato___Early_blight,True,True,0.9766514241314088,True,1.0,0.30519828187051373,0.19442882698696654,1.6072441018601986,True,0.6817457154244719
Hybrid_CNN_ViT,Field-Test,Early Blight_21.jpg,Tomato___Early_blight,Tomato___Early_blight,True,True,0.9650930577605101,True,1.0,0.2785191769441138,0.25152922779745207,1.147354052673605,False,0.5791151853328019
Hybrid_CNN_ViT,Field-Test,30901e71-e656-4e7e-b3ec-0f813c307b88___RS_Erly.B 9396.JPG,Tomato___Early_blight,Tomato___Early_blight,True,True,0.9453422332894584,True,1.0,0.1128165163116659,0.14052212082707635,0.8492565960824648,False,0.2495017935432443
Hybrid_CNN_ViT,Field-Test,54e98d19-a7a0-44d8-a004-1eaee5f3610b___RS_Erly.B 7348_180deg.JPG,Tomato___Early_blight,Tomato___Early_blight,True,True,0.9633443348973162,True,1.0,0.070683738297764,0.09616001711412986,0.763033192556567,False,0.18612993224392188
Hybrid_CNN_ViT,Field-Test,Early Blight_171.jpg,Tomato___Early_blight,Tomato___Early_blight,True,True,0.8897589641008848,True,1.0,0.007753304451547788,0.005757021413967503,1.5136191751366004,False,0.05121562375448386
Hybrid_CNN_ViT,Field-Test,Early Blight_127.jpg,Tomato___Early_blight,Tomato___Early_blight,True,True,0.967783082869325,True,1.0,0.16668117389022866,0.2119009890169936,0.8127847386754384,False,0.15743324033479475
Hybrid_CNN_ViT,Field-Test,99ea67c9-4c24-40b3-8a62-88233a53dc4a___RS_Erly.B 7522_180deg.JPG,Tomato___Early_blight,Tomato___Early_blight,True,True,0.9270859198094198,True,1.0,0.13759823036484106,0.15731737721266517,0.943444085081246,True,0.3762455161418892
Hybrid_CNN_ViT,Field-Test,EB_(594).JPG,Tomato___Early_blight,Tomato___Early_blight,True,True,0.968523776366928,True,1.0,0.1402992138224089,0.15549254195152268,0.9316126722031487,False,0.5540055799123157
Hybrid_CNN_ViT,Field-Test,ebbdadc5-972c-45fb-a6c2-99e8015cf4a9___RS_Late.B 5479.JPG,Tomato___Late_blight,Tomato___Late_blight,True,True,0.7851970509397175,True,0.9549621363092866,0.016341762969756344,0.04572630646589903,0.45514955705261956,False,0.06217616580310881
Hybrid_CNN_ViT,Field-Test,a5278b93-6815-488a-b359-27edb3ff7220___RS_Late.B 5381.JPG,Tomato___Late_blight,Tomato___Late_blight,True,True,0.9743777759046311,True,1.0,0.26087903759747905,0.15159273093549336,1.7661737960413617,True,0.70964527700279
Hybrid_CNN_ViT,Field-Test,2e5a8b76-c1d5-432c-bbde-7589e087b120___GHLB2 Leaf 8976_flipLR.JPG,Tomato___Late_blight,Tomato___Late_blight,True,True,0.6956737814823012,True,0.8180550019928259,0.025049116825876162,0.025761912779929282,1.3976829801441273,False,0.09844559585492228
Hybrid_CNN_ViT,Field-Test,869168d7-a45c-40e6-888b-ad5ba94a657e___RS_Late.B 6193.JPG,Tomato___Late_blight,Tomato___Late_blight,True,True,0.7483672016570082,True,0.9023515344758868,0.009898594889587322,0.01684751570531125,0.7850963081683098,False,0.046831406935033876
Hybrid_CNN_ViT,Field-Test,960137a5-2b52-4349-8c33-cb8b7afed9eb___GHLB2 Leaf 8765.JPG,Tomato___Late_blight,Tomato___Late_blight,True,True,0.9320579505912899,True,1.0,0.06606391064709803,0.09073630860199916,0.7811604658136878,False,0.09445994420087685
Hybrid_CNN_ViT,Field-Test,a5f089d1-5a8e-4c1f-bcc2-c1154c28e824___GHLB2 Leaf 8926.JPG,Tomato___Late_blight,Tomato___Late_blight,True,True,0.9281800763257156,True,1.0,0.008490945805340412,0.012596604393598247,0.7262235645470525,False,0.0
Hybrid_CNN_ViT,Field-Test,3fae9c64-18f0-4a67-9f97-554248bb1bed___GHLB_PS Leaf 24 Day 16_flipLR.jpg,Tomato___Late_blight,Tomato___Late_blight,True,True,0.8953882521726478,True,0.9958150657632523,0.1084398740962941,0.10360633053705785,1.16893757826845,True,0.38162614587485055
Hybrid_CNN_ViT,Field-Test,LB_ (387).png,Tomato___Late_blight,Tomato___Late_blight,True,True,0.9317473537685613,True,1.0,0.00415431093531644,0.007598585091052011,0.5867702678054149,False,0.013949780789159028
Hybrid_CNN_ViT,Field-Test,Blm53_hight.jpg,Tomato___Leaf_Mold,Tomato___Leaf_Mold,True,True,0.9324804014739566,True,1.0,0.030357958315079918,0.02262727844123193,1.4388003223250916,True,0.14308489438023117
Hybrid_CNN_ViT,Field-Test,d2c889b0-0223-4e09-9d9f-cdf019b65120___Crnl_L.Mold 8631.JPG,Tomato___Leaf_Mold,Tomato___Leaf_Mold,True,True,0.9753006187091335,True,1.0,0.0458818824701042,0.0970622600567518,0.4846769082875764,False,0.04503786369071343
Hybrid_CNN_ViT,Field-Test,6e8f1122-d902-408e-a33e-2d5514112e38___Crnl_L.Mold 6944.JPG,Tomato___Leaf_Mold,Tomato___Leaf_Mold,True,True,0.9081668776333021,True,1.0,0.017537160741040402,0.02637826431020839,0.7320612324305523,False,0.038660821044240734
Hybrid_CNN_ViT,Field-Test,ba913a0e-102c-4fc0-b617-22f85f9f6d31___Crnl_L.Mold 6504_180deg.JPG,Tomato___Leaf_Mold,Tomato___Leaf_Mold,True,True,0.9010768125821279,True,1.0,0.00033066768326956884,0.004105879269677645,0.08937658638880644,False,0.0
Hybrid_CNN_ViT,Field-Test,da6cc51a-6ba2-4b1d-aa4f-5d699860da6b___Crnl_L.Mold 6767_180deg.JPG,Tomato___Leaf_Mold,Tomato___Leaf_Mold,True,True,0.9210182151514175,True,1.0,0.19443853871329506,0.22170767004341535,0.9522114758229856,False,0.4846552411319251
Hybrid_CNN_ViT,Field-Test,f3b8f9e3-6c47-4797-9da6-d8b09e19048c___Crnl_L.Mold 9023_flipTB.JPG,Tomato___Leaf_Mold,Tomato___Leaf_Mold,True,True,0.9649203622651431,True,1.0,0.024929802373042837,0.029440832249674902,0.8775609341876219,False,0.037863690713431646
Hybrid_CNN_ViT,Field-Test,28d202ba-1fd8-4200-9727-ad3d977d58f9___Crnl_L.Mold 6758.JPG,Tomato___Leaf_Mold,Tomato___Leaf_Mold,True,True,0.9745346889307211,True,1.0,0.06045837314568509,0.09341380215166623,0.6641223636405473,False,0.07034675169390195
Hybrid_CNN_ViT,Field-Test,cd0904a9-a70f-487c-bcc3-18b26a574837___Crnl_L.Mold 8803.JPG,Tomato___Leaf_Mold,Tomato___Leaf_Mold,True,True,0.9501030528766463,True,1.0,0.030544482852313145,0.06362417606971288,0.5052890555835541,False,0.048824232762056594
Hybrid_CNN_ViT,Field-Test,f313bc43-c255-4921-acf9-335322107c45___Keller.St_CG 1864.JPG,Tomato___Septoria_leaf_spot,Tomato___Septoria_leaf_spot,True,True,0.9531996540205224,True,1.0,0.16675828207824614,0.15519208824648156,1.1272856001840132,False,0.3033080908728577
Hybrid_CNN_ViT,Field-Test,img_6564_jpg.rf.904f99409fa1be959893d51c796cf8e6.jpg,Tomato___Septoria_leaf_spot,Tomato___Septoria_leaf_spot,True,True,0.9091189838453155,True,1.0,0.06634263613610489,0.06383592373017144,1.1431595544599256,False,0.28836189717018734
Hybrid_CNN_ViT,Field-Test,Gls7_change_270.jpg,Tomato___Septoria_leaf_spot,Tomato___Septoria_leaf_spot,True,True,0.971918050850693,True,1.0,,0.0,,,
Hybrid_CNN_ViT,Field-Test,Gls18.jpg,Tomato___Septoria_leaf_spot,Tomato___Septoria_leaf_spot,True,True,0.9637875046108925,True,1.0,0.012974301191850685,0.009438884409239671,1.4262052032552857,False,0.14627341570346752
Hybrid_CNN_ViT,Field-Test,Tomato-leaf-spot2_jpg.rf.b8bbe3d9e0eba5802681c933904680c8.jpg,Tomato___Septoria_leaf_spot,Tomato___Septoria_leaf_spot,True,True,0.9372279251951308,True,1.0,0.21989033685818885,0.26301808522251735,0.892021480613887,False,0.2534874451972898
Hybrid_CNN_ViT,Field-Test,1f55c2e9-67b2-4377-a426-4932a77c3439___Matt.S_CG 7778_180deg.JPG,Tomato___Septoria_leaf_spot,Tomato___Septoria_leaf_spot,True,True,0.9118551665001003,True,1.0,0.14827220748971803,0.17619688305863887,0.9228596734435413,False,0.3457552809884416
Hybrid_CNN_ViT,Field-Test,SS_ (864).jpg,Tomato___Septoria_leaf_spot,Tomato___Septoria_leaf_spot,True,True,0.9348614309076769,True,1.0,0.0300206726984993,0.041283486605357855,0.7778517056062271,False,0.04982064567556795
Hybrid_CNN_ViT,Field-Test,0edb366d-1253-4498-a05a-8f666405edc6___Matt.S_CG 7862_180deg.JPG,Tomato___Septoria_leaf_spot,Tomato___Septoria_leaf_spot,True,True,0.9577578966585705,True,1.0,0.05252226912882866,0.05983949755757153,0.9164310620616928,False,0.11677959346353128
Hybrid_CNN_ViT,Field-Test,4024f51d-f79c-44dc-8ab9-61adf6005644___Com.G_SpM_FL 1248.JPG,Tomato___Spider_mites Two-spotted_spider_mite,Tomato___Spider_mites Two-spotted_spider_mite,True,True,0.9605829392208206,True,1.0,0.042129016277853815,0.03143063583815029,1.395382533980857,False,0.20067756078118773
Hybrid_CNN_ViT,Field-Test,2cfa680e-a8f9-43b5-856d-cb8fe9607a73___Com.G_SpM_FL 9334_180deg.JPG,Tomato___Spider_mites Two-spotted_spider_mite,Tomato___Spider_mites Two-spotted_spider_mite,True,True,0.9659088970179852,True,1.0,0.11952987842997256,0.1315456197345961,0.9407276738813778,False,0.24073335990434436
Hybrid_CNN_ViT,Field-Test,e4f581da-1a38-430b-9a91-fe00308afd4f___Com.G_SpM_FL 9469.JPG,Tomato___Spider_mites Two-spotted_spider_mite,Tomato___Spider_mites Two-spotted_spider_mite,True,True,0.9238430526660153,True,1.0,0.04816475800004411,0.03506650544135429,1.4867525667911037,False,0.23993622957353528
Hybrid_CNN_ViT,Field-Test,e296dcef-fb0f-4c22-856d-6918232d6682___Com.G_SpM_FL 1246.JPG,Tomato___Spider_mites Two-spotted_spider_mite,Tomato___Spider_mites Two-spotted_spider_mite,True,True,0.9614404727513052,True,1.0,0.07581396012384034,0.08412931667891256,0.9373017347376034,False,0.2220007971303308
Hybrid_CNN_ViT,Field-Test,72ea3559-17ea-4441-8188-bc561e66ff06___Com.G_SpM_FL 1400.JPG,Tomato___Spider_mites Two-spotted_spider_mite,Tomato___Spider_mites Two-spotted_spider_mite,True,True,0.931655799554326,True,1.0,0.034710462727922484,0.05120063504663624,0.7276617790998654,False,0.0735352730171383
Hybrid_CNN_ViT,Field-Test,22219bbe-58a4-4818-b080-05ac837ef496___Com.G_SpM_FL 1261.JPG,Tomato___Spider_mites Two-spotted_spider_mite,Tomato___Spider_mites Two-spotted_spider_mite,True,True,0.9508178396978956,True,1.0,0.04614841393754796,0.06578410217530764,0.7377997540242814,False,0.15763252291749702
Hybrid_CNN_ViT,Field-Test,87457821-e967-41c9-bda0-4e375fdeaa59___Com.G_SpM_FL 1609.JPG,Tomato___Spider_mites Two-spotted_spider_mite,Tomato___Spider_mites Two-spotted_spider_mite,True,True,0.945357008280571,True,1.0,0.023885968789714464,0.03055260361317747,0.8269871983211102,False,0.17457154244719011
Hybrid_CNN_ViT,Field-Test,d05b2e21-1ba0-473a-889b-2a438dadac39___Com.G_SpM_FL 8750.JPG,Tomato___Spider_mites Two-spotted_spider_mite,Tomato___Spider_mites Two-spotted_spider_mite,True,True,0.9649870592653637,True,1.0,0.018940367025303304,0.018807339449541285,1.0436131385090213,False,0.10860900757273814
Hybrid_CNN_ViT,Field-Test,fc089812-4537-413d-bade-e028fe9edac4___Com.G_TgS_FL 8255.JPG,Tomato___Target_Spot,Tomato___Target_Spot,True,True,0.9589520691732282,True,1.0,0.1284166293667753,0.13649101598988955,0.9811158671688631,False,0.23794340374651254
Hybrid_CNN_ViT,Field-Test,6109be79-316c-4075-9a0f-556cde1c0977___Com.G_TgS_FL 0727.JPG,Tomato___Target_Spot,Tomato___Target_Spot,True,True,0.9547603929407105,True,1.0,0.14775879634579211,0.1398287119477656,1.1067832884341824,True,0.38142686329214825
Hybrid_CNN_ViT,Field-Test,bfd0d33e-8230-4571-8e53-7059a4759653___Com.G_TgS_FL 0787.JPG,Tomato___Target_Spot,Tomato___Target_Spot,True,True,0.9624076133915331,True,1.0,0.035388105595376876,0.03336003662165255,1.1022287780836386,False,0.16939019529693106
Hybrid_CNN_ViT,Field-Test,23bc8a9f-5b65-4e12-96f5-fe706f31b32e___Com.G_TgS_FL 8171.JPG,Tomato___Target_Spot,Tomato___Target_Spot,True,True,0.9427577841869172,True,1.0,0.030097795275375854,0.06071995764955003,0.5257788314347075,False,0.048824232762056594
Hybrid_CNN_ViT,Field-Test,22a3ebce-e4fe-48a6-b503-229da56ac0d8___Com.G_TgS_FL 7917.JPG,Tomato___Target_Spot,Tomato___Target_Spot,True,True,0.9665170812863138,True,1.0,0.0485639180199876,0.04481287655569726,1.1212471734590264,False,0.24093264248704663
Hybrid_CNN_ViT,Field-Test,4dfda385-7a48-4280-915b-28812f9fc574___Com.G_TgS_FL 0741_flipTB.JPG,Tomato___Target_Spot,Tomato___Target_Spot,True,True,0.9631130555441197,True,1.0,0.02056815436731258,0.03046883381611415,0.7009099432498825,False,0.10522120366679952
Hybrid_CNN_ViT,Field-Test,b535d475-5112-432a-9309-57e97813b6ae___Com.G_TgS_FL 1028.JPG,Tomato___Target_Spot,Tomato___Target_Spot,True,True,0.9627642817550297,True,1.0,0.04479229818110239,0.06205123659250066,0.7497784175907342,False,0.09107214029493822
Hybrid_CNN_ViT,Field-Test,3af60900-f42e-490e-a5ff-94c410e856d9___Com.G_TgS_FL 0804_newPixel25.JPG,Tomato___Target_Spot,Tomato___Target_Spot,True,True,0.501991440770997,True,0.7239936229573535,0.026802259218761518,0.04121022430881586,1.2955975333685146,False,0.13989637305699482
Hybrid_CNN_ViT,Field-Test,Curl_110.jpg,Tomato___Tomato_Yellow_Leaf_Curl_Virus,Tomato___Tomato_Yellow_Leaf_Curl_Virus,True,True,0.8584041710307211,True,1.0,0.24355015928250667,0.23134461264470169,1.2264143070225089,True,0.5894778796333201
Hybrid_CNN_ViT,Field-Test,f2d61698-7005-4449-a2ac-e0750f8d9615___YLCV_GCREC 2784.JPG,Tomato___Tomato_Yellow_Leaf_Curl_Virus,Tomato___Tomato_Yellow_Leaf_Curl_Virus,True,True,0.9629410197106233,True,1.0,0.04642347179606667,0.030449452243095764,1.5832826197084249,False,0.3005181347150259
Hybrid_CNN_ViT,Field-Test,a5416516-80f0-4004-88f6-186b79696707___UF.GRC_YLCV_Lab 01840.JPG,Tomato___Tomato_Yellow_Leaf_Curl_Virus,Tomato___Tomato_Yellow_Leaf_Curl_Virus,True,True,0.9513052471712584,True,1.0,0.0025552975558395105,0.0047099421749673565,0.570303467448361,False,0.0
Hybrid_CNN_ViT,Field-Test,cad14233-257e-4942-876b-25e4911fc1cf___YLCV_NREC 2036.JPG,Tomato___Tomato_Yellow_Leaf_Curl_Virus,Tomato___Tomato_Yellow_Leaf_Curl_Virus,True,True,0.9552484982398666,True,1.0,0.35390643964600005,0.29002095760116076,1.2774464957536331,True,0.8214428058987644
Hybrid_CNN_ViT,Field-Test,e28c69d4-9035-4c1f-a1e5-08b969ddbb32___UF.GRC_YLCV_Lab 01740.JPG,Tomato___Tomato_Yellow_Leaf_Curl_Virus,Tomato___Tomato_Yellow_Leaf_Curl_Virus,True,True,0.9719862376975362,True,1.0,0.004487094871066112,0.004975978037062457,0.927740853420961,False,0.0
Hybrid_CNN_ViT,Field-Test,a59f7637-08fc-4ffc-9c42-e618eabd1bcc___UF.GRC_YLCV_Lab 01621.JPG,Tomato___Tomato_Yellow_Leaf_Curl_Virus,Tomato___Tomato_Yellow_Leaf_Curl_Virus,True,True,0.9499191804279605,True,1.0,0.00454770426459174,0.0063126624582250275,0.7583906849737292,False,0.0
Hybrid_CNN_ViT,Field-Test,78231f4b-f77d-4ef8-84d0-b1a2f2fbfdcf___UF.GRC_YLCV_Lab 09447.JPG,Tomato___Tomato_Yellow_Leaf_Curl_Virus,Tomato___Tomato_Yellow_Leaf_Curl_Virus,True,True,0.9521271740540187,True,1.0,0.008615378902149202,0.01248994907531493,0.7244672446031344,False,0.0
Hybrid_CNN_ViT,Field-Test,ed864a58-8a10-451c-9a65-c12a71b6c10a___UF.GRC_YLCV_Lab 01425.JPG,Tomato___Tomato_Yellow_Leaf_Curl_Virus,Tomato___Tomato_Yellow_Leaf_Curl_Virus,True,True,0.9476658323300661,True,1.0,0.0016783465012472519,0.005408107616796946,0.32747720860049745,False,0.0
Hybrid_CNN_ViT,Field-Test,3cb6ee9b-8550-4216-bde5-814807add4e5___PSU_CG 2395.JPG,Tomato___Tomato_mosaic_virus,Tomato___Tomato_mosaic_virus,True,True,0.8580823905402051,True,1.0,0.11547312896787072,0.14337746025075296,0.9385794935666437,False,0.4587485053806297
Hybrid_CNN_ViT,Field-Test,aab31aa2-ac8f-46a1-9b9b-7b728a776e8d___PSU_CG 2250.JPG,Tomato___Tomato_mosaic_virus,Tomato___Tomato_mosaic_virus,True,True,0.8992865640969022,True,1.0,0.019147966216312547,0.03771805752003772,0.5645146659338766,False,0.016141889198884016
Hybrid_CNN_ViT,Field-Test,8babd25a-f124-4d1f-a57a-5db347b34f0d___PSU_CG 2355.JPG,Tomato___Tomato_mosaic_virus,Tomato___Tomato_mosaic_virus,True,True,0.9523997129945243,True,1.0,0.02170004542630083,0.036596251115739366,0.6225937951909252,False,0.09306496612196094
Hybrid_CNN_ViT,Field-Test,feabce4c-9bb1-4fca-bcbf-368cacd40a68___PSU_CG 2115.JPG,Tomato___Tomato_mosaic_virus,Tomato___Tomato_mosaic_virus,True,True,0.9059140346669737,True,1.0,0.013596945862989856,0.026832298136645963,0.5593665726532374,False,0.01853328019131128
Hybrid_CNN_ViT,Field-Test,f833998e-f306-4f40-b702-3d4ab8f4ad27___PSU_CG 2331.JPG,Tomato___Tomato_mosaic_virus,Tomato___Tomato_mosaic_virus,True,True,0.930257510201948,True,1.0,0.0016954926902595993,0.006084859116324964,0.29953129868426687,False,0.0
Hybrid_CNN_ViT,Field-Test,5c049070-cf7f-4508-8e61-c5efb64bca3c___PSU_CG 2326.JPG,Tomato___Tomato_mosaic_virus,Tomato___Tomato_mosaic_virus,True,True,0.9124744556661134,True,1.0,0.006523855381305546,0.013729372937293729,0.5207543514750719,False,0.012754085292945397
Hybrid_CNN_ViT,Field-Test,c5132603-ce86-45c0-b9f9-d35c07f4057f___PSU_CG 2256.JPG,Tomato___Tomato_mosaic_virus,Tomato___Tomato_mosaic_virus,True,True,0.9100541768927474,True,1.0,0.0059761998961548515,0.017861367400047314,0.3676572754839319,False,0.0
Hybrid_CNN_ViT,Field-Test,76d665fa-6aec-4c47-adac-069107b3cf46___PSU_CG 2268.JPG,Tomato___Tomato_mosaic_virus,Tomato___Tomato_mosaic_virus,True,True,0.9114135638973193,True,1.0,0.0065366608478179085,0.01362954886193267,0.5262098627911485,False,0.0
Hybrid_CNN_ViT,Field-Test,Healthy_314.jpg,Tomato___healthy,Tomato___healthy,True,True,0.9077763740058853,True,1.0,,0.0,,,
Hybrid_CNN_ViT,Field-Test,Healthy_307.jpg,Tomato___healthy,Tomato___healthy,True,True,0.9189950403623037,True,1.0,,0.0,,,
Hybrid_CNN_ViT,Field-Test,Healthy_143.jpg,Tomato___healthy,Tomato___healthy,True,True,0.9269250470358906,True,1.0,,0.0,,,
Hybrid_CNN_ViT,Field-Test,Healthy_106.jpg,Tomato___healthy,Tomato___healthy,True,True,0.8337979476686486,True,1.0,,0.0,,,
Hybrid_CNN_ViT,Field-Test,Healthy_9.jpg,Tomato___healthy,Tomato___healthy,True,True,0.9052345373235968,True,1.0,,0.0,,,
Hybrid_CNN_ViT,Field-Test,Healthy_363.jpg,Tomato___healthy,Tomato___Tomato_Yellow_Leaf_Curl_Virus,False,True,0.923459744527711,True,1.0,0.7774637973868469,0.823021582733813,1.0229419349048106,True,0.9625348744519729
Hybrid_CNN_ViT,Field-Test,Healthy_184.jpg,Tomato___healthy,Tomato___healthy,True,True,0.855571954083566,True,1.0,,0.0,,,
Hybrid_CNN_ViT,Field-Test,Healthy_72.jpg,Tomato___healthy,Tomato___healthy,True,True,0.8725905035288335,True,1.0,,0.0,,,
